Player,Rk,Nation,Pos,Squad,Age,Born,90s,CrdY,CrdR,2CrdY,Fls,Fld,Off,Crs,Int,TklW,PKwon,PKcon,OG,Recov,Won,Lost,Won%,Matches
Aaron Cresswell,112,engENG,DF,West Ham,35-130,1989,6.5,2,0,0,3,1,0,27,6,4,0,0,0,21,7,6,53.8,Matches
Aaron Ramsdale,418,engENG,GK,Southampton,26-345,1998,25.0,2,0,0,1,4,0,0,2,0,0,0,0,18,4,0,100.0,Matches
Aaron Wan-Bissaka,536,engENG,DF,West Ham,27-149,1997,30.0,1,0,0,22,23,4,61,57,43,0,0,1,153,22,28,44.0,Matches
Abdoulaye Doucouré,145,mlMLI,MF,Everton,32-113,1993,25.9,5,1,1,46,5,9,22,9,25,0,0,0,134,29,40,42.0,Matches
Abdukodir Khusanov,278,uzUZB,DF,Manchester City,21-054,2004,5.6,1,0,0,3,3,0,1,3,4,0,0,1,27,6,4,60.0,Matches
Abdul Fatawu Issahaku,174,ghGHA,FW,Leicester City,21-047,2004,6.4,0,0,0,11,20,2,30,4,15,0,0,0,38,14,13,51.9,Matches
Adam Armstrong,33,engENG,"FW,MF",Southampton,28-073,1997,13.9,4,0,0,12,5,9,14,3,3,0,0,0,23,5,9,35.7,Matches
Adam Lallana,292,engENG,MF,Southampton,36-349,1988,4.0,4,0,0,8,8,0,4,5,5,0,0,0,19,2,2,50.0,Matches
Adam Smith,472,engENG,DF,Bournemouth,33-360,1991,14.7,5,0,0,13,10,0,28,14,10,0,0,0,40,12,12,50.0,Matches
Adam Webster,542,engENG,DF,Brighton,30-110,1995,6.9,0,0,0,5,2,1,1,14,5,0,1,0,20,17,4,81.0,Matches
Adam Wharton,546,engENG,MF,Crystal Palace,20-326,2004,14.0,2,0,0,12,21,0,35,18,14,0,0,0,96,7,16,30.4,Matches
Adama Traoré,512,esESP,"FW,MF",Fulham,29-089,1996,16.9,2,0,0,20,29,1,84,1,12,0,0,0,75,24,25,49.0,Matches
Albert Grønbaek,212,dkDEN,"FW,MF",Southampton,23-336,2001,1.6,0,0,0,0,1,0,1,0,1,0,0,0,6,2,0,100.0,Matches
Alejandro Garnacho,193,arARG,"MF,FW",Manchester Utd,20-297,2004,21.8,2,0,0,10,38,9,47,11,18,0,0,0,102,3,23,11.5,Matches
Alex Iwobi,249,ngNGA,"FW,MF",Fulham,28-356,1996,29.3,1,0,0,16,16,4,109,11,21,0,0,0,122,5,29,14.7,Matches
Alex McCarthy,336,engENG,GK,Southampton,35-142,1989,5.0,0,0,0,0,1,0,0,0,0,0,0,0,4,2,0,100.0,Matches
Alex Palmer,399,engENG,GK,Ipswich Town,28-257,1996,9.0,2,0,0,1,1,0,0,0,0,0,0,0,13,3,0,100.0,Matches
Alex Scott,457,engENG,MF,Bournemouth,21-246,2003,6.8,2,0,0,9,24,0,3,9,12,0,0,0,45,5,6,45.5,Matches
Alexander Isak,248,seSWE,FW,Newcastle Utd,25-215,1999,26.8,1,0,0,24,12,20,15,3,5,1,0,0,52,25,47,34.7,Matches
Alexis Mac Allister,312,arARG,MF,Liverpool,26-121,1998,27.5,6,0,0,59,39,2,80,21,54,0,0,0,138,18,33,35.3,Matches
Alfie Dorrington,144,engENG,DF,Tottenham,20-004,2005,0.2,0,0,0,0,0,0,0,0,0,0,0,0,3,0,0,N/a,Matches
Alfie Pond,413,engENG,DF,Wolves,21-054,2004,0.0,0,0,0,0,0,0,0,0,0,0,0,0,0,0,0,N/a,Matches
Ali Al Hamadi,223,iqIRQ,FW,Ipswich Town,23-054,2002,1.5,3,0,0,8,3,1,0,0,0,0,0,0,4,5,9,35.7,Matches
Alisson,16,brBRA,GK,Liverpool,32-204,1992,22.9,0,0,0,0,2,0,0,0,0,0,0,0,41,6,0,100.0,Matches
Alphonse Areola,31,frFRA,GK,West Ham,32-056,1993,21.1,0,0,0,0,0,0,0,0,2,0,0,1,26,2,0,100.0,Matches
Altay Bayındır,48,trTUR,GK,Manchester Utd,27-010,1998,1.0,0,0,0,0,0,0,0,0,0,0,0,0,0,1,1,50.0,Matches
Amad Diallo,130,ciCIV,"FW,MF",Manchester Utd,22-287,2002,17.7,3,0,0,19,23,9,38,11,26,1,0,0,93,9,15,37.5,Matches
Amadou Onana,390,beBEL,MF,Aston Villa,23-251,2001,15.0,4,0,0,30,23,0,1,24,24,0,0,0,64,25,18,58.1,Matches
Andreas Pereira,405,brBRA,MF,Fulham,29-113,1996,20.4,7,0,0,26,22,1,158,8,12,1,0,0,97,12,20,37.5,Matches
Andrew Robertson,432,sctSCO,DF,Liverpool,31-044,1994,24.6,3,1,0,10,7,2,131,20,22,0,1,1,89,6,12,33.3,Matches
André,26,brBRA,MF,Wolves,23-282,2001,23.2,7,0,0,34,32,0,0,29,42,0,1,0,166,2,6,25.0,Matches
André Onana,391,cmCMR,GK,Manchester Utd,29-022,1996,32.0,0,0,0,0,2,0,0,0,1,0,0,0,30,6,0,100.0,Matches
Andrés García,192,esESP,"DF,MF",Aston Villa,22-076,2003,3.5,0,0,0,1,0,0,18,2,5,0,0,0,15,0,6,0.0,Matches
Andy Irving,247,sctSCO,MF,West Ham,24-346,2000,1.8,2,0,0,6,1,0,2,1,4,0,0,0,10,1,1,50.0,Matches
Anthony Elanga,159,seSWE,FW,Nott'ham Forest,22-362,2002,22.8,1,0,0,7,32,13,142,5,12,0,0,0,79,22,33,40.0,Matches
Anthony Gordon,206,engENG,FW,Newcastle Utd,24-059,2001,24.2,2,0,0,19,62,7,119,6,17,1,0,0,91,5,7,41.7,Matches
Antoine Semenyo,460,ghGHA,FW,Bournemouth,25-107,2000,31.4,9,0,0,64,36,14,52,8,33,1,0,0,142,60,71,45.8,Matches
Antonee Robinson,433,usUSA,DF,Fulham,27-259,1997,32.2,8,0,0,30,17,6,158,56,56,0,0,0,142,45,25,64.3,Matches
Antony,28,brBRA,"DF,MF",Manchester Utd,25-059,2000,1.6,0,0,0,2,5,0,5,2,3,0,0,0,11,0,1,0.0,Matches
Antonín Kinský,281,czCZE,GK,Tottenham,22-042,2003,4.0,0,0,0,0,0,0,0,0,1,0,0,0,4,2,0,100.0,Matches
Archie Gray,208,engENG,"DF,MF",Tottenham,19-043,2006,15.0,0,0,0,9,11,0,12,10,6,0,0,1,56,9,8,52.9,Matches
Arijanet Muric,364,xkKVX,GK,Ipswich Town,26-168,1998,18.0,1,0,0,0,4,0,0,0,0,0,0,0,26,11,1,91.7,Matches
Armando Broja,70,alALB,FW,Everton,23-226,2001,3.7,1,0,0,6,4,3,1,1,1,0,0,0,9,18,21,46.2,Matches
Armel Bella Kotchap,50,deGER,DF,Southampton,23-134,2001,3.7,0,0,0,3,2,0,0,5,5,0,0,0,19,6,5,54.5,Matches
Asher Agbinone,7,engENG,MF,Crystal Palace,19-208,2005,0.1,0,0,0,0,0,0,1,0,1,0,0,0,0,0,1,0.0,Matches
Ashley Young,563,engENG,"DF,FW",Everton,39-289,1985,17.6,6,1,0,24,17,0,63,22,28,0,0,0,60,10,10,50.0,Matches
Axel Disasi,136,frFRA,DF,Aston Villa,27-044,1998,5.4,2,0,0,3,2,2,1,5,5,0,0,0,15,8,6,57.1,Matches
Axel Tuanzebe,519,cdCOD,DF,Ipswich Town,27-161,1997,16.1,5,1,1,12,11,0,6,21,17,0,0,1,43,15,16,48.4,Matches
Ayden Heaven,228,engENG,DF,Manchester Utd,18-214,2006,1.1,0,0,0,2,3,0,0,1,3,0,0,0,4,1,2,33.3,Matches
Bart Verbruggen,529,nlNED,GK,Brighton,22-249,2002,31.0,5,0,0,0,2,0,0,0,0,0,0,0,57,10,1,90.9,Matches
Ben Brereton,68,clCHI,FW,Southampton,26-006,1999,5.0,1,0,0,4,8,1,5,0,2,0,0,0,16,9,7,56.3,Matches
Ben Chilwell,96,engENG,DF,Crystal Palace,28-124,1996,1.5,1,0,0,2,2,2,3,4,4,0,0,0,12,3,3,50.0,Matches
Ben Davies,122,wlsWAL,DF,Tottenham,32-000,1993,10.5,3,0,0,11,4,0,4,10,9,0,0,0,31,41,33,55.4,Matches
Ben Godfrey,198,engENG,DF,Ipswich Town,27-099,1998,1.2,1,0,0,1,0,0,0,2,0,0,0,0,2,2,0,100.0,Matches
Ben Johnson,261,engENG,"DF,FW",Ipswich Town,25-090,2000,14.6,3,0,0,25,6,1,36,13,22,0,0,0,55,19,18,51.4,Matches
Ben Mee,340,engENG,DF,Brentford,35-215,1989,2.0,2,0,0,5,0,0,0,4,2,0,0,0,11,5,5,50.0,Matches
Ben White,547,engENG,DF,Arsenal,27-198,1997,9.5,2,0,0,8,4,1,10,12,8,0,0,0,24,11,3,78.6,Matches
Ben Winterburn,555,engENG,"FW,MF",Bournemouth,20-232,2004,0.3,0,0,0,0,1,0,0,2,0,0,0,0,2,1,0,100.0,Matches
Benoît Badiashile,42,frFRA,DF,Chelsea,24-029,2001,3.7,0,0,0,6,2,0,0,6,6,0,0,0,18,8,2,80.0,Matches
Bernardo Silva,465,ptPOR,"MF,FW",Manchester City,30-257,1994,25.7,7,0,0,25,27,3,50,19,32,0,0,0,90,5,10,33.3,Matches
Bernd Leno,297,deGER,GK,Fulham,33-051,1992,33.0,4,0,0,0,3,0,0,0,2,0,0,0,47,9,0,100.0,Matches
Beto,57,gwGNB,FW,Everton,27-083,1998,12.5,2,0,0,28,16,14,3,3,6,0,0,0,29,72,83,46.5,Matches
Bilal El Khannouss,277,maMAR,MF,Leicester City,20-349,2004,20.4,4,0,0,27,9,0,74,6,25,0,0,0,81,19,18,51.4,Matches
Billy Gilmour,197,sctSCO,MF,Brighton,23-317,2001,1.1,0,0,0,2,3,0,1,0,3,0,0,0,5,0,0,N/a,Matches
Bobby Reid,426,jmJAM,FW,Leicester City,32-081,1993,7.8,2,0,0,9,9,4,15,0,4,1,0,0,27,6,14,30.0,Matches
Boubacar Kamara,271,frFRA,MF,Aston Villa,25-152,1999,15.3,2,0,0,23,26,0,1,16,19,0,0,0,67,16,21,43.2,Matches
Boubacar Traoré,513,mlMLI,MF,Wolves,23-247,2001,0.0,0,0,0,0,0,0,0,0,0,0,0,0,0,0,1,0.0,Matches
Boubakary Soumaré,479,frFRA,MF,Leicester City,26-056,1999,21.2,8,0,0,20,20,0,8,24,17,0,0,0,128,19,9,67.9,Matches
Brajan Gruda,211,deGER,"FW,MF",Brighton,20-328,2004,5.5,0,0,0,6,9,1,17,2,5,0,0,0,18,3,4,42.9,Matches
Brandon Austin,37,engENG,GK,Tottenham,26-106,1999,1.0,0,0,0,0,2,0,0,0,0,0,0,0,1,2,0,100.0,Matches
Brennan Johnson,262,wlsWAL,FW,Tottenham,23-336,2001,22.1,5,0,0,25,24,9,51,4,26,2,0,0,58,7,20,25.9,Matches
Bruno Fernandes,178,ptPOR,MF,Manchester Utd,30-228,1994,29.6,4,2,1,26,37,2,164,25,44,0,0,0,187,20,27,42.6,Matches
Bruno Guimarães,216,brBRA,MF,Newcastle Utd,27-159,1997,31.4,6,0,0,53,98,2,21,27,41,0,0,0,156,16,15,51.6,Matches
Bryan Mbeumo,333,cmCMR,FW,Brentford,25-260,1999,32.9,2,0,0,22,40,11,171,14,26,0,0,0,137,31,68,31.3,Matches
Bukayo Saka,442,engENG,"FW,MF",Arsenal,23-231,2001,16.2,3,0,0,13,35,5,109,2,13,1,0,0,61,8,19,29.6,Matches
Caleb Kporha,287,engENG,DF,Crystal Palace,18-283,2006,0.1,0,0,0,0,0,0,2,0,1,0,0,0,1,0,1,0.0,Matches
Caleb Okoli,388,itITA,DF,Leicester City,23-285,2001,12.5,4,0,0,16,9,0,1,15,14,0,0,0,44,23,21,52.3,Matches
Callum Hudson-Odoi,239,engENG,"FW,MF",Nott'ham Forest,24-168,2000,23.4,2,0,0,12,21,8,74,13,14,1,0,0,90,3,10,23.1,Matches
Callum Wilson,552,engENG,FW,Newcastle Utd,33-056,1992,2.8,1,0,0,2,1,1,1,1,2,0,0,0,10,2,12,14.3,Matches
Calvin Bassey,47,ngNGA,DF,Fulham,25-114,1999,30.2,6,0,0,22,30,2,5,18,32,0,0,0,148,38,30,55.9,Matches
Cameron Archer,30,engENG,FW,Southampton,23-277,2001,14.8,0,0,0,16,12,7,3,2,7,0,0,0,33,8,27,22.9,Matches
Cameron Burgess,75,auAUS,DF,Ipswich Town,29-185,1995,14.1,0,0,0,4,4,1,0,13,8,0,0,0,35,38,19,66.7,Matches
Caoimhín Kelleher,274,ieIRL,GK,Liverpool,26-152,1998,10.0,0,0,0,0,3,0,0,0,0,0,0,0,18,1,0,100.0,Matches
Carlos Alcaraz,13,arARG,MF,Southampton,22-145,2002,0.1,0,0,0,1,0,0,1,1,0,0,0,0,2,1,0,100.0,Matches
Carlos Baleba,44,cmCMR,MF,Brighton,21-111,2004,24.7,8,1,1,37,42,0,8,39,37,0,2,0,163,37,21,63.8,Matches
Carlos Forbs,184,ptPOR,"MF,FW",Wolves,21-036,2004,2.6,2,0,0,2,1,0,9,1,5,0,0,0,11,1,3,25.0,Matches
Carlos Soler,475,esESP,"MF,FW",West Ham,28-112,1997,15.0,5,0,0,24,17,0,31,8,10,0,0,0,63,9,11,45.0,Matches
Carlos Vinícius,532,brBRA,"FW,MF",Fulham,30-030,1995,0.1,0,0,0,0,1,0,0,0,0,0,0,0,0,0,0,N/a,Matches
Casemiro,86,brBRA,MF,Manchester Utd,33-060,1992,14.1,3,0,0,15,18,3,19,12,43,0,0,0,82,28,17,62.2,Matches
Chadi Riad,428,maMAR,DF,Crystal Palace,21-311,2003,1.0,0,0,0,1,0,0,0,2,2,0,0,0,4,2,4,33.3,Matches
Charlie Taylor,497,engENG,DF,Southampton,31-218,1993,3.0,1,0,0,2,2,0,9,3,5,0,0,0,7,4,2,66.7,Matches
Cheick Doucouré,146,mlMLI,MF,Crystal Palace,25-106,2000,5.0,1,0,0,7,7,0,1,11,8,0,0,0,31,5,5,50.0,Matches
Chidozie Obi-Martin,385,dkDEN,FW,Manchester Utd,17-146,2007,0.5,1,0,0,0,0,0,0,0,0,0,0,0,7,1,1,50.0,Matches
Chiedozie Ogbene,387,ieIRL,FW,Ipswich Town,27-358,1997,2.6,0,0,0,2,7,1,4,1,3,0,0,0,6,1,6,14.3,Matches
Chiquinho,97,ptPOR,MF,Wolves,25-078,2000,0.1,0,0,0,1,0,0,1,0,0,0,0,0,1,0,0,N/a,Matches
Chris Richards,430,usUSA,DF,Crystal Palace,25-027,2000,17.4,4,1,1,11,4,1,1,10,27,1,0,0,48,33,35,48.5,Matches
Chris Wood,557,nzNZL,FW,Nott'ham Forest,33-138,1991,27.9,1,0,0,22,20,24,1,5,4,0,0,0,40,80,117,40.6,Matches
Christian Eriksen,165,dkDEN,MF,Manchester Utd,33-069,1992,11.0,4,0,0,8,3,0,74,7,9,0,0,0,59,2,5,28.6,Matches
Christian Nørgaard,381,dkDEN,MF,Brentford,31-045,1994,26.3,5,1,0,37,26,1,13,42,44,0,0,0,173,40,29,58.0,Matches
Christian Walton,535,engENG,GK,Ipswich Town,29-166,1995,6.0,0,0,0,0,1,0,0,0,0,0,0,0,5,2,0,100.0,Matches
Christopher Nkunku,376,frFRA,FW,Chelsea,27-161,1997,10.2,2,0,0,16,11,3,4,7,8,0,0,0,29,16,22,42.1,Matches
Cody Gakpo,190,nlNED,FW,Liverpool,25-352,1999,17.3,4,0,0,16,20,5,61,9,12,1,0,0,58,15,21,41.7,Matches
Cole Palmer,400,engENG,MF,Chelsea,22-353,2002,30.5,6,0,0,12,55,6,130,8,15,1,0,0,91,1,7,12.5,Matches
Conor Bradley,65,nirNIR,DF,Liverpool,21-289,2003,5.9,3,0,0,8,10,0,5,3,8,0,0,0,34,7,6,53.8,Matches
Conor Chaplin,93,engENG,"MF,FW",Ipswich Town,28-067,1997,6.9,1,0,0,10,5,0,9,3,5,0,0,0,23,2,8,20.0,Matches
Conor Coady,103,engENG,DF,Leicester City,32-058,1993,14.0,2,0,0,5,2,1,0,11,8,0,2,0,44,12,16,42.9,Matches
Conor Townsend,511,engENG,DF,Ipswich Town,32-051,1993,3.7,1,0,0,2,4,0,12,4,8,0,0,0,8,6,4,60.0,Matches
Craig Dawson,124,engENG,DF,Wolves,34-353,1990,10.8,2,0,0,6,5,2,0,9,3,0,0,2,35,21,11,65.6,Matches
Cristian Romero,439,arARG,DF,Tottenham,26-362,1998,15.7,3,0,0,14,12,2,3,21,29,0,0,0,90,41,27,60.3,Matches
Crysencio Summerville,491,nlNED,"FW,MF",West Ham,23-176,2001,8.7,2,0,0,9,23,4,21,0,7,0,0,0,38,4,9,30.8,Matches
Curtis Jones,264,engENG,"MF,DF",Liverpool,24-084,2001,15.7,3,1,1,15,21,1,6,5,17,1,0,0,75,13,12,52.0,Matches
Daichi Kamada,270,jpJPN,MF,Crystal Palace,28-262,1996,14.9,3,1,0,25,17,2,27,16,25,0,0,0,67,3,12,20.0,Matches
Dan Burn,76,engENG,DF,Newcastle Utd,32-350,1992,32.0,9,0,0,27,11,4,2,25,18,0,0,2,87,122,61,66.7,Matches
Dane Scarlett,453,engENG,"FW,MF",Tottenham,21-031,2004,0.4,0,0,0,0,1,1,0,0,0,0,0,0,3,1,0,100.0,Matches
Dango Ouattara,397,bfBFA,FW,Bournemouth,23-072,2002,20.5,2,0,0,15,17,13,80,8,23,0,0,0,83,41,57,41.8,Matches
Daniel Bentley,53,engENG,GK,Wolves,31-285,1993,1.0,0,0,0,0,0,0,0,0,0,0,0,0,1,2,0,100.0,Matches
Daniel Jebbison,254,engENG,FW,Bournemouth,21-254,2003,0.8,1,0,0,2,2,0,1,1,1,0,0,0,7,2,9,18.2,Matches
Daniel Muñoz,363,coCOL,DF,Crystal Palace,28-333,1996,31.9,9,0,0,47,19,13,60,39,70,0,0,0,149,56,73,43.4,Matches
Daniel Podence,412,ptPOR,"MF,FW",Wolves,29-185,1995,0.5,0,0,0,0,2,0,1,0,0,0,0,0,1,0,1,0.0,Matches
Danilo,119,brBRA,"MF,FW",Nott'ham Forest,23-360,2001,3.0,0,0,0,1,0,0,3,3,3,0,0,0,18,1,1,50.0,Matches
Danny Ings,245,engENG,"FW,MF",West Ham,32-275,1992,3.2,0,0,0,0,2,0,3,1,2,1,0,0,9,8,10,44.4,Matches
Danny Ward,537,wlsWAL,GK,Leicester City,31-306,1993,1.5,0,0,0,0,0,0,0,0,0,0,0,0,1,0,0,N/a,Matches
Danny Welbeck,543,engENG,FW,Brighton,34-149,1990,19.6,4,0,0,10,20,2,3,5,13,0,0,0,35,15,23,39.5,Matches
Dara O'Shea,384,ieIRL,DF,Ipswich Town,26-051,1999,29.7,6,0,0,15,21,3,5,31,25,0,0,0,98,97,73,57.1,Matches
Darwin Núñez,379,uyURU,FW,Liverpool,25-304,1999,11.2,8,0,0,26,14,11,2,3,15,1,0,0,37,15,29,34.1,Matches
David Brooks,71,wlsWAL,"FW,MF",Bournemouth,27-290,1997,9.1,3,0,0,8,15,0,44,5,4,0,0,0,44,7,9,43.8,Matches
David Raya,422,esESP,GK,Arsenal,29-221,1995,34.0,2,0,0,1,8,0,0,2,0,0,1,0,38,10,0,100.0,Matches
Dean Henderson,231,engENG,GK,Crystal Palace,28-043,1997,34.0,3,0,0,0,0,0,0,0,1,0,0,0,25,11,1,91.7,Matches
Dean Huijsen,241,esESP,DF,Bournemouth,20-010,2005,22.8,7,0,0,26,9,2,12,49,23,0,0,0,91,61,41,59.8,Matches
Declan Rice,429,engENG,MF,Arsenal,26-100,1999,28.6,7,1,1,19,15,1,155,24,22,0,0,0,139,30,23,56.6,Matches
Dejan Kulusevski,290,seSWE,"MF,FW",Tottenham,24-364,2000,24.8,3,0,0,41,33,5,88,12,23,0,0,0,112,10,14,41.7,Matches
Destiny Udogie,520,itITA,DF,Tottenham,22-147,2002,19.4,2,0,0,29,36,2,19,19,44,0,0,0,103,13,13,50.0,Matches
Diego Carlos,84,brBRA,DF,Aston Villa,32-040,1993,9.2,1,0,0,11,1,1,0,5,3,0,0,0,36,11,10,52.4,Matches
Diego Gómez,203,pyPAR,MF,Brighton,22-028,2003,4.8,0,0,0,7,2,1,9,7,10,0,0,0,29,7,3,70.0,Matches
Diogo Dalot,117,ptPOR,DF,Manchester Utd,26-037,1999,31.0,5,0,0,40,9,4,65,37,39,0,1,0,164,38,21,64.4,Matches
Diogo Jota,266,ptPOR,FW,Liverpool,28-141,1996,11.9,2,0,0,18,12,1,8,6,7,1,0,0,38,21,28,42.9,Matches
Divin Mubama,359,engENG,FW,Manchester City,20-181,2004,0.3,0,0,0,0,0,0,0,0,0,0,0,0,1,0,1,0.0,Matches
Djed Spence,480,engENG,DF,Tottenham,24-258,2000,15.8,4,1,1,18,23,2,22,17,29,0,0,1,84,17,12,58.6,Matches
Dominic Calvert-Lewin,83,engENG,FW,Everton,28-039,1997,17.5,2,0,0,27,22,27,6,6,7,0,0,0,32,83,79,51.2,Matches
Dominic Solanke,474,engENG,FW,Tottenham,27-222,1997,22.8,0,0,0,36,36,5,4,0,11,0,0,1,37,41,55,42.7,Matches
Dominik Szoboszlai,493,huHUN,MF,Liverpool,24-181,2000,24.3,6,0,0,35,21,4,33,9,20,0,0,0,117,18,22,45.0,Matches
Donyell Malen,320,nlNED,FW,Aston Villa,26-105,1999,3.0,0,0,0,1,4,2,7,0,4,0,0,0,8,3,4,42.9,Matches
Dwight McNeil,338,engENG,"MF,FW",Everton,25-153,1999,12.9,1,0,0,6,13,1,91,5,6,0,0,0,64,3,14,17.6,Matches
Eberechi Eze,171,engENG,"MF,FW",Crystal Palace,26-299,1998,26.0,1,0,0,11,46,9,100,11,22,0,0,0,128,6,36,14.3,Matches
Eddie Nketiah,375,engENG,"FW,MF",Crystal Palace,25-329,1999,9.8,5,1,1,25,23,3,5,2,5,1,0,0,21,18,31,36.7,Matches
Ederson,153,brBRA,GK,Manchester City,31-250,1993,21.8,3,0,0,1,0,0,0,1,0,0,1,0,37,4,1,80.0,Matches
Edmond-Paris Maghoma,316,engENG,"MF,FW",Brentford,23-351,2001,1.3,0,0,0,2,4,0,3,1,1,0,0,0,7,1,3,25.0,Matches
Edson Álvarez,18,mxMEX,MF,West Ham,27-182,1997,18.1,8,1,1,37,18,4,6,16,23,0,0,0,78,28,20,58.3,Matches
Eiran Cashin,89,ieIRL,DF,Brighton,23-166,2001,0.2,0,0,0,0,0,0,1,0,0,0,0,0,1,2,1,66.7,Matches
Elliot Anderson,25,engENG,MF,Nott'ham Forest,22-169,2002,25.7,6,0,0,37,54,4,70,26,50,0,0,0,177,42,21,66.7,Matches
Emerson Palmieri,401,itITA,DF,West Ham,30-264,1994,21.4,5,0,0,22,13,0,61,19,29,0,0,0,82,15,18,45.5,Matches
Emi Buendía,72,arARG,"MF,FW",Aston Villa,28-120,1996,1.1,1,0,0,4,6,0,0,0,6,0,0,0,8,0,2,0.0,Matches
Emil Krafth,288,seSWE,DF,Newcastle Utd,30-265,1994,3.2,0,0,0,3,1,0,1,2,2,0,0,0,17,5,5,50.0,Matches
Emile Smith Rowe,473,engENG,MF,Fulham,24-270,2000,20.3,2,0,0,17,12,4,13,10,17,0,0,0,64,6,16,27.3,Matches
Emiliano Martínez,326,arARG,GK,Aston Villa,32-234,1992,32.0,4,0,0,1,5,0,0,0,3,0,0,0,28,8,1,88.9,Matches
Emmanuel Agbadou,6,ciCIV,DF,Wolves,27-311,1997,10.7,2,0,0,5,4,1,1,9,15,0,0,0,55,20,14,58.8,Matches
Enes Ünal,523,trTUR,"FW,MF",Bournemouth,27-349,1997,3.8,2,0,0,6,9,1,4,0,0,0,0,0,16,24,22,52.2,Matches
Enzo Fernández,180,arARG,MF,Chelsea,24-097,2001,27.8,7,0,0,45,44,1,100,11,29,0,0,0,134,13,27,32.5,Matches
Eric da Silva Moreira,467,deGER,"MF,DF",Nott'ham Forest,18-356,2006,0.3,0,0,0,0,0,0,0,1,2,0,0,0,2,0,0,N/a,Matches
Erling Haaland,221,noNOR,FW,Manchester City,24-277,2000,27.6,2,0,0,22,12,4,3,5,5,0,0,0,29,49,45,52.1,Matches
Ethan Nwaneri,380,engENG,"FW,MF",Arsenal,18-034,2007,9.1,1,0,0,7,5,6,51,2,7,0,0,0,33,3,7,30.0,Matches
Ethan Pinnock,411,jmJAM,DF,Brentford,31-330,1993,21.3,2,0,0,8,4,0,9,24,19,0,1,1,50,63,43,59.4,Matches
Evan Ferguson,176,ieIRL,FW,West Ham,20-187,2004,1.6,0,0,0,1,2,0,0,1,0,0,0,0,8,5,8,38.5,Matches
Evanilson,168,brBRA,FW,Bournemouth,25-200,1999,21.1,0,0,0,28,40,16,0,0,9,5,0,0,55,38,55,40.9,Matches
Ezri Konsa,285,engENG,DF,Aston Villa,27-183,1997,28.6,0,0,0,6,42,0,5,21,17,0,0,0,86,27,21,56.3,Matches
Fabian Schär,455,chSUI,DF,Newcastle Utd,33-125,1991,27.7,7,1,0,31,12,4,9,40,19,0,0,0,121,36,59,37.9,Matches
Fabio Carvalho,85,ptPOR,"FW,MF",Brentford,22-237,2002,5.1,1,0,0,5,10,1,10,3,9,0,0,0,30,2,6,25.0,Matches
Facundo Buonanotte,74,arARG,"FW,MF",Leicester City,20-122,2004,15.9,7,0,0,33,32,3,41,10,28,0,0,0,75,16,33,32.7,Matches
Federico Chiesa,95,itITA,FW,Liverpool,27-181,1997,0.4,0,0,0,2,1,0,2,0,0,0,0,0,4,0,0,N/a,Matches
Ferdi Kadioglu,269,trTUR,"DF,MF",Brighton,25-199,1999,4.3,1,0,0,5,3,1,9,8,6,0,0,0,14,3,1,75.0,Matches
Filip Jørgensen,268,dkDEN,GK,Chelsea,23-008,2002,6.0,0,0,0,1,1,0,0,0,0,0,1,0,5,0,0,N/a,Matches
Flynn Downes,147,engENG,MF,Southampton,26-094,1999,18.9,10,0,0,44,31,0,3,30,22,0,0,0,69,11,12,47.8,Matches
Frank Onyeka,393,ngNGA,MF,Brentford,27-113,1998,0.3,0,0,0,2,0,0,0,0,0,0,0,0,2,0,0,N/a,Matches
Fraser Forster,185,engENG,GK,Tottenham,37-038,1988,7.0,0,0,0,0,0,0,0,0,0,0,0,0,1,1,0,100.0,Matches
Gabriel Jesus,256,brBRA,FW,Arsenal,28-021,1997,6.8,4,0,0,14,10,9,7,4,6,0,0,0,28,9,18,33.3,Matches
Gabriel Magalhães,315,brBRA,DF,Arsenal,27-126,1997,26.3,4,0,0,19,19,0,9,16,15,1,0,0,63,53,37,58.9,Matches
Gabriel Martinelli,325,brBRA,"FW,MF",Arsenal,23-310,2001,21.7,1,0,0,14,19,8,80,4,14,0,0,0,70,14,29,32.6,Matches
George Edmundson,154,engENG,DF,Ipswich Town,27-236,1997,0.0,0,0,0,0,0,0,0,0,0,0,0,0,0,0,0,N/a,Matches
George Hirst,237,sctSCO,FW,Ipswich Town,26-068,1999,5.0,1,0,0,11,9,2,3,2,2,0,0,0,8,29,16,64.4,Matches
Georginio Rutter,440,frFRA,"MF,FW",Brighton,23-004,2002,18.4,2,0,0,34,45,7,9,10,15,0,1,0,66,25,46,35.2,Matches
Gonçalo Guedes,213,ptPOR,"MF,FW",Wolves,28-146,1996,8.6,1,0,0,14,15,3,16,5,4,0,0,0,34,3,10,23.1,Matches
Guglielmo Vicario,531,itITA,GK,Tottenham,28-199,1996,21.0,1,0,0,0,1,0,0,1,0,0,0,0,30,9,0,100.0,Matches
Guido Rodríguez,436,arARG,MF,West Ham,31-012,1994,11.3,5,0,0,15,11,1,4,12,16,0,0,0,46,8,7,53.3,Matches
Gustavo Nunes,377,brBRA,"MF,FW",Brentford,19-155,2005,0.0,0,0,0,0,0,0,0,0,0,0,0,0,0,0,0,N/a,Matches
Hamza Choudhury,98,bdBAN,"MF,DF",Leicester City,27-205,1997,1.5,0,0,0,1,0,0,5,5,1,0,0,0,2,0,0,N/a,Matches
Harrison Armstrong,34,engENG,MF,Everton,18-095,2007,0.5,1,0,0,2,2,0,1,0,0,0,0,0,2,0,2,0.0,Matches
Harrison Reed,423,engENG,MF,Fulham,30-087,1995,1.0,2,0,0,6,2,0,5,1,3,0,1,0,10,1,2,33.3,Matches
Harry Amass,20,engENG,DF,Manchester Utd,18-039,2007,1.8,0,0,0,2,3,1,4,1,1,0,0,0,10,5,1,83.3,Matches
Harry Clarke,100,engENG,DF,Ipswich Town,24-053,2001,4.2,3,1,1,5,1,0,5,4,3,0,1,0,17,10,4,71.4,Matches
Harry Maguire,317,engENG,DF,Manchester Utd,32-050,1993,15.8,7,0,0,16,6,1,2,36,13,0,0,0,53,51,21,70.8,Matches
Harry Toffolo,507,engENG,DF,Nott'ham Forest,29-248,1995,1.5,1,0,0,1,0,0,4,2,3,0,0,0,2,1,0,100.0,Matches
Harry Wilson,553,wlsWAL,"FW,MF",Fulham,28-033,1997,9.5,2,0,0,10,16,0,30,5,7,1,0,0,39,4,16,20.0,Matches
Harry Winks,554,engENG,MF,Leicester City,29-081,1996,17.1,4,0,0,9,13,0,34,9,11,0,0,0,106,8,6,57.1,Matches
Harvey Barnes,46,engENG,FW,Newcastle Utd,27-136,1997,14.9,0,0,0,10,18,4,32,6,9,0,0,0,44,5,13,27.8,Matches
Harvey Elliott,160,engENG,"MF,FW",Liverpool,22-020,2003,2.0,0,0,0,0,0,1,10,1,2,0,0,0,10,1,1,50.0,Matches
Hwang Hee-chan,230,krKOR,"MF,FW",Wolves,29-088,1996,7.2,0,0,0,6,8,0,8,2,4,0,0,0,27,3,9,25.0,Matches
Hákon Rafn Valdimarsson,417,isISL,GK,Brentford,23-193,2001,1.6,0,0,0,0,0,0,0,0,0,0,0,0,1,1,0,100.0,Matches
Ian Maatsen,311,nlNED,DF,Aston Villa,23-045,2002,9.9,2,0,0,9,8,3,47,15,13,0,0,0,54,8,5,61.5,Matches
Ibrahim Sangaré,447,ciCIV,MF,Nott'ham Forest,27-143,1997,3.1,2,0,0,8,5,0,0,2,10,0,0,0,22,5,7,41.7,Matches
Ibrahima Konaté,284,frFRA,DF,Liverpool,25-334,1999,24.8,5,0,0,24,18,0,0,11,25,0,0,0,84,68,28,70.8,Matches
Idrissa Gana Gueye,191,snSEN,MF,Everton,35-210,1989,29.1,8,0,0,48,39,0,6,40,70,0,0,0,170,22,15,59.5,Matches
Igor,244,brBRA,DF,Brighton,27-076,1998,10.0,4,0,0,9,6,0,2,4,4,0,0,0,40,8,6,57.1,Matches
Iliman Ndiaye,368,snSEN,FW,Everton,25-049,2000,23.5,3,0,0,21,44,5,35,17,25,0,0,0,158,5,17,22.7,Matches
Illia Zabarnyi,564,uaUKR,DF,Bournemouth,22-235,2002,29.6,3,1,0,17,6,0,5,34,32,0,0,0,140,67,37,64.4,Matches
Ismaila Sarr,450,snSEN,"MF,FW",Crystal Palace,27-058,1998,26.6,4,0,0,12,49,11,50,8,10,1,0,0,99,31,46,40.3,Matches
Issa Diop,135,frFRA,DF,Fulham,28-105,1997,14.9,2,0,0,10,4,0,1,9,12,0,0,1,45,20,12,62.5,Matches
Jack Clarke,101,engENG,"FW,MF",Ipswich Town,24-152,2000,11.0,2,0,0,14,19,3,13,7,17,0,0,0,64,6,14,30.0,Matches
Jack Grealish,209,engENG,"FW,MF",Manchester City,29-226,1995,8.0,3,0,0,5,25,0,20,2,5,0,0,0,26,1,7,12.5,Matches
Jack Harrison,225,engENG,FW,Everton,28-155,1996,20.3,0,0,0,13,25,4,112,8,21,1,0,0,63,4,26,13.3,Matches
Jack Hinshelwood,236,engENG,"DF,MF",Brighton,20-013,2005,17.7,4,0,0,14,5,0,26,14,18,0,0,0,51,19,13,59.4,Matches
Jack Stephens,483,engENG,DF,Southampton,31-087,1994,11.9,2,2,0,12,3,1,0,11,18,0,1,0,39,6,6,50.0,Matches
Jack Taylor,498,ieIRL,MF,Ipswich Town,26-305,1998,6.7,3,0,0,14,4,0,6,6,7,0,0,0,40,7,5,58.3,Matches
Jacob Greaves,210,engENG,DF,Ipswich Town,24-224,2000,19.5,4,0,0,9,16,1,0,18,13,0,0,0,43,54,38,58.7,Matches
Jacob Murphy,366,engENG,FW,Newcastle Utd,30-059,1995,22.4,3,0,0,11,11,3,93,11,15,0,0,0,86,4,15,21.1,Matches
Jacob Ramsey,419,engENG,"FW,MF",Aston Villa,23-331,2001,16.5,2,0,0,12,24,5,10,7,15,1,0,0,74,6,10,37.5,Matches
Jaden Philogene Bidace,408,engENG,"FW,MF",Aston Villa,23-075,2002,3.7,4,1,1,12,8,1,4,3,5,0,0,0,21,0,5,0.0,Matches
Jadon Sancho,446,engENG,FW,Chelsea,25-030,2000,18.4,1,0,0,6,11,5,23,2,6,2,0,0,96,5,10,33.3,Matches
Jahmai Simpson-Pusey,468,engENG,DF,Manchester City,19-171,2005,1.1,1,0,0,0,1,0,0,0,0,0,0,0,3,1,3,25.0,Matches
Jake Evans,169,N/a,FW,Leicester City,N/a,N/a,0.0,0,0,0,0,0,0,0,0,0,0,0,0,0,0,0,N/a,Matches
Jake O'Brien,382,ieIRL,DF,Everton,23-344,2001,13.5,4,0,0,10,3,3,17,3,13,0,0,0,46,31,22,58.5,Matches
Jakub Kiwior,282,plPOL,DF,Arsenal,25-068,2000,8.5,0,0,0,8,3,0,1,2,6,0,0,0,18,8,7,53.3,Matches
Jakub Moder,351,plPOL,MF,Brighton,26-017,1999,0.1,0,0,0,0,0,0,1,0,0,0,0,0,2,0,1,0.0,Matches
Jakub Stolarczyk,486,plPOL,GK,Leicester City,24-126,2000,6.0,1,0,0,0,0,0,0,0,1,0,0,0,7,3,0,100.0,Matches
James Bree,67,engENG,DF,Southampton,27-195,1997,9.9,0,0,0,2,4,0,24,8,10,0,0,0,56,12,4,75.0,Matches
James Garner,194,engENG,"MF,DF",Everton,24-042,2001,12.7,3,0,0,16,12,0,48,16,22,0,0,0,58,10,8,55.6,Matches
James Hill,235,engENG,DF,Bournemouth,23-104,2002,5.0,1,0,0,7,5,0,10,9,8,0,0,0,13,14,12,53.8,Matches
James Justin,267,engENG,DF,Leicester City,27-060,1998,28.2,5,0,0,20,34,2,53,42,29,0,0,0,75,57,46,55.3,Matches
James Maddison,313,engENG,MF,Tottenham,28-152,1996,19.6,6,0,0,31,63,4,95,11,18,0,0,0,73,5,7,41.7,Matches
James Mcatee,334,engENG,"MF,FW",Manchester City,22-188,2002,3.3,1,0,0,5,2,0,5,2,2,0,0,0,8,2,3,40.0,Matches
James Milner,346,engENG,MF,Brighton,39-110,1986,1.9,1,0,0,3,1,0,8,2,2,0,0,0,2,0,1,0.0,Matches
James Tarkowski,495,engENG,DF,Everton,32-156,1992,32.5,6,0,0,35,28,2,1,41,40,0,1,0,98,102,33,75.6,Matches
James Ward-Prowse,539,engENG,MF,West Ham,30-174,1994,8.4,2,0,0,8,2,0,37,5,9,0,0,0,39,5,4,55.6,Matches
Jamie Vardy,525,engENG,FW,Leicester City,38-103,1987,27.6,5,0,0,20,19,23,10,3,13,1,0,0,34,47,50,48.5,Matches
Jan Bednarek,49,plPOL,DF,Southampton,29-012,1996,25.1,7,0,0,30,11,0,1,52,18,0,1,0,100,66,33,66.7,Matches
Jan Paul van Hecke,229,nlNED,DF,Brighton,24-320,2000,28.9,8,1,1,22,22,0,11,23,25,0,0,0,119,73,48,60.3,Matches
Jannik Vestergaard,530,dkDEN,DF,Leicester City,32-264,1992,15.5,5,0,0,12,4,0,0,16,10,0,0,1,46,26,19,57.8,Matches
Jarell Quansah,416,engENG,DF,Liverpool,22-085,2003,3.5,1,0,0,7,1,0,2,5,7,0,0,0,9,5,8,38.5,Matches
Jarrad Branthwaite,66,engENG,DF,Everton,22-301,2002,24.1,4,0,0,8,14,1,2,23,18,0,0,0,77,48,34,58.5,Matches
Jarrod Bowen,64,engENG,"FW,MF",West Ham,28-125,1996,28.2,1,0,0,17,46,8,95,16,23,0,0,0,117,9,41,18.0,Matches
Jason Steele,482,engENG,GK,Brighton,34-249,1990,2.0,0,0,0,0,1,0,0,0,0,0,0,0,7,1,1,50.0,Matches
Jay Robinson,434,engENG,MF,Southampton,18-040,2007,0.0,0,0,0,0,0,0,0,0,0,0,0,0,2,0,0,N/a,Matches
Jay Stansfield,481,engENG,MF,Fulham,22-151,2002,0.0,0,0,0,1,0,0,0,0,0,0,0,0,0,0,0,N/a,Matches
Jayden Danns,120,engENG,MF,Liverpool,19-098,2006,0.1,0,0,0,0,0,0,0,0,0,0,0,0,0,0,0,N/a,Matches
Jayden Meghoma,341,engENG,DF,Brentford,18-300,2006,0.1,0,0,0,0,0,0,0,0,0,0,0,0,1,0,0,N/a,Matches
Jean-Clair Todibo,506,frFRA,DF,West Ham,25-115,1999,15.5,2,0,0,10,5,0,2,20,22,0,0,0,57,23,23,50.0,Matches
Jean-Philippe Mateta,329,frFRA,FW,Crystal Palace,27-300,1997,27.1,2,0,0,27,26,17,24,2,12,0,0,0,60,59,95,38.3,Matches
Jean-Ricner Bellegarde,51,frFRA,"MF,FW",Wolves,26-301,1998,16.4,3,0,0,29,39,1,37,10,18,0,0,0,55,8,18,30.8,Matches
Jefferson Lerma,298,coCOL,"MF,DF",Crystal Palace,30-181,1994,22.6,8,0,0,34,35,0,11,36,15,0,0,0,139,39,38,50.6,Matches
Jeffrey Schlupp,456,ghGHA,"MF,DF",Crystal Palace,32-122,1992,1.1,0,0,0,1,0,0,4,0,0,0,0,0,6,3,4,42.9,Matches
Jens Cajuste,81,seSWE,MF,Ipswich Town,25-257,1999,19.7,2,0,0,21,21,0,9,25,19,0,0,0,98,12,20,37.5,Matches
Jeremy Doku,141,beBEL,"FW,MF",Manchester City,22-332,2002,14.5,1,0,0,7,30,5,48,4,19,0,0,0,52,0,10,0.0,Matches
Jeremy Monga,352,N/a,FW,Leicester City,N/a,N/a,0.3,0,0,0,0,0,0,1,0,0,0,0,0,1,0,1,0.0,Matches
Jeremy Sarmiento,449,ecECU,MF,Brighton,22-312,2002,0.1,0,0,0,0,0,0,0,0,0,0,0,0,1,0,0,N/a,Matches
Jesper Lindstrøm,305,dkDEN,FW,Everton,25-054,2000,13.8,2,0,0,15,10,1,71,12,25,0,0,0,70,6,12,33.3,Matches
Joachim Andersen,23,dkDEN,DF,Crystal Palace,28-328,1996,1.0,1,0,0,2,0,0,1,0,1,0,0,0,7,2,0,100.0,Matches
Joe Aribo,32,ngNGA,"MF,DF",Southampton,28-277,1996,21.2,1,0,0,20,28,1,10,20,30,0,1,0,110,25,21,54.3,Matches
Joe Gomez,204,engENG,DF,Liverpool,27-336,1997,5.8,1,0,0,2,3,0,2,7,10,0,0,0,34,9,4,69.2,Matches
Joe Lumley,309,engENG,GK,Southampton,30-068,1995,3.0,0,0,0,0,0,0,0,0,0,0,0,0,2,2,1,66.7,Matches
Joe Willock,551,engENG,"MF,FW",Newcastle Utd,25-247,1999,9.9,2,0,0,19,11,3,13,5,14,0,0,0,34,3,10,23.1,Matches
Joel Ward,538,engENG,DF,Crystal Palace,35-177,1989,0.0,0,0,0,0,0,0,0,0,0,0,0,0,0,1,0,100.0,Matches
Joelinton,260,brBRA,"MF,FW",Newcastle Utd,28-253,1996,26.6,10,0,0,58,35,7,16,23,35,0,0,0,149,59,46,56.2,Matches
John McGinn,337,sctSCO,"MF,FW",Aston Villa,30-188,1994,22.1,7,0,0,43,63,3,50,14,22,1,0,0,92,15,10,60.0,Matches
John Stones,487,engENG,"DF,MF",Manchester City,30-331,1994,6.1,1,0,0,2,2,0,0,4,2,0,0,0,22,8,6,57.1,Matches
Jonny Evans,170,nirNIR,DF,Manchester Utd,37-111,1988,3.2,1,0,0,5,6,0,0,4,5,0,0,0,15,8,3,72.7,Matches
Jordan Ayew,40,ghGHA,"FW,MF",Crystal Palace,33-225,1991,0.2,1,0,0,1,0,0,1,0,0,0,0,0,1,1,1,50.0,Matches
Jordan Pickford,410,engENG,GK,Everton,31-048,1994,33.0,7,0,0,0,6,0,0,1,0,0,0,0,29,4,1,80.0,Matches
Jorge Cuenca,114,esESP,DF,Fulham,25-158,1999,2.9,0,0,0,2,2,0,1,2,2,0,0,0,9,6,3,66.7,Matches
Jorginho,265,itITA,MF,Arsenal,33-125,1991,7.8,5,0,0,15,17,0,1,7,4,0,0,0,54,1,6,14.3,Matches
Joshua Acheampong,2,engENG,DF,Chelsea,18-354,2006,1.9,1,0,0,0,1,0,0,1,1,0,0,0,7,1,6,14.3,Matches
Joshua King,280,engENG,"MF,FW",Fulham,18-111,2007,0.9,0,0,0,2,2,0,1,1,3,0,0,0,3,0,0,N/a,Matches
Joshua Zirkzee,566,nlNED,"FW,MF",Manchester Utd,23-337,2001,15.6,2,0,0,9,13,3,4,6,8,1,0,0,57,21,54,28.0,Matches
José Sá,441,ptPOR,GK,Wolves,32-097,1993,25.0,2,0,0,3,8,0,0,0,2,0,3,0,29,8,0,100.0,Matches
Jota Silva,466,ptPOR,"FW,MF",Nott'ham Forest,25-266,1999,9.2,5,0,0,24,22,7,19,12,13,1,0,0,42,21,27,43.8,Matches
João Félix,175,ptPOR,"FW,MF",Chelsea,25-165,1999,4.1,2,0,0,6,17,1,0,3,3,0,0,0,22,4,5,44.4,Matches
João Gomes,200,brBRA,MF,Wolves,24-071,2001,28.9,10,1,1,64,36,1,26,25,56,0,0,0,168,9,23,28.1,Matches
João Pedro,259,brBRA,"FW,MF",Brighton,23-210,2001,21.6,4,1,0,26,46,2,22,9,12,3,1,0,59,41,43,48.8,Matches
Joël Veltman,527,nlNED,DF,Brighton,33-099,1992,18.3,4,0,0,26,42,0,23,18,28,0,1,0,67,21,18,53.8,Matches
Joško Gvardiol,220,hrCRO,DF,Manchester City,23-091,2002,32.4,2,0,0,13,21,2,19,36,34,0,0,0,130,48,33,59.3,Matches
Julian Araujo,29,mxMEX,DF,Bournemouth,23-254,2001,4.0,1,0,0,4,1,0,5,4,3,0,0,0,26,2,6,25.0,Matches
Julio Enciso,162,pyPAR,"MF,FW",Ipswich Town,21-091,2004,6.1,3,0,0,5,11,0,8,1,7,0,0,0,32,6,14,30.0,Matches
Julio Soler,476,arARG,FW,Bournemouth,20-067,2005,0.0,0,0,0,0,1,0,0,0,1,0,0,0,0,0,0,N/a,Matches
Jurriën Timber,505,nlNED,DF,Arsenal,23-311,2001,26.9,7,0,0,31,29,6,28,22,38,0,0,0,94,22,20,52.4,Matches
Justin Devenny,128,nirNIR,MF,Crystal Palace,21-195,2003,4.8,1,0,0,7,0,1,17,0,9,0,0,0,21,2,13,13.3,Matches
Justin Kluivert,283,nlNED,"MF,FW",Bournemouth,25-354,1999,22.5,7,0,0,39,27,5,76,13,9,1,0,0,68,7,23,23.3,Matches
Jáder Durán,152,coCOL,FW,Aston Villa,21-132,2003,7.1,3,1,0,14,15,5,3,0,7,0,0,0,19,19,19,50.0,Matches
Jørgen Strand Larsen,488,noNOR,FW,Wolves,25-077,2000,26.5,4,0,0,46,17,14,6,5,6,0,0,0,42,63,94,40.1,Matches
Kaelan Casey,87,engENG,DF,West Ham,20-178,2004,0.0,0,0,0,0,0,0,0,0,0,0,0,0,0,1,0,100.0,Matches
Kai Havertz,227,deGER,"FW,MF",Arsenal,25-317,1999,20.4,4,0,0,36,21,14,11,6,9,0,0,0,39,62,73,45.9,Matches
Kalvin Phillips,407,engENG,MF,Ipswich Town,29-143,1995,13.5,6,1,1,28,19,0,18,19,19,0,0,0,68,7,21,25.0,Matches
Kamaldeen Sulemana,490,ghGHA,"FW,MF",Southampton,23-068,2002,11.6,0,0,0,16,10,2,23,5,13,0,0,0,48,6,20,23.1,Matches
Kaoru Mitoma,350,jpJPN,"FW,MF",Brighton,27-339,1997,27.7,1,0,0,39,23,5,69,13,24,0,0,0,92,24,26,48.0,Matches
Kasey McAteer,335,ieIRL,"FW,MF",Leicester City,23-153,2001,5.4,1,0,0,13,13,2,14,3,8,0,0,0,28,9,14,39.1,Matches
Keane Lewis-Potter,300,engENG,"DF,FW",Brentford,24-061,2001,30.2,5,0,0,14,27,4,67,19,26,1,0,0,131,26,33,44.1,Matches
Kenny Tete,500,nlNED,DF,Fulham,29-197,1995,15.0,3,0,0,25,13,0,21,28,29,0,0,0,54,16,11,59.3,Matches
Kepa Arrizabalaga,35,esESP,GK,Bournemouth,30-203,1994,26.0,3,0,0,2,5,0,0,0,0,0,2,0,46,6,1,85.7,Matches
Kevin Danso,121,atAUT,DF,Tottenham,26-217,1998,4.4,0,0,0,4,5,0,1,2,4,0,0,0,14,9,7,56.3,Matches
Kevin De Bruyne,125,beBEL,"MF,FW",Manchester City,33-300,1991,16.2,2,0,0,14,16,5,115,7,8,0,0,0,53,4,14,22.2,Matches
Kevin Schade,454,deGER,FW,Brentford,23-148,2001,21.5,3,0,0,19,31,13,36,5,23,0,0,0,71,75,62,54.7,Matches
Kieran Tierney,504,sctSCO,"DF,FW",Arsenal,27-323,1997,2.0,0,0,0,0,2,2,10,2,4,0,0,0,3,3,5,37.5,Matches
Kieran Trippier,516,engENG,DF,Newcastle Utd,34-217,1990,12.2,1,0,0,13,9,2,62,11,19,0,0,0,57,19,10,65.5,Matches
Kiernan Dewsbury-Hall,129,engENG,"MF,FW",Chelsea,26-230,1998,2.9,0,0,0,4,6,0,2,1,5,0,0,0,8,0,1,0.0,Matches
Kim Jisoo,258,krKOR,DF,Brentford,20-121,2004,0.3,0,0,0,1,0,0,0,0,0,0,0,0,0,0,0,N/a,Matches
Kobbie Mainoo,318,engENG,MF,Manchester Utd,20-005,2005,15.0,5,0,0,24,19,2,4,18,24,0,0,0,74,17,25,40.5,Matches
Konstantinos Mavropanos,331,grGRE,DF,West Ham,27-134,1997,20.6,5,1,1,16,14,3,2,38,22,0,0,0,65,55,23,70.5,Matches
Kosta Nedeljković,370,rsSRB,DF,Aston Villa,19-129,2005,1.4,0,0,0,0,1,0,1,0,5,0,0,0,4,0,1,0.0,Matches
Kostas Tsimikas,518,grGRE,DF,Liverpool,28-347,1996,7.4,2,0,0,9,6,1,53,10,17,0,0,0,26,5,6,45.5,Matches
Kristoffer Ajer,10,noNOR,DF,Brentford,27-007,1998,15.4,4,0,0,11,6,1,14,12,16,0,0,0,41,27,22,55.1,Matches
Kyle Walker,533,engENG,DF,Manchester City,34-331,1990,10.8,3,0,0,6,5,1,14,3,10,0,0,0,46,9,7,56.3,Matches
Kyle Walker-Peters,534,engENG,DF,Southampton,28-011,1997,30.4,5,0,0,26,48,2,51,17,28,0,0,0,126,10,20,33.3,Matches
Lamare Bogarde,61,nlNED,"DF,MF",Aston Villa,21-109,2004,5.3,2,0,0,8,11,0,0,1,6,0,0,0,13,6,6,50.0,Matches
Leandro Trossard,517,beBEL,FW,Arsenal,30-141,1994,25.2,4,1,1,24,41,5,78,9,16,0,0,0,90,6,21,22.2,Matches
Leif Davis,123,engENG,DF,Ipswich Town,25-102,2000,28.5,5,1,0,25,30,3,148,25,26,0,2,0,111,33,22,60.0,Matches
Leny Yoro,562,frFRA,DF,Manchester Utd,19-162,2005,10.9,5,0,0,8,1,1,1,17,10,0,0,0,34,14,13,51.9,Matches
Leon Bailey,43,jmJAM,"FW,MF",Aston Villa,27-258,1997,12.6,3,0,0,12,18,3,34,3,4,1,0,0,59,6,9,40.0,Matches
Lesley Ugochukwu,522,frFRA,MF,Southampton,21-029,2004,15.1,5,0,0,26,14,0,5,12,22,0,1,0,57,16,16,50.0,Matches
Levi Colwill,107,engENG,DF,Chelsea,22-057,2003,30.0,8,0,0,39,18,4,13,31,25,0,1,0,103,74,49,60.2,Matches
Lewis Cook,108,engENG,"MF,DF",Bournemouth,28-080,1997,30.1,8,0,0,46,10,3,125,40,41,0,1,0,178,40,34,54.1,Matches
Lewis Dunk,151,engENG,DF,Brighton,33-154,1991,21.1,5,0,0,7,8,2,4,12,9,0,0,1,99,47,28,62.7,Matches
Lewis Hall,222,engENG,DF,Newcastle Utd,20-228,2004,24.3,3,0,0,9,21,1,110,18,41,0,0,0,119,30,31,49.2,Matches
Lewis Miley,345,engENG,MF,Newcastle Utd,18-358,2006,2.5,0,0,0,3,1,0,0,2,9,0,0,0,14,5,5,50.0,Matches
Lewis Orford,394,engENG,MF,West Ham,19-065,2006,0.5,0,0,0,0,0,0,1,1,0,0,0,0,7,0,1,0.0,Matches
Liam Delap,126,engENG,FW,Ipswich Town,22-075,2003,26.2,8,0,0,64,46,13,5,2,7,2,0,0,57,50,62,44.6,Matches
Lisandro Martínez,327,arARG,DF,Manchester Utd,27-096,1998,19.5,7,0,0,22,7,0,9,32,24,0,0,0,81,16,13,55.2,Matches
Lloyd Kelly,275,engENG,DF,Newcastle Utd,26-200,1998,3.4,2,0,0,5,5,1,1,1,4,0,0,0,19,6,2,75.0,Matches
Lucas Bergvall,55,seSWE,MF,Tottenham,19-081,2006,12.5,3,0,0,20,14,0,18,22,19,0,0,0,71,8,8,50.0,Matches
Lucas Digne,134,frFRA,DF,Aston Villa,31-278,1993,24.9,4,0,0,20,14,7,138,25,36,0,0,0,98,34,26,56.7,Matches
Lucas Paquetá,402,brBRA,"MF,FW",West Ham,27-240,1997,24.1,8,0,0,48,55,6,27,16,35,0,1,0,137,44,57,43.6,Matches
Luis Díaz,132,coCOL,FW,Liverpool,28-101,1997,23.9,2,0,0,46,29,10,29,7,21,2,0,0,96,12,33,26.7,Matches
Luis Guilherme,215,brBRA,"MF,FW",West Ham,19-074,2006,1.5,0,0,0,0,4,0,8,3,0,0,0,0,7,2,1,66.7,Matches
Luis Sinisterra,469,coCOL,"FW,MF",Bournemouth,25-311,1999,2.6,0,0,0,4,2,1,7,1,2,0,0,0,17,3,7,30.0,Matches
Luke Shaw,463,engENG,DF,Manchester Utd,29-286,1995,0.9,0,0,0,1,0,0,1,1,2,0,0,0,6,0,0,N/a,Matches
Luke Thomas,502,engENG,DF,Leicester City,23-318,2001,7.7,1,0,0,3,5,0,19,11,18,0,1,0,27,8,11,42.1,Matches
Luke Woolfenden,559,engENG,DF,Ipswich Town,26-185,1998,11.2,2,0,0,5,2,1,0,18,6,0,0,0,33,15,11,57.7,Matches
Mads Hermansen,233,dkDEN,GK,Leicester City,24-287,2000,25.5,1,0,0,0,3,0,0,0,1,0,0,0,17,4,1,80.0,Matches
Mads Roerslev,437,dkDEN,DF,Brentford,25-304,1999,12.2,2,0,0,6,10,0,31,4,8,0,0,0,39,10,14,41.7,Matches
Malo Gusto,219,frFRA,DF,Chelsea,21-340,2003,20.2,4,0,0,20,18,2,51,23,28,0,0,0,114,8,15,34.8,Matches
Manuel Akanji,11,chSUI,DF,Manchester City,29-279,1995,19.0,3,0,0,16,9,0,11,7,10,0,0,0,86,24,29,45.3,Matches
Manuel Ugarte Ribeiro,521,uyURU,MF,Manchester Utd,24-013,2001,17.7,9,0,0,35,31,0,7,25,43,0,0,1,110,17,17,50.0,Matches
Marc Cucurella,113,esESP,DF,Chelsea,26-276,1998,28.2,10,1,1,32,31,3,29,22,36,0,0,0,110,29,51,36.3,Matches
Marc Guiu,217,esESP,FW,Chelsea,19-110,2006,0.8,0,0,0,0,0,0,0,0,1,0,0,0,2,0,1,0.0,Matches
Marc Guéhi,214,engENG,DF,Crystal Palace,24-285,2000,32.0,9,1,1,22,26,1,13,25,31,0,0,3,135,66,50,56.9,Matches
Marco Asensio,36,esESP,"MF,FW",Aston Villa,29-093,1996,5.3,1,0,0,8,6,2,22,1,5,0,0,0,20,0,1,0.0,Matches
Marcos Senesi,461,arARG,DF,Bournemouth,27-349,1997,11.2,5,0,0,19,7,0,10,11,21,0,0,0,67,23,27,46.0,Matches
Marcus Harness,224,engENG,MF,Ipswich Town,29-059,1996,0.5,0,0,0,0,0,1,0,0,0,0,0,0,2,0,0,N/a,Matches
Marcus Rashford,420,engENG,"FW,MF",Manchester Utd,27-175,1997,10.9,2,0,0,8,7,7,27,4,4,0,0,0,24,5,7,41.7,Matches
Marcus Tavernier,496,engENG,"FW,MF",Bournemouth,26-033,1999,17.3,5,0,0,25,20,4,89,4,23,0,0,0,96,22,30,42.3,Matches
Mario Lemina,296,gaGAB,"MF,DF",Wolves,31-235,1993,15.2,4,0,0,17,8,4,10,27,31,0,1,0,73,25,16,61.0,Matches
Mark Flekken,181,nlNED,GK,Brentford,31-315,1993,31.4,1,0,0,0,3,0,0,0,4,0,0,0,35,4,0,100.0,Matches
Mark Travers,514,ieIRL,GK,Bournemouth,25-341,1999,5.0,0,0,0,0,1,0,0,0,0,0,0,0,3,1,0,100.0,Matches
Marshall Munetsi,361,zwZIM,"MF,FW",Wolves,28-306,1996,7.8,0,0,0,11,8,3,4,5,9,0,0,0,23,22,17,56.4,Matches
Martial Godo,199,engENG,FW,Fulham,22-041,2003,0.2,0,0,0,0,0,0,1,1,0,0,0,0,0,0,1,0.0,Matches
Martin Dúbravka,150,skSVK,GK,Newcastle Utd,36-099,1989,10.0,0,0,0,0,1,0,0,0,0,0,0,0,18,4,0,100.0,Matches
Martin Ødegaard,567,noNOR,MF,Arsenal,26-128,1998,22.7,4,0,0,10,20,1,80,4,11,0,0,0,86,8,7,53.3,Matches
Mason Holgate,238,engENG,"FW,DF",Everton,28-184,1996,0.1,0,0,0,0,0,0,0,0,0,0,0,0,0,0,1,0.0,Matches
Mason Mount,358,engENG,"MF,FW",Manchester Utd,26-104,1999,3.9,3,0,0,12,7,0,8,2,2,0,0,0,9,3,6,33.3,Matches
Massimo Luongo,310,auAUS,MF,Ipswich Town,32-211,1992,2.1,0,0,0,1,2,0,1,2,5,0,0,0,10,1,0,100.0,Matches
Mateo Kovačić,286,hrCRO,MF,Manchester City,30-353,1994,21.8,5,0,0,22,22,0,0,20,36,0,0,0,109,9,7,56.3,Matches
Mateus Fernandes,179,ptPOR,MF,Southampton,20-288,2004,27.8,8,0,0,40,48,3,102,19,43,0,0,0,155,13,9,59.1,Matches
Matheus Cunha,115,brBRA,"MF,FW",Wolves,25-332,1999,25.0,3,0,0,39,63,8,118,16,20,0,0,0,116,10,27,27.0,Matches
Matheus França,186,brBRA,"FW,MF",Crystal Palace,21-023,2004,0.3,0,0,0,0,0,0,1,0,0,0,0,0,2,0,0,N/a,Matches
Matheus Nunes,378,ptPOR,"DF,MF",Manchester City,26-240,1998,15.6,4,0,0,28,14,6,37,12,18,0,1,0,57,13,15,46.4,Matches
Mathias Jensen,255,dkDEN,MF,Brentford,29-113,1996,8.6,2,0,0,7,10,0,31,7,8,0,0,0,44,8,5,61.5,Matches
Mathis Amougou,22,frFRA,MF,Chelsea,19-096,2006,0.1,0,0,0,0,0,0,0,0,0,0,0,0,2,0,0,N/a,Matches
Mathys Tel,499,frFRA,FW,Tottenham,19-362,2005,5.5,0,0,0,6,5,0,23,0,1,0,0,0,22,1,2,33.3,Matches
Mats Wieffer,548,nlNED,"MF,DF",Brighton,25-159,1999,6.7,4,0,0,16,5,0,5,10,16,0,0,0,50,22,17,56.4,Matches
Matt Doherty,140,ieIRL,DF,Wolves,33-098,1992,20.2,6,0,0,17,11,2,18,21,19,0,0,1,91,46,19,70.8,Matches
Matt O'Riley,383,dkDEN,MF,Brighton,24-154,2000,7.5,1,0,0,10,10,1,36,12,9,1,0,1,21,4,6,40.0,Matches
Matt Targett,494,engENG,DF,Newcastle Utd,29-218,1995,0.2,0,0,0,0,0,0,1,1,0,0,0,0,2,0,0,N/a,Matches
Matthijs de Ligt,302,nlNED,DF,Manchester Utd,25-255,1999,23.2,3,0,0,16,12,2,6,33,22,0,2,0,66,57,29,66.3,Matches
Matty Cash,88,plPOL,DF,Aston Villa,27-260,1997,19.0,6,0,0,24,15,1,30,21,26,0,2,0,61,17,19,47.2,Matches
Matz Sels,458,beBEL,GK,Nott'ham Forest,33-057,1992,33.0,3,0,0,0,10,0,0,0,1,0,0,0,9,14,2,87.5,Matches
Max Aarons,1,engENG,DF,Bournemouth,25-110,2000,1.0,0,0,0,0,2,0,2,1,2,0,0,0,7,0,0,N/a,Matches
Max Kilman,279,engENG,DF,West Ham,27-336,1997,32.2,4,0,0,17,12,2,2,36,17,0,0,0,132,99,48,67.3,Matches
Maxence Lacroix,291,frFRA,DF,Crystal Palace,25-018,2000,30.6,5,0,0,31,18,1,6,50,40,0,1,0,121,54,44,55.1,Matches
Maxwel Cornet,109,ciCIV,FW,Southampton,28-209,1996,0.8,1,0,0,0,1,1,3,0,5,0,0,0,2,3,0,100.0,Matches
Michael Kayode,272,itITA,DF,Brentford,20-288,2004,1.4,1,0,0,3,1,0,5,1,5,0,0,0,8,1,1,50.0,Matches
Michael Keane,273,engENG,DF,Everton,32-103,1993,9.5,5,0,0,9,0,0,1,10,7,0,0,0,24,20,14,58.8,Matches
Michail Antonio,27,jmJAM,FW,West Ham,35-027,1990,9.3,1,0,0,12,7,4,25,0,2,0,0,0,22,17,22,43.6,Matches
Micky van de Ven,528,nlNED,DF,Tottenham,24-005,2001,10.6,4,0,0,10,8,0,0,10,6,0,0,0,61,19,18,51.4,Matches
Miguel Almirón,17,pyPAR,FW,Newcastle Utd,31-073,1994,1.7,0,0,0,1,3,2,0,0,2,0,0,0,4,0,2,0.0,Matches
Mikel Merino,342,esESP,"MF,FW",Arsenal,28-306,1996,15.6,2,0,0,35,20,7,12,13,22,0,0,0,76,57,52,52.3,Matches
Mikey Moore,353,engENG,"FW,MF",Tottenham,17-256,2007,2.1,0,0,0,3,4,2,12,1,0,0,0,0,5,1,4,20.0,Matches
Mikkel Damsgaard,118,dkDEN,"MF,FW",Brentford,24-295,2000,27.7,2,0,0,15,26,6,118,25,40,0,0,0,152,12,25,32.4,Matches
Milos Kerkez,276,huHUN,DF,Bournemouth,21-168,2003,32.2,4,0,0,27,44,1,115,38,26,0,0,0,148,25,46,35.2,Matches
Mohamed Salah,443,egEGY,FW,Liverpool,32-313,1992,32.5,1,0,0,22,33,15,64,7,11,0,0,0,90,9,12,42.9,Matches
Mohammed Kudus,289,ghGHA,"FW,MF",West Ham,24-265,2000,24.9,1,1,0,34,57,18,69,4,19,0,0,0,119,10,34,22.7,Matches
Moisés Caicedo,79,ecECU,MF,Chelsea,23-173,2001,32.2,10,0,0,60,54,0,8,43,61,1,1,0,192,29,15,65.9,Matches
Morato,354,brBRA,DF,Nott'ham Forest,23-298,2001,8.9,2,0,0,10,2,0,0,10,13,0,0,0,31,5,13,27.8,Matches
Morgan Gibbs-White,196,engENG,MF,Nott'ham Forest,25-087,2000,26.4,9,1,1,32,35,7,36,17,18,1,0,0,113,36,46,43.9,Matches
Morgan Rogers,438,engENG,"FW,MF",Aston Villa,22-272,2002,30.7,9,0,0,46,47,2,21,5,18,1,0,0,103,11,43,20.4,Matches
Murillo,365,brBRA,DF,Nott'ham Forest,22-294,2002,31.5,5,0,0,25,4,0,12,29,33,0,1,0,124,36,19,65.5,Matches
Mykhailo Mudryk,360,uaUKR,FW,Chelsea,24-109,2001,1.7,0,0,0,2,2,1,7,0,2,0,0,0,9,2,4,33.3,Matches
Myles Lewis-Skelly,301,engENG,DF,Arsenal,18-210,2006,12.0,2,2,0,10,35,0,8,6,14,0,1,0,42,7,7,50.0,Matches
Nasser Djiga,139,bfBFA,"DF,FW",Wolves,22-160,2002,0.2,0,0,0,0,0,0,0,2,0,0,0,0,1,1,1,50.0,Matches
Nathan Aké,12,nlNED,DF,Manchester City,30-065,1995,7.5,0,0,0,2,0,0,1,3,7,0,0,0,24,13,10,56.5,Matches
Nathan Broadhead,69,wlsWAL,"MF,FW",Ipswich Town,27-019,1998,6.7,1,0,0,4,13,2,9,4,3,0,0,0,30,1,9,10.0,Matches
Nathan Butler-Oyedeji,78,engENG,FW,Arsenal,22-110,2003,0.1,0,0,0,0,0,0,0,0,0,0,0,0,0,0,0,N/a,Matches
Nathan Collins,105,ieIRL,DF,Brentford,23-359,2001,33.0,5,0,0,24,25,6,7,31,20,2,0,0,145,103,57,64.4,Matches
Nathan Patterson,404,sctSCO,"DF,FW",Everton,23-190,2001,2.3,0,0,0,2,1,0,7,0,1,0,0,0,7,1,4,20.0,Matches
Nathan Wood-Gordon,558,engENG,DF,Southampton,22-328,2002,6.9,2,0,0,8,4,0,3,4,7,0,0,0,20,11,7,61.1,Matches
Nathaniel Clyne,102,engENG,"DF,MF",Crystal Palace,34-019,1991,5.4,1,0,0,2,2,0,7,3,8,0,0,0,10,1,7,12.5,Matches
Neco Williams,549,wlsWAL,DF,Nott'ham Forest,24-011,2001,23.8,5,0,0,20,34,1,40,24,44,0,0,0,84,34,25,57.6,Matches
Neto,373,brBRA,GK,Bournemouth,35-279,1989,2.0,0,0,0,0,2,0,0,0,0,0,0,0,3,0,0,N/a,Matches
Nick Pope,414,engENG,GK,Newcastle Utd,33-005,1992,23.0,2,0,0,2,5,0,0,1,0,0,2,0,18,11,1,91.7,Matches
Niclas Füllkrug,189,deGER,FW,West Ham,32-074,1993,6.0,2,0,0,14,4,5,1,0,2,0,0,0,9,25,35,41.7,Matches
Nico O’Reilly,398,engENG,DF,Manchester City,20-034,2005,5.1,0,0,0,6,4,1,8,3,4,0,0,0,27,4,7,36.4,Matches
Nicolas Jackson,250,snSEN,FW,Chelsea,23-308,2001,22.5,7,0,0,29,27,18,3,3,11,0,0,0,43,18,33,35.3,Matches
Nicolás Domínguez,142,arARG,"MF,FW",Nott'ham Forest,26-300,1998,18.0,8,0,0,29,15,1,2,26,40,0,0,0,99,20,19,51.3,Matches
Nicolás González,205,esESP,MF,Manchester City,23-111,2002,7.2,3,0,0,11,4,0,0,4,6,0,0,0,31,15,11,57.7,Matches
Nikola Milenković,344,rsSRB,DF,Nott'ham Forest,27-194,1997,32.0,4,0,0,16,4,1,0,24,26,0,0,0,71,91,36,71.7,Matches
Noni Madueke,314,engENG,FW,Chelsea,23-045,2002,18.3,3,0,0,20,22,4,53,8,14,0,0,0,63,9,14,39.1,Matches
Noussair Mazraoui,332,maMAR,DF,Manchester Utd,27-161,1997,28.5,2,0,0,37,21,3,20,33,59,0,1,0,137,46,27,63.0,Matches
Nélson Semedo,459,ptPOR,DF,Wolves,31-159,1993,27.6,7,0,0,42,27,3,54,22,31,0,1,0,114,27,39,40.9,Matches
Odsonne Édouard,155,frFRA,"MF,FW",Crystal Palace,27-098,1998,1.3,0,0,0,4,0,2,1,0,0,0,0,0,5,1,4,20.0,Matches
Ola Aina,8,ngNGA,DF,Nott'ham Forest,28-198,1996,28.5,2,0,0,21,32,2,42,30,40,0,1,0,160,12,18,40.0,Matches
Oleksandr Zinchenko,565,uaUKR,"DF,MF",Arsenal,28-130,1996,5.0,1,0,0,8,3,1,10,4,1,0,0,0,16,11,11,50.0,Matches
Oliver Scarles,452,engENG,DF,West Ham,19-133,2005,6.6,1,0,0,4,3,1,13,10,11,0,0,0,33,5,5,50.0,Matches
Oliver Skipp,470,engENG,MF,Leicester City,24-220,2000,9.6,6,0,0,13,13,0,4,8,4,0,0,0,35,10,5,66.7,Matches
Ollie Watkins,541,engENG,FW,Aston Villa,29-115,1995,25.1,2,0,0,27,29,12,7,7,6,2,0,0,39,46,61,43.0,Matches
Omar Marmoush,324,egEGY,"FW,MF",Manchester City,26-076,1999,10.2,0,0,0,13,17,9,25,5,6,1,0,0,29,5,8,38.5,Matches
Omari Hutchinson,242,engENG,"MF,FW",Ipswich Town,21-176,2003,24.7,5,0,0,28,36,4,56,10,11,0,0,0,90,6,22,21.4,Matches
Orel Mangala,321,beBEL,MF,Everton,27-037,1998,14.0,2,0,0,24,17,2,6,21,8,0,0,0,49,6,8,42.9,Matches
Oscar Bobb,60,noNOR,FW,Manchester City,21-286,2003,0.2,0,0,0,0,1,0,0,0,0,0,0,0,1,0,0,N/a,Matches
Pablo Sarabia,448,esESP,"MF,FW",Wolves,32-348,1992,7.5,3,0,0,14,14,5,38,4,7,0,0,0,28,4,12,25.0,Matches
Pape Matar Sarr,328,snSEN,MF,Tottenham,22-222,2002,17.7,6,0,0,27,30,2,13,24,30,0,1,0,104,23,36,39.0,Matches
Patrick Dorgu,143,dkDEN,DF,Manchester Utd,20-180,2004,5.5,2,1,0,10,15,3,23,1,15,0,0,0,24,10,4,71.4,Matches
Patson Daka,116,zmZAM,"FW,MF",Leicester City,26-197,1998,7.2,0,0,0,11,16,3,3,1,9,0,0,0,17,10,27,27.0,Matches
Pau Torres,510,esESP,DF,Aston Villa,28-098,1997,19.2,1,0,0,6,7,0,1,9,14,0,0,0,53,16,22,42.1,Matches
Paul Onuachu,392,ngNGA,FW,Southampton,30-331,1994,10.9,4,0,0,26,15,9,0,1,2,0,0,0,17,88,54,62.0,Matches
Pedro Lima,303,brBRA,DF,Wolves,18-297,2006,0.8,0,0,0,1,1,1,5,2,0,0,0,0,3,0,3,0.0,Matches
Pedro Neto,374,ptPOR,FW,Chelsea,25-046,2000,20.4,8,0,0,17,28,3,122,8,9,0,0,0,64,9,24,27.3,Matches
Pedro Porro,415,esESP,DF,Tottenham,25-223,1999,27.4,4,0,0,24,30,1,191,34,46,0,0,0,148,11,22,33.3,Matches
Pervis Estupiñán,167,ecECU,DF,Brighton,27-093,1998,22.7,5,0,0,32,16,3,103,30,34,0,0,0,128,39,25,60.9,Matches
Phil Foden,182,engENG,"MF,FW",Manchester City,24-331,2000,18.7,2,0,0,5,31,3,73,9,5,0,0,0,58,3,8,27.3,Matches
Philip Billing,58,dkDEN,MF,Bournemouth,28-317,1996,2.0,1,0,0,3,2,0,10,5,5,0,0,0,14,6,4,60.0,Matches
Radu Drăgușin,149,roROU,DF,Tottenham,23-080,2002,13.9,1,0,0,6,10,0,1,15,6,0,0,0,48,33,22,60.0,Matches
Raheem Sterling,484,engENG,"FW,MF",Arsenal,30-137,1994,4.8,1,0,0,12,3,4,14,1,4,0,0,0,13,1,3,25.0,Matches
Ramón Sosa,477,pyPAR,"FW,MF",Nott'ham Forest,25-236,1999,2.9,1,0,0,6,8,3,8,3,3,0,0,0,20,4,7,36.4,Matches
Rasmus Højlund,243,dkDEN,FW,Manchester Utd,22-079,2003,18.4,2,0,0,15,25,10,6,1,1,1,0,0,28,21,79,21.0,Matches
Rayan Aït-Nouri,9,dzALG,DF,Wolves,23-322,2001,30.0,7,1,1,28,34,5,76,22,50,0,0,0,130,18,26,40.9,Matches
Raúl Jiménez,257,mxMEX,FW,Fulham,33-354,1991,22.7,3,0,0,33,35,13,19,9,18,1,0,0,67,66,81,44.9,Matches
Reece James,251,engENG,"DF,MF",Chelsea,25-137,1999,9.0,1,0,0,6,9,0,38,12,8,0,0,0,53,21,6,77.8,Matches
Reiss Nelson,371,engENG,FW,Arsenal,25-135,1999,0.0,0,0,0,1,1,0,0,0,0,0,0,0,0,0,0,N/a,Matches
Remy Rees-Dottin,424,engENG,FW,Bournemouth,19-049,2006,0.0,0,0,0,0,0,0,0,0,0,0,0,0,0,0,0,N/a,Matches
Renato Veiga,526,ptPOR,"DF,MF",Chelsea,21-269,2003,2.0,2,0,0,6,1,1,0,1,6,0,0,0,9,3,3,50.0,Matches
Ricardo Pereira,406,ptPOR,DF,Leicester City,31-200,1993,3.3,1,0,0,4,6,0,3,2,4,0,0,0,12,3,1,75.0,Matches
Riccardo Calafiori,82,itITA,DF,Arsenal,22-340,2002,10.3,4,0,0,16,6,3,11,9,18,0,0,0,30,22,13,62.9,Matches
Richarlison,431,brBRA,FW,Tottenham,27-349,1997,4.3,1,0,0,6,7,1,7,0,3,0,0,0,8,8,16,33.3,Matches
Rico Henry,232,engENG,DF,Brentford,27-290,1997,0.2,0,0,0,0,1,0,0,1,0,0,0,0,2,1,1,50.0,Matches
Rico Lewis,299,engENG,"DF,MF",Manchester City,20-154,2004,20.1,5,1,1,10,33,0,3,13,19,0,0,0,93,5,13,27.8,Matches
Robert Sánchez,445,esESP,GK,Chelsea,27-157,1997,27.0,5,0,0,2,3,0,0,2,0,0,2,0,39,6,0,100.0,Matches
Robin Olsen,389,seSWE,GK,Aston Villa,35-106,1990,2.0,0,0,0,0,0,0,0,0,0,0,0,0,2,0,0,N/a,Matches
Rodri,435,esESP,MF,Manchester City,28-306,1996,0.7,0,0,0,1,2,0,0,1,1,0,0,0,7,1,0,100.0,Matches
Rodrigo Bentancur,52,uyURU,MF,Tottenham,27-303,1997,16.9,7,0,0,31,10,1,4,36,20,0,0,0,111,35,27,56.5,Matches
Rodrigo Gomes,201,ptPOR,"DF,FW",Wolves,21-291,2003,7.0,0,0,0,2,5,0,19,5,12,0,0,0,24,6,15,28.6,Matches
Rodrigo Muniz,362,brBRA,FW,Fulham,23-355,2001,10.7,1,0,0,11,31,3,1,5,5,0,0,0,14,67,63,51.5,Matches
Romain Esse,166,engENG,MF,Crystal Palace,19-346,2005,0.4,0,0,0,0,0,0,0,1,2,0,0,0,1,1,0,100.0,Matches
Roman Dixon,138,engENG,DF,Everton,20-119,2004,1.0,0,0,0,0,0,0,0,1,5,0,0,0,6,0,3,0.0,Matches
Roméo Lavia,295,beBEL,MF,Chelsea,21-108,2004,6.0,4,0,0,10,3,0,0,11,10,0,1,0,28,7,2,77.8,Matches
Ronnie Edwards,158,engENG,DF,Southampton,22-027,2003,0.1,0,0,0,0,0,0,0,0,0,0,0,0,0,0,0,N/a,Matches
Ross Barkley,45,engENG,MF,Aston Villa,31-140,1993,6.3,3,0,0,8,3,0,1,10,3,0,0,0,40,6,4,60.0,Matches
Ross Stewart,485,sctSCO,"FW,MF",Southampton,28-287,1996,2.0,1,0,0,4,5,1,0,0,0,0,0,0,2,6,8,42.9,Matches
Ryan Christie,99,sctSCO,MF,Bournemouth,30-061,1995,23.5,9,0,0,43,31,1,48,30,33,0,0,0,182,20,28,41.7,Matches
Ryan Fraser,187,sctSCO,"FW,DF",Southampton,31-059,1994,3.4,0,1,0,1,4,1,12,1,2,0,1,0,10,2,3,40.0,Matches
Ryan Gravenberch,207,nlNED,MF,Liverpool,22-343,2002,31.5,5,0,0,40,46,0,6,56,32,0,0,0,174,25,13,65.8,Matches
Ryan Manning,322,ieIRL,"DF,MF",Southampton,28-314,1996,14.2,2,0,0,18,28,0,72,16,17,0,0,0,60,12,5,70.6,Matches
Ryan Sessegnon,462,engENG,"FW,DF",Fulham,24-341,2000,3.6,0,0,0,11,2,1,4,2,7,0,0,0,15,6,8,42.9,Matches
Ryan Trevitt,515,engENG,MF,Brentford,22-043,2003,0.0,0,0,0,0,0,0,0,0,1,0,0,0,2,0,0,N/a,Matches
Ryan Yates,561,engENG,MF,Nott'ham Forest,27-154,1997,19.7,9,0,0,49,46,6,3,25,21,0,0,0,89,43,30,58.9,Matches
Rúben Dias,131,ptPOR,DF,Manchester City,27-345,1997,21.2,4,0,0,11,8,0,3,18,9,0,1,1,65,30,29,50.8,Matches
Sam Johnstone,263,engENG,GK,Wolves,32-030,1993,7.0,0,0,0,0,0,0,0,0,0,0,0,0,9,4,0,100.0,Matches
Sam Morsy,356,egEGY,MF,Ipswich Town,33-226,1991,25.9,9,0,0,43,22,0,11,28,34,0,1,1,132,14,22,38.9,Matches
Sammie Szmodics,492,ieIRL,"FW,MF",Ipswich Town,29-212,1995,10.9,2,0,0,9,8,8,13,6,9,0,1,0,41,6,11,35.3,Matches
Samuel Amo-Ameyaw,21,engENG,"FW,DF",Southampton,18-280,2006,0.3,1,0,0,1,2,0,2,0,0,0,0,0,1,0,1,0.0,Matches
Samuel Edozie,157,engENG,"DF,FW",Southampton,22-086,2003,0.7,1,0,0,2,1,0,4,0,1,0,0,0,1,0,0,N/a,Matches
Sander Berge,54,noNOR,MF,Fulham,27-069,1998,21.9,4,0,0,26,8,0,3,20,28,0,0,0,116,25,19,56.8,Matches
Sandro Tonali,509,itITA,MF,Newcastle Utd,24-351,2000,24.2,5,0,0,34,39,2,28,29,29,1,0,0,156,12,10,54.5,Matches
Santiago Bueno,73,uyURU,DF,Wolves,26-166,1998,18.6,2,0,0,26,5,0,0,15,20,0,0,0,43,34,31,52.3,Matches
Saša Lukić,308,rsSRB,MF,Fulham,28-254,1996,22.6,12,0,0,56,25,0,53,25,34,0,0,0,101,18,22,45.0,Matches
Scott McTominay,339,sctSCO,MF,Manchester Utd,28-137,1996,0.2,0,0,0,0,0,0,0,0,0,0,0,0,1,1,0,100.0,Matches
Sean Longstaff,307,engENG,MF,Newcastle Utd,27-176,1997,8.9,2,0,0,9,6,0,5,7,16,0,0,0,31,7,7,50.0,Matches
Sepp van den Berg,127,nlNED,DF,Brentford,23-125,2001,23.7,2,0,0,19,5,1,7,19,22,1,0,0,79,79,62,56.0,Matches
Sergio Reguilón,425,esESP,DF,Tottenham,28-129,1996,1.4,2,0,0,2,5,0,10,2,3,0,0,0,9,5,2,71.4,Matches
Shumaira Mheuka,343,engENG,MF,Chelsea,17-186,2007,0.0,0,0,0,0,0,0,0,0,0,0,0,0,0,1,0,100.0,Matches
Simon Adingra,5,ciCIV,"FW,MF",Brighton,23-113,2002,9.2,0,0,0,9,2,2,32,7,9,0,0,0,36,4,2,66.7,Matches
Solly March,323,engENG,"FW,MF",Brighton,30-278,1994,1.2,2,0,0,2,1,1,16,2,3,0,0,0,4,1,1,50.0,Matches
Son Heung-min,234,krKOR,FW,Tottenham,32-290,1992,22.3,1,0,0,5,28,11,75,5,9,1,0,0,81,6,11,35.3,Matches
Stefan Ortega,395,deGER,GK,Manchester City,32-169,1992,12.2,1,0,0,1,2,0,0,0,0,0,1,0,8,2,0,100.0,Matches
Stephy Mavididi,330,engENG,FW,Leicester City,26-328,1998,17.9,2,0,0,18,18,3,69,11,19,0,0,0,83,9,15,37.5,Matches
Sven Botman,63,nlNED,DF,Newcastle Utd,25-102,2000,2.5,1,0,0,4,2,0,0,4,3,0,0,0,8,9,5,64.3,Matches
Sávio,451,brBRA,"FW,MF",Manchester City,21-014,2004,19.3,3,0,0,17,27,3,81,6,16,2,0,0,79,1,2,33.3,Matches
Séamus Coleman,104,ieIRL,DF,Everton,36-195,1988,2.2,1,0,0,0,1,0,3,1,1,0,0,0,7,1,1,50.0,Matches
Taiwo Awoniyi,38,ngNGA,FW,Nott'ham Forest,27-255,1997,4.2,0,0,0,8,10,1,2,0,3,0,0,0,17,12,33,26.7,Matches
Takehiro Tomiyasu,508,jpJPN,DF,Arsenal,26-170,1998,0.1,0,0,0,0,0,0,0,0,0,0,0,0,0,0,0,N/a,Matches
Tariq Lamptey,293,ghGHA,DF,Brighton,24-206,2000,8.5,0,0,0,12,10,0,24,6,10,0,1,0,35,1,12,7.7,Matches
Taylor Harwood-Bellis,226,engENG,DF,Southampton,23-084,2002,27.5,8,0,0,31,12,0,9,30,19,0,0,0,114,50,35,58.8,Matches
Thiago,501,brBRA,FW,Brentford,23-302,2001,1.5,0,0,0,3,3,1,1,2,2,0,0,0,9,4,3,57.1,Matches
Thomas Partey,403,ghGHA,"MF,DF",Arsenal,31-315,1993,27.1,4,0,0,39,27,1,12,32,48,0,0,0,120,26,21,55.3,Matches
Tim Iroegbunam,246,engENG,MF,Everton,21-298,2003,6.3,4,0,0,15,11,0,1,15,13,0,0,0,47,9,4,69.2,Matches
Timo Werner,545,deGER,"FW,MF",Tottenham,29-049,1996,5.7,0,0,0,3,5,5,28,1,4,0,0,0,18,0,1,0.0,Matches
Timothy Castagne,90,beBEL,DF,Fulham,29-140,1995,18.1,1,0,0,15,6,1,37,22,29,0,1,0,55,34,35,49.3,Matches
Toby Collyer,106,engENG,MF,Manchester Utd,21-111,2004,2.0,0,0,0,2,4,0,0,2,9,0,0,0,17,3,1,75.0,Matches
Tom Cairney,80,sctSCO,MF,Fulham,34-094,1991,5.4,3,1,0,8,17,0,16,4,5,0,0,0,43,4,7,36.4,Matches
Tommy Doyle,148,engENG,MF,Wolves,23-189,2001,5.4,1,0,0,5,5,0,15,5,6,0,0,0,43,1,6,14.3,Matches
Tomáš Souček,478,czCZE,MF,West Ham,30-056,1995,24.0,8,0,0,39,23,4,11,15,18,1,0,0,50,87,65,57.2,Matches
Tosin Adarabioyo,4,engENG,DF,Chelsea,27-212,1997,13.7,3,0,0,8,6,1,0,10,10,0,0,0,34,36,26,58.1,Matches
Toti Gomes,202,ptPOR,DF,Wolves,26-098,1999,24.0,5,0,0,21,13,4,12,22,36,0,1,0,89,41,21,66.1,Matches
Trent Alexander-Arnold,15,engENG,DF,Liverpool,26-199,1998,24.1,5,0,0,9,7,1,142,30,48,0,0,0,122,3,12,20.0,Matches
Trevoh Chalobah,91,engENG,DF,Crystal Palace,25-293,1999,11.8,1,0,0,10,15,1,7,19,16,0,0,0,56,22,19,53.7,Matches
Tyler Adams,3,usUSA,MF,Bournemouth,26-069,1999,17.0,6,0,0,40,18,0,3,29,45,0,1,0,91,29,15,65.9,Matches
Tyler Dibling,133,engENG,"FW,MF",Southampton,19-043,2006,18.7,6,0,0,28,48,1,27,7,20,2,0,0,70,9,20,31.0,Matches
Tyler Fredricson,188,engENG,DF,Manchester Utd,20-060,2005,1.0,0,0,0,0,2,0,0,1,2,0,0,0,6,5,2,71.4,Matches
Tyrell Malacia,319,nlNED,DF,Manchester Utd,25-250,1999,1.1,1,0,0,3,2,0,1,1,1,0,0,0,3,0,0,N/a,Matches
Tyrick Mitchell,349,engENG,DF,Crystal Palace,25-235,1999,31.7,2,0,0,20,22,2,97,14,52,0,0,0,152,18,21,46.2,Matches
Tyrique George,195,engENG,FW,Chelsea,19-079,2006,1.1,1,0,0,2,0,1,3,1,0,0,0,0,2,0,3,0.0,Matches
Tyrone Mings,347,engENG,DF,Aston Villa,32-042,1993,11.7,1,0,0,3,9,0,1,7,5,0,0,0,33,26,21,55.3,Matches
Valentino Livramento,306,engENG,DF,Newcastle Utd,22-163,2002,26.6,1,0,0,6,32,2,40,20,32,0,0,0,165,20,30,40.0,Matches
Victor Bernth Kristiansen,56,dkDEN,DF,Leicester City,22-129,2002,26.4,1,0,0,17,17,3,96,40,50,0,1,1,97,19,42,31.1,Matches
Victor Lindelöf,304,seSWE,DF,Manchester Utd,30-281,1994,4.9,1,0,0,7,1,0,1,7,1,0,0,0,10,10,13,43.5,Matches
Virgil van Dijk,524,nlNED,DF,Liverpool,33-290,1991,33.0,3,0,0,15,12,0,1,52,16,0,0,0,104,109,44,71.2,Matches
Vitaliy Mykolenko,367,uaUKR,DF,Everton,25-330,1999,29.2,2,0,0,18,26,3,80,34,32,0,1,0,73,42,36,53.8,Matches
Vitaly Janelt,252,deGER,MF,Brentford,26-349,1998,25.0,3,0,0,24,15,1,30,27,22,0,0,2,107,19,11,63.3,Matches
Vitezslav Jaros,253,czCZE,GK,Liverpool,23-275,2001,0.1,0,0,0,0,0,0,0,0,0,0,0,0,0,0,0,N/a,Matches
Vitor Reis,427,brBRA,DF,Manchester City,19-102,2006,0.0,0,0,0,0,0,0,0,0,0,0,0,0,0,0,0,N/a,Matches
Vladimír Coufal,110,czCZE,DF,West Ham,32-245,1992,9.6,4,0,0,20,14,0,19,8,11,0,0,1,27,18,12,60.0,Matches
Wataru Endo,164,jpJPN,MF,Liverpool,32-074,1993,1.7,0,0,0,12,6,0,0,3,6,0,0,0,7,1,3,25.0,Matches
Welington,544,brBRA,"DF,MF",Southampton,24-064,2001,2.4,1,0,0,3,5,0,10,3,5,0,1,0,10,0,2,0.0,Matches
Wes Burns,77,wlsWAL,"FW,DF",Ipswich Town,30-152,1994,10.3,1,0,0,4,11,0,46,10,11,0,0,0,50,8,21,27.6,Matches
Wesley Fofana,183,frFRA,DF,Chelsea,24-128,2000,13.0,7,0,0,24,16,0,1,14,12,0,0,0,54,27,12,69.2,Matches
Wilfred Ndidi,369,ngNGA,MF,Leicester City,28-129,1996,21.9,7,0,0,36,16,3,28,23,42,0,0,1,107,51,46,52.6,Matches
Will Alves,19,engENG,FW,Leicester City,20-080,2005,0.0,0,0,0,0,0,0,0,0,0,0,0,0,0,0,0,N/a,Matches
Will Hughes,240,engENG,MF,Crystal Palace,30-007,1995,20.8,11,0,0,60,30,0,65,19,33,0,1,0,107,17,17,50.0,Matches
Will Lankshear,294,engENG,"FW,MF",Tottenham,20-004,2005,0.1,0,0,0,2,0,0,0,0,0,0,0,0,0,0,0,N/a,Matches
William Osula,396,dkDEN,FW,Newcastle Utd,21-263,2003,1.0,0,0,0,2,1,1,0,4,0,0,0,0,2,3,1,75.0,Matches
William Saliba,444,frFRA,DF,Arsenal,24-031,2001,31.3,2,1,0,27,17,1,3,21,34,0,1,0,140,57,35,62.0,Matches
William Smallbone,471,ieIRL,MF,Southampton,25-062,2000,6.8,1,0,0,10,3,0,31,2,10,0,1,0,23,4,2,66.7,Matches
Willian,550,brBRA,"MF,FW",Fulham,36-258,1988,1.8,0,0,0,1,0,0,8,1,1,0,0,0,14,1,2,33.3,Matches
Willy Boly,62,ciCIV,DF,Nott'ham Forest,34-080,1991,1.7,1,0,0,1,0,0,0,3,1,0,0,0,5,6,2,75.0,Matches
Wilson Odobert,386,frFRA,FW,Tottenham,20-147,2004,5.7,0,0,0,0,3,0,19,3,2,0,0,0,27,3,3,50.0,Matches
Wout Faes,173,beBEL,DF,Leicester City,27-021,1998,26.3,3,0,0,20,9,1,5,26,23,0,0,0,80,40,31,56.3,Matches
Woyo Coulibaly,111,frFRA,DF,Leicester City,25-339,1999,1.2,1,0,0,2,1,0,0,5,4,0,0,0,14,0,3,0.0,Matches
Yankuba Minteh,348,gmGAM,"FW,MF",Brighton,20-276,2004,16.3,6,0,0,17,9,4,70,10,31,0,0,0,73,16,25,39.0,Matches
Yasin Ayari,39,seSWE,MF,Brighton,21-200,2003,18.3,3,0,0,31,22,3,61,19,28,0,0,0,104,13,18,41.9,Matches
Yehor Yarmoliuk,560,uaUKR,MF,Brentford,21-054,2004,11.5,4,0,0,11,8,2,13,9,22,0,0,0,83,7,5,58.3,Matches
Yerson Mosquera,357,coCOL,DF,Wolves,23-357,2001,4.9,2,0,0,6,7,1,2,10,7,0,0,0,24,11,6,64.7,Matches
Yoane Wissa,556,cdCOD,FW,Brentford,28-233,1996,27.4,2,0,0,26,44,14,20,8,8,1,0,0,61,28,31,47.5,Matches
Youri Tielemans,503,beBEL,MF,Aston Villa,27-352,1997,32.4,4,0,0,40,53,0,115,21,56,0,0,0,140,22,18,55.0,Matches
Youssef Chermiti,94,ptPOR,"FW,MF",Everton,20-335,2004,0.2,1,0,0,1,0,0,0,0,0,0,0,0,0,1,1,50.0,Matches
Yukinari Sugawara,489,jpJPN,"DF,MF",Southampton,24-300,2000,16.3,4,0,0,15,9,4,69,10,16,0,2,0,40,5,9,35.7,Matches
Yunus Emre Konak,161,trTUR,"FW,MF",Brentford,19-104,2006,0.4,0,0,0,3,1,0,0,0,4,0,0,0,2,4,4,50.0,Matches
Yves Bissouma,59,mlMLI,MF,Tottenham,28-237,1996,13.4,7,0,0,22,18,0,2,14,28,0,1,0,71,4,7,36.4,Matches
Zain Silcott-Duberry,464,msMSR,FW,Bournemouth,19-289,2005,0.0,0,0,0,0,0,0,0,0,1,0,0,0,0,0,1,0.0,Matches
Álex Moreno,355,esESP,"DF,MF",Nott'ham Forest,31-320,1993,10.6,2,0,0,12,6,0,19,15,18,0,0,0,50,3,11,21.4,Matches
İlkay Gündoğan,218,deGER,MF,Manchester City,34-182,1990,21.9,1,0,0,14,21,0,57,13,13,0,0,0,104,13,11,54.2,Matches
Łukasz Fabiański,172,plPOL,GK,West Ham,40-006,1985,11.9,2,0,0,2,1,0,0,0,0,0,2,0,5,2,1,66.7,Matches
