Player,Rk,Nation,Pos,Squad,Age,Born,90s,Cmp,Att,Cmp%,TotDist,PrgDist,Cmp_2,Att_2,Cmp%_2,Cmp_3,Att_3,Cmp%_3,Cmp_4,Att_4,Cmp%_4,Ast,xAG,xA,A-xAG,KP,1/3,PPA,CrsPA,PrgP,Matches
Aaron Cresswell,112,engENG,DF,West Ham,35-130,1989,6.5,355,440,80.7,6769,2697,157,173,90.8,152,177,85.9,45,82,54.9,0,1.1,1.2,-1.1,7,40,4,1,24,Matches
Aaron Ramsdale,418,engENG,GK,Southampton,26-345,1998,25.0,675,1033,65.3,18762,14526,192,193,99.5,256,267,95.9,221,560,39.5,0,0.0,0.1,0.0,0,32,1,0,0,Matches
Aaron Wan-Bissaka,536,engENG,DF,West Ham,27-149,1997,30.0,1234,1525,80.9,17639,6513,786,876,89.7,384,468,82.1,46,96,47.9,2,2.7,2.4,-0.7,27,85,27,11,118,Matches
Abdoulaye Doucouré,145,mlMLI,MF,Everton,32-113,1993,25.9,657,823,79.8,9948,2071,344,405,84.9,242,291,83.2,40,54,74.1,1,2.3,1.2,-1.3,26,43,14,0,74,Matches
Abdukodir Khusanov,278,uzUZB,DF,Manchester City,21-054,2004,5.6,360,395,91.1,6126,1976,160,169,94.7,191,197,97.0,6,23,26.1,0,0.1,0.1,-0.1,2,23,0,0,25,Matches
Abdul Fatawu Issahaku,174,ghGHA,FW,Leicester City,21-047,2004,6.4,123,197,62.4,2150,601,59,81,72.8,45,59,76.3,16,33,48.5,2,1.6,1.4,+0.4,6,7,7,2,17,Matches
Adam Armstrong,33,engENG,"FW,MF",Southampton,28-073,1997,13.9,231,288,80.2,3320,446,138,158,87.3,81,95,85.3,6,13,46.2,2,1.2,0.6,+0.8,9,10,8,2,21,Matches
Adam Lallana,292,engENG,MF,Southampton,36-349,1988,4.0,221,260,85.0,2891,980,147,165,89.1,61,67,91.0,4,9,44.4,2,0.9,0.5,+1.1,4,21,9,3,24,Matches
Adam Smith,472,engENG,DF,Bournemouth,33-360,1991,14.7,415,548,75.7,6761,2196,200,228,87.7,178,226,78.8,24,68,35.3,0,0.2,0.2,-0.2,6,39,6,3,39,Matches
Adam Webster,542,engENG,DF,Brighton,30-110,1995,6.9,429,501,85.6,7934,3140,169,177,95.5,213,232,91.8,40,79,50.6,0,0.5,0.2,-0.5,3,32,2,0,40,Matches
Adam Wharton,546,engENG,MF,Crystal Palace,20-326,2004,14.0,521,689,75.6,9826,3632,197,240,82.1,249,309,80.6,67,103,65.0,2,3.0,2.1,-1.0,25,73,18,5,105,Matches
Adama Traoré,512,esESP,"FW,MF",Fulham,29-089,1996,16.9,368,513,71.7,5733,1419,204,251,81.3,124,170,72.9,25,46,54.3,5,4.1,3.9,+0.9,33,32,27,14,57,Matches
Albert Grønbaek,212,dkDEN,"FW,MF",Southampton,23-336,2001,1.6,13,18,72.2,135,43,9,11,81.8,2,4,50.0,0,0,N/a,0,0.0,0.0,0.0,1,2,0,0,1,Matches
Alejandro Garnacho,193,arARG,"MF,FW",Manchester Utd,20-297,2004,21.8,579,730,79.3,8106,1035,365,408,89.5,160,193,82.9,26,46,56.5,1,3.5,2.3,-2.5,29,19,21,3,50,Matches
Alex Iwobi,249,ngNGA,"FW,MF",Fulham,28-356,1996,29.3,995,1336,74.5,17083,5031,501,584,85.8,388,500,77.6,88,162,54.3,5,6.4,6.3,-1.4,52,100,74,15,185,Matches
Alex McCarthy,336,engENG,GK,Southampton,35-142,1989,5.0,117,156,75.0,2823,1985,41,43,95.3,45,49,91.8,30,61,49.2,0,0.0,0.0,0.0,0,5,0,0,0,Matches
Alex Palmer,399,engENG,GK,Ipswich Town,28-257,1996,9.0,191,278,68.7,5649,4148,40,42,95.2,83,83,100.0,68,153,44.4,0,0.0,0.0,0.0,1,3,0,0,1,Matches
Alex Scott,457,engENG,MF,Bournemouth,21-246,2003,6.8,233,277,84.1,3775,1167,117,131,89.3,94,103,91.3,16,26,61.5,0,0.8,0.8,-0.8,9,35,4,0,48,Matches
Alexander Isak,248,seSWE,FW,Newcastle Utd,25-215,1999,26.8,441,599,73.6,6305,1440,259,314,82.5,137,177,77.4,22,35,62.9,6,4.0,3.4,+2.0,38,32,23,1,74,Matches
Alexis Mac Allister,312,arARG,MF,Liverpool,26-121,1998,27.5,1210,1451,83.4,19378,5475,624,694,89.9,472,534,88.4,84,150,56.0,4,4.4,4.9,-0.4,41,116,34,2,169,Matches
Alfie Dorrington,144,engENG,DF,Tottenham,20-004,2005,0.2,15,16,93.8,304,39,6,7,85.7,7,7,100.0,2,2,100.0,0,0.0,0.0,0.0,0,0,0,0,0,Matches
Alfie Pond,413,engENG,DF,Wolves,21-054,2004,0.0,1,1,100.0,23,0,0,0,N/a,1,1,100.0,0,0,N/a,0,0.0,0.0,0.0,0,0,0,0,0,Matches
Ali Al Hamadi,223,iqIRQ,FW,Ipswich Town,23-054,2002,1.5,25,30,83.3,278,29,20,23,87.0,5,7,71.4,0,0,N/a,0,0.1,0.0,-0.1,2,0,0,0,3,Matches
Alisson,16,brBRA,GK,Liverpool,32-204,1992,22.9,590,716,82.4,13140,8631,178,180,98.9,309,314,98.4,102,218,46.8,0,0.6,0.2,-0.6,1,10,0,0,0,Matches
Alphonse Areola,31,frFRA,GK,West Ham,32-056,1993,21.1,583,833,70.0,15548,10598,125,126,99.2,283,298,95.0,172,399,43.1,0,0.0,0.0,0.0,0,7,0,0,0,Matches
Altay Bayındır,48,trTUR,GK,Manchester Utd,27-010,1998,1.0,32,61,52.5,942,540,2,2,100.0,17,20,85.0,13,39,33.3,0,0.0,0.0,0.0,0,1,0,0,0,Matches
Amad Diallo,130,ciCIV,"FW,MF",Manchester Utd,22-287,2002,17.7,658,794,82.9,9051,1880,407,450,90.4,185,217,85.3,33,63,52.4,6,3.9,3.6,+2.1,39,25,29,5,53,Matches
Amadou Onana,390,beBEL,MF,Aston Villa,23-251,2001,15.0,589,666,88.4,9251,2316,301,319,94.4,250,278,89.9,25,35,71.4,0,0.3,0.5,-0.3,7,52,8,1,58,Matches
Andreas Pereira,405,brBRA,MF,Fulham,29-113,1996,20.4,624,905,69.0,11362,3622,288,345,83.5,239,306,78.1,84,202,41.6,4,4.3,4.2,-0.3,54,64,19,4,98,Matches
Andrew Robertson,432,sctSCO,DF,Liverpool,31-044,1994,24.6,1405,1688,83.2,23582,7509,689,730,94.4,600,690,87.0,99,212,46.7,0,4.1,3.9,-4.1,38,139,27,15,163,Matches
André,26,brBRA,MF,Wolves,23-282,2001,23.2,1026,1106,92.8,16152,4546,522,548,95.3,403,423,95.3,61,77,79.2,0,0.7,0.5,-0.7,13,95,4,0,90,Matches
André Onana,391,cmCMR,GK,Manchester Utd,29-022,1996,32.0,892,1222,73.0,21204,12788,211,213,99.1,495,500,99.0,181,500,36.2,0,0.2,0.2,-0.2,1,23,0,0,1,Matches
Andrés García,192,esESP,"DF,MF",Aston Villa,22-076,2003,3.5,174,201,86.6,2725,577,89,96,92.7,74,82,90.2,7,13,53.8,0,0.2,0.4,-0.2,3,9,8,5,15,Matches
Andy Irving,247,sctSCO,MF,West Ham,24-346,2000,1.8,109,124,87.9,1705,439,61,64,95.3,36,43,83.7,9,9,100.0,0,0.2,0.1,-0.2,1,14,1,1,9,Matches
Anthony Elanga,159,seSWE,FW,Nott'ham Forest,22-362,2002,22.8,426,652,65.3,6133,2060,259,308,84.1,110,174,63.2,35,102,34.3,9,4.4,3.9,+4.6,40,26,23,7,47,Matches
Anthony Gordon,206,engENG,FW,Newcastle Utd,24-059,2001,24.2,642,884,72.6,9893,3273,358,417,85.9,217,280,77.5,48,115,41.7,5,4.9,4.8,+0.1,49,59,49,16,91,Matches
Antoine Semenyo,460,ghGHA,FW,Bournemouth,25-107,2000,31.4,713,972,73.4,10210,2622,432,508,85.0,227,296,76.7,30,79,38.0,4,5.7,4.1,-1.7,44,47,44,8,103,Matches
Antonee Robinson,433,usUSA,DF,Fulham,27-259,1997,32.2,1482,1936,76.5,25356,9277,710,821,86.5,629,797,78.9,124,219,56.6,10,4.1,3.8,+5.9,41,109,50,26,120,Matches
Antony,28,brBRA,"DF,MF",Manchester Utd,25-059,2000,1.6,56,69,81.2,688,111,45,51,88.2,9,14,64.3,1,1,100.0,0,0.1,0.2,-0.1,3,1,5,2,6,Matches
Antonín Kinský,281,czCZE,GK,Tottenham,22-042,2003,4.0,116,145,80.0,2699,1686,17,17,100.0,73,76,96.1,23,48,47.9,0,0.1,0.0,-0.1,1,2,0,0,1,Matches
Archie Gray,208,engENG,"DF,MF",Tottenham,19-043,2006,15.0,900,1014,88.8,15780,4890,344,372,92.5,493,530,93.0,51,83,61.4,0,0.1,0.2,-0.1,2,37,0,0,31,Matches
Arijanet Muric,364,xkKVX,GK,Ipswich Town,26-168,1998,18.0,454,633,71.7,11705,8247,122,122,100.0,215,221,97.3,115,283,40.6,0,0.0,0.0,0.0,0,14,0,0,1,Matches
Armando Broja,70,alALB,FW,Everton,23-226,2001,3.7,53,73,72.6,594,101,35,45,77.8,10,12,83.3,2,3,66.7,0,0.2,0.1,-0.2,4,3,0,0,2,Matches
Armel Bella Kotchap,50,deGER,DF,Southampton,23-134,2001,3.7,202,224,90.2,3829,956,65,66,98.5,119,123,96.7,16,29,55.2,0,0.0,0.0,0.0,0,6,0,0,5,Matches
Asher Agbinone,7,engENG,MF,Crystal Palace,19-208,2005,0.1,2,3,66.7,32,0,1,1,100.0,1,2,50.0,0,0,N/a,0,0.0,0.0,0.0,1,0,0,0,0,Matches
Ashley Young,563,engENG,"DF,FW",Everton,39-289,1985,17.6,591,848,69.7,10908,4949,282,322,87.6,230,304,75.7,73,179,40.8,3,1.6,1.9,+1.4,19,68,17,8,81,Matches
Axel Disasi,136,frFRA,DF,Aston Villa,27-044,1998,5.4,243,280,86.8,4080,1517,103,109,94.5,131,146,89.7,8,15,53.3,0,0.4,0.3,-0.4,3,14,3,0,16,Matches
Axel Tuanzebe,519,cdCOD,DF,Ipswich Town,27-161,1997,16.1,535,644,83.1,8240,3171,294,323,91.0,207,253,81.8,23,41,56.1,1,0.3,0.2,+0.7,4,49,2,0,45,Matches
Ayden Heaven,228,engENG,DF,Manchester Utd,18-214,2006,1.1,40,49,81.6,695,185,14,17,82.4,24,27,88.9,1,3,33.3,0,0.0,0.0,0.0,0,2,0,0,2,Matches
Bart Verbruggen,529,nlNED,GK,Brighton,22-249,2002,31.0,896,1149,78.0,21170,14326,256,258,99.2,426,434,98.2,210,447,47.0,1,0.0,0.0,+1.0,1,17,1,0,2,Matches
Ben Brereton,68,clCHI,FW,Southampton,26-006,1999,5.0,128,166,77.1,1836,383,83,95,87.4,36,53,67.9,7,11,63.6,0,0.1,0.1,-0.1,3,9,2,1,9,Matches
Ben Chilwell,96,engENG,DF,Crystal Palace,28-124,1996,1.5,45,69,65.2,618,155,26,31,83.9,16,25,64.0,1,9,11.1,0,0.2,0.3,-0.2,2,4,2,0,3,Matches
Ben Davies,122,wlsWAL,DF,Tottenham,32-000,1993,10.5,704,782,90.0,13176,5396,242,259,93.4,391,413,94.7,60,86,69.8,0,0.2,0.5,-0.2,2,40,2,0,48,Matches
Ben Godfrey,198,engENG,DF,Ipswich Town,27-099,1998,1.2,46,55,83.6,632,232,30,33,90.9,15,17,88.2,0,0,N/a,0,0.0,0.0,0.0,0,5,1,0,4,Matches
Ben Johnson,261,engENG,"DF,FW",Ipswich Town,25-090,2000,14.6,292,407,71.7,4751,2001,166,192,86.5,99,132,75.0,24,49,49.0,2,1.3,0.8,+0.7,12,21,2,2,25,Matches
Ben Mee,340,engENG,DF,Brentford,35-215,1989,2.0,93,120,77.5,1751,688,34,38,89.5,51,60,85.0,8,20,40.0,0,0.0,0.0,0.0,0,10,0,0,11,Matches
Ben White,547,engENG,DF,Arsenal,27-198,1997,9.5,421,502,83.9,6823,2340,218,236,92.4,174,205,84.9,20,42,47.6,1,0.8,0.6,+0.2,7,37,8,1,42,Matches
Ben Winterburn,555,engENG,"FW,MF",Bournemouth,20-232,2004,0.3,5,7,71.4,93,44,2,3,66.7,3,4,75.0,0,0,N/a,0,0.0,0.0,0.0,0,0,0,0,0,Matches
Benoît Badiashile,42,frFRA,DF,Chelsea,24-029,2001,3.7,273,304,89.8,4820,1473,111,119,93.3,135,144,93.8,21,32,65.6,0,0.0,0.1,0.0,0,37,1,0,17,Matches
Bernardo Silva,465,ptPOR,"MF,FW",Manchester City,30-257,1994,25.7,1284,1477,86.9,19677,3579,713,776,91.9,480,541,88.7,66,101,65.3,4,4.2,3.7,-0.2,44,70,30,7,109,Matches
Bernd Leno,297,deGER,GK,Fulham,33-051,1992,33.0,1009,1247,80.9,24636,14655,200,201,99.5,599,606,98.8,199,427,46.6,1,0.1,0.1,+0.9,2,14,2,0,0,Matches
Beto,57,gwGNB,FW,Everton,27-083,1998,12.5,112,197,56.9,1537,177,66,97,68.0,30,61,49.2,7,8,87.5,0,0.8,0.3,-0.8,8,5,3,1,9,Matches
Bilal El Khannouss,277,maMAR,MF,Leicester City,20-349,2004,20.4,685,911,75.2,12215,3447,326,379,86.0,264,327,80.7,81,143,56.6,2,3.1,2.2,-1.1,29,78,25,5,112,Matches
Billy Gilmour,197,sctSCO,MF,Brighton,23-317,2001,1.1,58,67,86.6,980,346,36,38,94.7,18,22,81.8,4,7,57.1,0,0.0,0.0,0.0,0,12,2,0,11,Matches
Bobby Reid,426,jmJAM,FW,Leicester City,32-081,1993,7.8,139,198,70.2,1795,552,86,106,81.1,37,49,75.5,4,14,28.6,2,1.2,0.2,+0.8,6,8,5,0,14,Matches
Boubacar Kamara,271,frFRA,MF,Aston Villa,25-152,1999,15.3,674,756,89.2,10544,3373,348,372,93.5,287,314,91.4,26,49,53.1,0,0.9,0.7,-0.9,10,77,8,0,72,Matches
Boubacar Traoré,513,mlMLI,MF,Wolves,23-247,2001,0.0,0,0,N/a,0,0,0,0,N/a,0,0,N/a,0,0,N/a,0,0.0,0.0,0.0,0,0,0,0,0,Matches
Boubakary Soumaré,479,frFRA,MF,Leicester City,26-056,1999,21.2,964,1112,86.7,14611,3923,524,570,91.9,375,428,87.6,37,53,69.8,0,0.4,0.9,-0.4,11,90,13,2,93,Matches
Brajan Gruda,211,deGER,"FW,MF",Brighton,20-328,2004,5.5,135,184,73.4,1805,603,87,105,82.9,32,45,71.1,8,21,38.1,1,0.7,0.6,+0.3,12,7,10,1,17,Matches
Brandon Austin,37,engENG,GK,Tottenham,26-106,1999,1.0,22,32,68.8,526,386,7,7,100.0,9,9,100.0,6,16,37.5,0,0.0,0.0,0.0,0,0,0,0,0,Matches
Brennan Johnson,262,wlsWAL,FW,Tottenham,23-336,2001,22.1,433,605,71.6,5707,1559,266,328,81.1,137,182,75.3,11,29,37.9,3,2.3,2.0,+0.7,19,25,34,6,68,Matches
Bruno Fernandes,178,ptPOR,MF,Manchester Utd,30-228,1994,29.6,1462,1944,75.2,25699,9009,704,812,86.7,526,656,80.2,181,342,52.9,9,6.8,6.5,+2.2,77,171,63,9,264,Matches
Bruno Guimarães,216,brBRA,MF,Newcastle Utd,27-159,1997,31.4,1251,1523,82.1,20578,6766,623,689,90.4,491,563,87.2,99,172,57.6,6,5.6,4.8,+0.4,43,150,60,5,227,Matches
Bryan Mbeumo,333,cmCMR,FW,Brentford,25-260,1999,32.9,763,1134,67.3,12187,3786,417,523,79.7,273,375,72.8,59,155,38.1,6,7.8,8.5,-1.8,63,52,55,16,125,Matches
Bukayo Saka,442,engENG,"FW,MF",Arsenal,23-231,2001,16.2,470,626,75.1,7266,2140,279,310,90.0,134,185,72.4,41,85,48.2,10,6.7,6.9,+3.3,49,13,32,10,61,Matches
Caleb Kporha,287,engENG,DF,Crystal Palace,18-283,2006,0.1,5,7,71.4,72,21,4,4,100.0,0,2,0.0,1,1,100.0,0,0.0,0.0,0.0,0,0,1,1,0,Matches
Caleb Okoli,388,itITA,DF,Leicester City,23-285,2001,12.5,558,646,86.4,9738,3849,242,265,91.3,273,300,91.0,36,65,55.4,0,0.0,0.2,0.0,0,21,1,0,32,Matches
Callum Hudson-Odoi,239,engENG,"FW,MF",Nott'ham Forest,24-168,2000,23.4,660,804,82.1,9651,1957,390,424,92.0,203,248,81.9,40,80,50.0,2,2.7,2.6,-0.7,44,35,30,10,66,Matches
Callum Wilson,552,engENG,FW,Newcastle Utd,33-056,1992,2.8,26,38,68.4,352,77,13,17,76.5,11,14,78.6,0,0,N/a,0,0.1,0.0,-0.1,1,1,0,0,3,Matches
Calvin Bassey,47,ngNGA,DF,Fulham,25-114,1999,30.2,1682,1882,89.4,29683,10289,716,755,94.8,816,869,93.9,122,202,60.4,0,0.1,0.3,-0.1,2,123,2,0,95,Matches
Cameron Archer,30,engENG,FW,Southampton,23-277,2001,14.8,184,226,81.4,2410,337,117,136,86.0,51,56,91.1,5,9,55.6,0,0.4,0.6,-0.4,3,6,7,0,14,Matches
Cameron Burgess,75,auAUS,DF,Ipswich Town,29-185,1995,14.1,524,648,80.9,9467,4531,220,243,90.5,245,282,86.9,52,106,49.1,1,0.5,0.3,+0.5,6,39,4,0,38,Matches
Caoimhín Kelleher,274,ieIRL,GK,Liverpool,26-152,1998,10.0,289,382,75.7,6252,3968,99,99,100.0,147,147,100.0,43,135,31.9,0,0.0,0.0,0.0,0,6,0,0,0,Matches
Carlos Alcaraz,13,arARG,MF,Southampton,22-145,2002,0.1,13,13,100.0,221,66,7,7,100.0,4,4,100.0,2,2,100.0,0,0.1,0.0,-0.1,1,4,1,1,6,Matches
Carlos Baleba,44,cmCMR,MF,Brighton,21-111,2004,24.7,955,1092,87.5,16072,4144,459,494,92.9,395,433,91.2,81,127,63.8,1,1.3,1.1,-0.3,20,101,22,2,108,Matches
Carlos Forbs,184,ptPOR,"MF,FW",Wolves,21-036,2004,2.6,56,87,64.4,739,228,36,48,75.0,18,25,72.0,1,5,20.0,0,0.0,0.1,0.0,1,2,3,1,8,Matches
Carlos Soler,475,esESP,"MF,FW",West Ham,28-112,1997,15.0,530,623,85.1,8264,2216,286,303,94.4,198,231,85.7,29,54,53.7,1,1.2,1.3,-0.2,14,41,11,0,52,Matches
Carlos Vinícius,532,brBRA,"FW,MF",Fulham,30-030,1995,0.1,0,2,0.0,0,0,0,1,0.0,0,0,N/a,0,0,N/a,0,0.0,0.0,0.0,0,0,0,0,0,Matches
Casemiro,86,brBRA,MF,Manchester Utd,33-060,1992,14.1,637,809,78.7,10614,3279,303,351,86.3,256,305,83.9,56,92,60.9,0,2.2,1.9,-2.2,19,64,19,6,65,Matches
Chadi Riad,428,maMAR,DF,Crystal Palace,21-311,2003,1.0,70,82,85.4,1411,568,24,28,85.7,38,41,92.7,8,13,61.5,0,0.0,0.0,0.0,0,8,1,0,7,Matches
Charlie Taylor,497,engENG,DF,Southampton,31-218,1993,3.0,154,177,87.0,2691,691,63,67,94.0,77,86,89.5,12,17,70.6,0,0.1,0.1,-0.1,1,8,2,1,8,Matches
Cheick Doucouré,146,mlMLI,MF,Crystal Palace,25-106,2000,5.0,174,204,85.3,2909,823,84,94,89.4,70,78,89.7,16,20,80.0,0,0.0,0.1,0.0,1,17,3,0,19,Matches
Chidozie Obi-Martin,385,dkDEN,FW,Manchester Utd,17-146,2007,0.5,9,12,75.0,124,31,3,4,75.0,4,5,80.0,1,2,50.0,0,0.0,0.0,0.0,0,1,0,0,1,Matches
Chiedozie Ogbene,387,ieIRL,FW,Ipswich Town,27-358,1997,2.6,32,43,74.4,415,27,20,24,83.3,8,10,80.0,1,1,100.0,0,0.1,0.0,-0.1,2,0,0,0,0,Matches
Chiquinho,97,ptPOR,MF,Wolves,25-078,2000,0.1,3,3,100.0,71,22,1,1,100.0,1,1,100.0,1,1,100.0,0,0.0,0.0,0.0,1,0,1,1,0,Matches
Chris Richards,430,usUSA,DF,Crystal Palace,25-027,2000,17.4,583,719,81.1,10347,3673,239,268,89.2,289,320,90.3,46,104,44.2,0,0.1,0.6,-0.1,2,20,0,0,34,Matches
Chris Wood,557,nzNZL,FW,Nott'ham Forest,33-138,1991,27.9,270,408,66.2,3704,803,167,235,71.1,71,107,66.4,13,19,68.4,3,2.3,1.3,+0.7,17,14,8,1,34,Matches
Christian Eriksen,165,dkDEN,MF,Manchester Utd,33-069,1992,11.0,543,683,79.5,9068,2809,294,319,92.2,172,215,80.0,56,114,49.1,1,2.6,2.1,-1.6,22,53,8,2,49,Matches
Christian Nørgaard,381,dkDEN,MF,Brentford,31-045,1994,26.3,985,1205,81.7,16249,5403,491,564,87.1,415,482,86.1,62,106,58.5,2,0.8,0.9,+1.2,15,119,22,3,122,Matches
Christian Walton,535,engENG,GK,Ipswich Town,29-166,1995,6.0,152,226,67.3,4170,2976,41,41,100.0,69,71,97.2,42,114,36.8,0,0.0,0.0,0.0,1,1,0,0,0,Matches
Christopher Nkunku,376,frFRA,FW,Chelsea,27-161,1997,10.2,299,334,89.5,3928,760,185,202,91.6,95,103,92.2,6,6,100.0,2,2.1,1.0,-0.1,14,26,7,0,25,Matches
Cody Gakpo,190,nlNED,FW,Liverpool,25-352,1999,17.3,403,526,76.6,5722,1483,250,287,87.1,123,182,67.6,16,28,57.1,3,3.5,2.9,-0.5,32,22,26,8,49,Matches
Cole Palmer,400,engENG,MF,Chelsea,22-353,2002,30.5,987,1287,76.7,18682,4886,411,479,85.8,405,478,84.7,148,250,59.2,8,9.2,7.9,-1.2,76,141,58,15,191,Matches
Conor Bradley,65,nirNIR,DF,Liverpool,21-289,2003,5.9,358,427,83.8,5339,1376,206,225,91.6,134,152,88.2,11,31,35.5,1,0.5,0.6,+0.5,5,20,3,1,25,Matches
Conor Chaplin,93,engENG,"MF,FW",Ipswich Town,28-067,1997,6.9,171,234,73.1,2676,699,85,102,83.3,75,96,78.1,6,18,33.3,1,0.6,0.6,+0.4,6,17,7,2,25,Matches
Conor Coady,103,engENG,DF,Leicester City,32-058,1993,14.0,710,785,90.4,12280,4589,304,314,96.8,362,374,96.8,42,81,51.9,0,0.1,0.5,-0.1,1,29,2,0,26,Matches
Conor Townsend,511,engENG,DF,Ipswich Town,32-051,1993,3.7,80,127,63.0,1418,756,32,39,82.1,41,55,74.5,7,24,29.2,1,0.7,0.2,+0.3,4,7,2,2,8,Matches
Craig Dawson,124,engENG,DF,Wolves,34-353,1990,10.8,484,559,86.6,9745,3180,149,161,92.5,267,287,93.0,57,95,60.0,0,0.0,0.1,0.0,2,22,1,0,20,Matches
Cristian Romero,439,arARG,DF,Tottenham,26-362,1998,15.7,1094,1223,89.5,20402,8197,370,405,91.4,630,665,94.7,80,126,63.5,0,0.6,0.8,-0.6,7,109,8,1,71,Matches
Crysencio Summerville,491,nlNED,"FW,MF",West Ham,23-176,2001,8.7,194,254,76.4,2881,640,125,148,84.5,55,62,88.7,11,22,50.0,1,1.7,1.7,-0.7,17,13,12,5,18,Matches
Curtis Jones,264,engENG,"MF,DF",Liverpool,24-084,2001,15.7,800,858,93.2,11625,2335,461,476,96.8,292,314,93.0,28,38,73.7,3,1.0,1.4,+2.0,19,58,16,0,83,Matches
Daichi Kamada,270,jpJPN,MF,Crystal Palace,28-262,1996,14.9,511,643,79.5,8122,2137,277,315,87.9,196,239,82.0,27,49,55.1,0,1.8,1.4,-1.8,19,39,13,2,73,Matches
Dan Burn,76,engENG,DF,Newcastle Utd,32-350,1992,32.0,1524,1708,89.2,27526,9632,543,596,91.1,878,927,94.7,90,146,61.6,0,0.8,1.0,-0.8,7,30,7,0,54,Matches
Dane Scarlett,453,engENG,"FW,MF",Tottenham,21-031,2004,0.4,3,5,60.0,37,20,2,2,100.0,1,1,100.0,0,1,0.0,1,0.0,0.0,+1.0,1,0,0,0,1,Matches
Dango Ouattara,397,bfBFA,FW,Bournemouth,23-072,2002,20.5,339,567,59.8,5400,1561,194,268,72.4,112,180,62.2,25,64,39.1,4,5.2,3.2,-1.2,31,20,23,9,41,Matches
Daniel Bentley,53,engENG,GK,Wolves,31-285,1993,1.0,20,34,58.8,552,422,2,2,100.0,12,12,100.0,6,20,30.0,0,0.0,0.0,0.0,0,0,0,0,0,Matches
Daniel Jebbison,254,engENG,FW,Bournemouth,21-254,2003,0.8,25,30,83.3,228,36,17,19,89.5,1,1,100.0,0,1,0.0,0,0.2,0.1,-0.2,3,1,1,0,3,Matches
Daniel Muñoz,363,coCOL,DF,Crystal Palace,28-333,1996,31.9,1004,1324,75.8,15308,4450,569,664,85.7,374,485,77.1,43,97,44.3,4,4.4,3.1,-0.4,39,53,31,13,83,Matches
Daniel Podence,412,ptPOR,"MF,FW",Wolves,29-185,1995,0.5,11,16,68.8,132,78,7,7,100.0,3,3,100.0,0,2,0.0,0,0.0,0.0,0.0,0,1,1,0,2,Matches
Danilo,119,brBRA,"MF,FW",Nott'ham Forest,23-360,2001,3.0,89,114,78.1,1435,534,43,51,84.3,36,43,83.7,6,10,60.0,0,0.0,0.0,0.0,0,13,0,0,11,Matches
Danny Ings,245,engENG,"FW,MF",West Ham,32-275,1992,3.2,63,92,68.5,830,126,41,49,83.7,19,29,65.5,1,5,20.0,2,1.3,0.1,+0.7,6,4,1,0,5,Matches
Danny Ward,537,wlsWAL,GK,Leicester City,31-306,1993,1.5,41,53,77.4,1162,949,6,6,100.0,20,20,100.0,15,27,55.6,0,0.0,0.0,0.0,0,2,0,0,0,Matches
Danny Welbeck,543,engENG,FW,Brighton,34-149,1990,19.6,332,397,83.6,3879,762,218,254,85.8,75,86,87.2,7,7,100.0,4,1.1,1.2,+2.9,17,14,12,0,39,Matches
Dara O'Shea,384,ieIRL,DF,Ipswich Town,26-051,1999,29.7,1079,1388,77.7,21525,9433,349,404,86.4,598,703,85.1,121,240,50.4,2,0.5,0.7,+1.5,3,81,3,1,70,Matches
Darwin Núñez,379,uyURU,FW,Liverpool,25-304,1999,11.2,144,205,70.2,2149,526,78,97,80.4,43,59,72.9,12,18,66.7,2,1.2,0.4,+0.8,9,9,2,0,25,Matches
David Brooks,71,wlsWAL,"FW,MF",Bournemouth,27-290,1997,9.1,243,328,74.1,3748,1129,138,163,84.7,80,105,76.2,18,36,50.0,0,1.7,1.7,-1.7,16,15,15,5,27,Matches
David Raya,422,esESP,GK,Arsenal,29-221,1995,34.0,945,1265,74.7,22291,15282,265,267,99.3,491,499,98.4,188,494,38.1,0,0.0,0.1,0.0,0,39,1,0,12,Matches
Dean Henderson,231,engENG,GK,Crystal Palace,28-043,1997,34.0,672,1087,61.8,18496,12196,162,163,99.4,319,321,99.4,187,598,31.3,0,0.1,0.1,-0.1,2,20,1,0,0,Matches
Dean Huijsen,241,esESP,DF,Bournemouth,20-010,2005,22.8,1120,1333,84.0,22710,9019,355,398,89.2,602,659,91.4,152,245,62.0,1,2.0,1.5,-1.0,14,138,7,2,107,Matches
Declan Rice,429,engENG,MF,Arsenal,26-100,1999,28.6,1285,1537,83.6,21932,5804,634,686,92.4,514,569,90.3,112,227,49.3,7,6.5,5.5,+0.5,55,123,34,5,175,Matches
Dejan Kulusevski,290,seSWE,"MF,FW",Tottenham,24-364,2000,24.8,639,864,74.0,8972,2858,383,445,86.1,198,253,78.3,31,77,40.3,4,6.1,3.9,-2.1,64,61,52,6,121,Matches
Destiny Udogie,520,itITA,DF,Tottenham,22-147,2002,19.4,915,1046,87.5,13224,4433,517,567,91.2,346,382,90.6,22,27,81.5,1,1.4,1.1,-0.4,15,86,6,1,117,Matches
Diego Carlos,84,brBRA,DF,Aston Villa,32-040,1993,9.2,534,603,88.6,10941,4103,138,151,91.4,341,362,94.2,54,83,65.1,0,0.0,0.1,0.0,0,23,1,0,34,Matches
Diego Gómez,203,pyPAR,MF,Brighton,22-028,2003,4.8,199,251,79.3,3039,725,112,131,85.5,72,86,83.7,10,21,47.6,0,0.5,0.8,-0.5,5,12,4,1,18,Matches
Diogo Dalot,117,ptPOR,DF,Manchester Utd,26-037,1999,31.0,1336,1659,80.5,21497,6609,691,769,89.9,519,634,81.9,93,168,55.4,3,2.0,2.5,+1.0,26,61,25,8,102,Matches
Diogo Jota,266,ptPOR,FW,Liverpool,28-141,1996,11.9,193,281,68.7,2864,698,105,139,75.5,66,90,73.3,11,19,57.9,3,1.8,1.1,+1.2,11,28,3,1,33,Matches
Divin Mubama,359,engENG,FW,Manchester City,20-181,2004,0.3,2,3,66.7,44,18,1,1,100.0,0,0,N/a,1,1,100.0,0,0.0,0.0,0.0,0,0,0,0,1,Matches
Djed Spence,480,engENG,DF,Tottenham,24-258,2000,15.8,850,979,86.8,12151,3586,503,535,94.0,289,331,87.3,30,52,57.7,2,1.7,1.3,+0.3,10,72,16,7,94,Matches
Dominic Calvert-Lewin,83,engENG,FW,Everton,28-039,1997,17.5,174,278,62.6,2035,488,126,180,70.0,35,60,58.3,3,8,37.5,1,0.6,0.7,+0.4,7,19,5,1,19,Matches
Dominic Solanke,474,engENG,FW,Tottenham,27-222,1997,22.8,248,345,71.9,3322,913,151,197,76.6,64,83,77.1,12,18,66.7,3,2.9,1.1,+0.1,14,27,9,0,45,Matches
Dominik Szoboszlai,493,huHUN,MF,Liverpool,24-181,2000,24.3,996,1178,84.6,15375,3055,548,615,89.1,317,360,88.1,81,112,72.3,3,5.1,4.5,-2.1,43,74,31,5,110,Matches
Donyell Malen,320,nlNED,FW,Aston Villa,26-105,1999,3.0,45,64,70.3,580,124,29,35,82.9,12,16,75.0,2,4,50.0,0,0.1,0.1,-0.1,2,2,1,0,5,Matches
Dwight McNeil,338,engENG,"MF,FW",Everton,25-153,1999,12.9,378,517,73.1,7197,2484,170,198,85.9,136,167,81.4,64,119,53.8,4,3.8,3.8,+0.2,33,33,33,10,61,Matches
Eberechi Eze,171,engENG,"MF,FW",Crystal Palace,26-299,1998,26.0,707,948,74.6,11848,3088,349,409,85.3,276,331,83.4,64,148,43.2,8,5.2,3.8,+2.8,53,46,32,3,85,Matches
Eddie Nketiah,375,engENG,"FW,MF",Crystal Palace,25-329,1999,9.8,165,220,75.0,2479,509,89,112,79.5,55,66,83.3,12,17,70.6,1,1.5,0.8,-0.5,11,11,4,0,17,Matches
Ederson,153,brBRA,GK,Manchester City,31-250,1993,21.8,693,787,88.1,17056,11243,123,123,100.0,403,410,98.3,165,251,65.7,4,1.5,0.2,+2.5,4,20,1,0,1,Matches
Edmond-Paris Maghoma,316,engENG,"MF,FW",Brentford,23-351,2001,1.3,76,84,90.5,1259,343,38,40,95.0,29,31,93.5,6,7,85.7,0,0.1,0.0,-0.1,1,2,0,0,13,Matches
Edson Álvarez,18,mxMEX,MF,West Ham,27-182,1997,18.1,763,890,85.7,12894,3657,372,419,88.8,322,359,89.7,61,83,73.5,1,0.8,0.8,+0.2,11,80,11,3,75,Matches
Eiran Cashin,89,ieIRL,DF,Brighton,23-166,2001,0.2,23,28,82.1,407,196,9,10,90.0,13,13,100.0,1,5,20.0,0,0.0,0.0,0.0,0,5,0,0,6,Matches
Elliot Anderson,25,engENG,MF,Nott'ham Forest,22-169,2002,25.7,863,1109,77.8,13736,4717,457,513,89.1,313,391,80.1,62,132,47.0,6,3.1,3.2,+2.9,34,90,17,2,115,Matches
Emerson Palmieri,401,itITA,DF,West Ham,30-264,1994,21.4,791,992,79.7,11534,4312,477,532,89.7,252,314,80.3,42,97,43.3,1,1.5,2.2,-0.5,16,45,13,5,60,Matches
Emi Buendía,72,arARG,"MF,FW",Aston Villa,28-120,1996,1.1,49,60,81.7,624,166,33,36,91.7,12,14,85.7,1,5,20.0,0,0.0,0.0,0.0,1,4,1,0,7,Matches
Emil Krafth,288,seSWE,DF,Newcastle Utd,30-265,1994,3.2,104,130,80.0,1661,734,49,60,81.7,46,53,86.8,5,10,50.0,0,0.1,0.0,-0.1,1,6,0,0,7,Matches
Emile Smith Rowe,473,engENG,MF,Fulham,24-270,2000,20.3,819,910,90.0,11768,2274,471,511,92.2,307,322,95.3,18,26,69.2,2,1.1,1.7,+0.9,18,73,15,1,116,Matches
Emiliano Martínez,326,arARG,GK,Aston Villa,32-234,1992,32.0,986,1248,79.0,25707,15650,174,178,97.8,573,584,98.1,239,479,49.9,0,0.5,0.1,-0.5,2,21,0,0,3,Matches
Emmanuel Agbadou,6,ciCIV,DF,Wolves,27-311,1997,10.7,509,609,83.6,10404,3762,165,182,90.7,271,296,91.6,69,116,59.5,0,0.1,0.1,-0.1,2,21,1,0,20,Matches
Enes Ünal,523,trTUR,"FW,MF",Bournemouth,27-349,1997,3.8,63,99,63.6,685,192,40,52,76.9,17,28,60.7,0,1,0.0,1,0.4,0.3,+0.6,4,4,4,0,12,Matches
Enzo Fernández,180,arARG,MF,Chelsea,24-097,2001,27.8,1360,1697,80.1,24105,6848,626,704,88.9,557,656,84.9,145,247,58.7,6,6.0,6.0,0.0,69,151,39,7,193,Matches
Eric da Silva Moreira,467,deGER,"MF,DF",Nott'ham Forest,18-356,2006,0.3,7,8,87.5,86,7,6,7,85.7,1,1,100.0,0,0,N/a,0,0.0,0.0,0.0,0,0,0,0,0,Matches
Erling Haaland,221,noNOR,FW,Manchester City,24-277,2000,27.6,225,341,66.0,2706,532,156,221,70.6,50,75,66.7,4,6,66.7,3,2.8,1.8,+0.2,26,9,7,1,18,Matches
Ethan Nwaneri,380,engENG,"FW,MF",Arsenal,18-034,2007,9.1,304,379,80.2,4385,1143,192,208,92.3,82,107,76.6,18,35,51.4,2,1.0,1.6,+1.0,12,16,13,6,30,Matches
Ethan Pinnock,411,jmJAM,DF,Brentford,31-330,1993,21.3,924,1080,85.6,17045,6094,360,382,94.2,472,528,89.4,84,145,57.9,0,1.2,0.7,-1.2,8,48,4,1,41,Matches
Evan Ferguson,176,ieIRL,FW,West Ham,20-187,2004,1.6,26,33,78.8,317,11,20,24,83.3,5,7,71.4,0,1,0.0,0,0.3,0.3,-0.3,2,0,0,0,0,Matches
Evanilson,168,brBRA,FW,Bournemouth,25-200,1999,21.1,190,276,68.8,2309,495,122,166,73.5,40,56,71.4,9,13,69.2,0,1.5,1.5,-1.5,22,14,2,0,19,Matches
Ezri Konsa,285,engENG,DF,Aston Villa,27-183,1997,28.6,1372,1480,92.7,22993,7566,598,621,96.3,707,739,95.7,52,80,65.0,0,0.4,0.5,-0.4,5,93,1,0,73,Matches
Fabian Schär,455,chSUI,DF,Newcastle Utd,33-125,1991,27.7,1391,1670,83.3,27785,10793,486,526,92.4,735,795,92.5,162,318,50.9,0,0.4,0.8,-0.4,5,124,10,0,87,Matches
Fabio Carvalho,85,ptPOR,"FW,MF",Brentford,22-237,2002,5.1,126,178,70.8,1755,442,78,94,83.0,32,45,71.1,7,18,38.9,1,0.7,0.6,+0.3,4,11,5,1,17,Matches
Facundo Buonanotte,74,arARG,"FW,MF",Leicester City,20-122,2004,15.9,420,548,76.6,6625,1689,230,268,85.8,141,173,81.5,34,70,48.6,2,3.1,2.3,-1.1,24,39,13,2,51,Matches
Federico Chiesa,95,itITA,FW,Liverpool,27-181,1997,0.4,21,25,84.0,247,63,15,16,93.8,4,6,66.7,1,1,100.0,0,0.0,0.1,0.0,0,3,0,0,2,Matches
Ferdi Kadioglu,269,trTUR,"DF,MF",Brighton,25-199,1999,4.3,144,175,82.3,2372,698,73,82,89.0,61,74,82.4,9,14,64.3,0,0.2,0.3,-0.2,5,10,9,4,15,Matches
Filip Jørgensen,268,dkDEN,GK,Chelsea,23-008,2002,6.0,158,189,83.6,2843,1649,64,64,100.0,79,81,97.5,11,40,27.5,0,0.0,0.0,0.0,0,1,0,0,0,Matches
Flynn Downes,147,engENG,MF,Southampton,26-094,1999,18.9,821,912,90.0,12090,2432,469,505,92.9,292,316,92.4,31,46,67.4,0,0.9,1.2,-0.9,14,50,10,0,56,Matches
Frank Onyeka,393,ngNGA,MF,Brentford,27-113,1998,0.3,6,7,85.7,71,19,5,5,100.0,1,1,100.0,0,0,N/a,0,0.0,0.0,0.0,0,0,1,0,1,Matches
Fraser Forster,185,engENG,GK,Tottenham,37-038,1988,7.0,168,198,84.8,3349,2105,54,55,98.2,86,90,95.6,23,47,48.9,0,0.0,0.0,0.0,0,1,0,0,0,Matches
Gabriel Jesus,256,brBRA,FW,Arsenal,28-021,1997,6.8,156,203,76.8,2030,378,103,128,80.5,41,47,87.2,4,6,66.7,0,0.7,0.5,-0.7,8,10,9,1,19,Matches
Gabriel Magalhães,315,brBRA,DF,Arsenal,27-126,1997,26.3,1480,1641,90.2,25788,7938,598,617,96.9,782,830,94.2,83,154,53.9,1,0.9,1.2,+0.1,13,145,8,0,126,Matches
Gabriel Martinelli,325,brBRA,"FW,MF",Arsenal,23-310,2001,21.7,429,604,71.0,6240,1342,276,332,83.1,119,172,69.2,24,47,51.1,4,4.5,4.0,-0.5,34,10,30,13,44,Matches
George Edmundson,154,engENG,DF,Ipswich Town,27-236,1997,0.0,1,2,50.0,9,0,1,1,100.0,0,0,N/a,0,0,N/a,0,0.0,0.0,0.0,0,0,0,0,0,Matches
George Hirst,237,sctSCO,FW,Ipswich Town,26-068,1999,5.0,51,96,53.1,604,175,36,55,65.5,10,22,45.5,1,2,50.0,1,0.3,0.1,+0.7,3,1,4,0,11,Matches
Georginio Rutter,440,frFRA,"MF,FW",Brighton,23-004,2002,18.4,237,355,66.8,3344,1174,144,187,77.0,74,111,66.7,10,16,62.5,3,2.5,1.7,+0.5,19,30,16,1,67,Matches
Gonçalo Guedes,213,ptPOR,"MF,FW",Wolves,28-146,1996,8.6,186,256,72.7,3117,789,95,113,84.1,73,96,76.0,13,29,44.8,4,1.1,0.6,+2.9,11,13,16,5,30,Matches
Guglielmo Vicario,531,itITA,GK,Tottenham,28-199,1996,21.0,681,757,90.0,13042,7613,221,223,99.1,383,393,97.5,70,132,53.0,0,0.0,0.0,0.0,0,1,0,0,1,Matches
Guido Rodríguez,436,arARG,MF,West Ham,31-012,1994,11.3,419,498,84.1,7149,2000,201,230,87.4,180,197,91.4,32,51,62.7,0,0.1,0.1,-0.1,3,36,1,0,31,Matches
Gustavo Nunes,377,brBRA,"MF,FW",Brentford,19-155,2005,0.0,0,0,N/a,0,0,0,0,N/a,0,0,N/a,0,0,N/a,0,0.0,0.0,0.0,0,0,0,0,0,Matches
Hamza Choudhury,98,bdBAN,"MF,DF",Leicester City,27-205,1997,1.5,72,84,85.7,991,249,47,50,94.0,23,29,79.3,2,4,50.0,0,0.4,0.2,-0.4,2,10,1,1,3,Matches
Harrison Armstrong,34,engENG,MF,Everton,18-095,2007,0.5,7,15,46.7,149,15,3,4,75.0,2,5,40.0,2,4,50.0,0,0.1,0.0,-0.1,1,1,0,0,1,Matches
Harrison Reed,423,engENG,MF,Fulham,30-087,1995,1.0,39,54,72.2,550,138,21,24,87.5,13,16,81.3,2,5,40.0,0,0.1,0.1,-0.1,1,1,1,0,4,Matches
Harry Amass,20,engENG,DF,Manchester Utd,18-039,2007,1.8,77,93,82.8,906,172,53,58,91.4,19,25,76.0,1,4,25.0,0,0.0,0.0,0.0,1,3,0,0,4,Matches
Harry Clarke,100,engENG,DF,Ipswich Town,24-053,2001,4.2,190,236,80.5,3442,1226,87,95,91.6,77,88,87.5,23,40,57.5,0,0.0,0.1,0.0,1,21,1,0,14,Matches
Harry Maguire,317,engENG,DF,Manchester Utd,32-050,1993,15.8,788,913,86.3,14677,4900,295,322,91.6,420,461,91.1,63,109,57.8,0,0.3,0.2,-0.3,6,39,3,0,42,Matches
Harry Toffolo,507,engENG,DF,Nott'ham Forest,29-248,1995,1.5,47,67,70.1,653,304,30,32,93.8,15,24,62.5,1,7,14.3,0,0.0,0.0,0.0,0,1,0,0,2,Matches
Harry Wilson,553,wlsWAL,"FW,MF",Fulham,28-033,1997,9.5,252,340,74.1,4209,1122,130,152,85.5,97,121,80.2,21,52,40.4,1,1.0,0.9,0.0,17,21,11,0,43,Matches
Harry Winks,554,engENG,MF,Leicester City,29-081,1996,17.1,910,1045,87.1,14101,5048,471,511,92.2,362,397,91.2,44,76,57.9,2,1.2,1.5,+0.8,17,110,7,5,101,Matches
Harvey Barnes,46,engENG,FW,Newcastle Utd,27-136,1997,14.9,363,460,78.9,5088,1517,233,269,86.6,114,152,75.0,11,17,64.7,4,3.4,3.9,+0.6,19,19,33,8,63,Matches
Harvey Elliott,160,engENG,"MF,FW",Liverpool,22-020,2003,2.0,142,177,80.2,2483,609,77,84,91.7,47,61,77.0,14,21,66.7,1,0.9,0.4,+0.1,5,13,4,0,24,Matches
Hwang Hee-chan,230,krKOR,"MF,FW",Wolves,29-088,1996,7.2,159,195,81.5,2061,395,107,123,87.0,40,47,85.1,4,5,80.0,0,0.1,0.3,-0.1,3,7,4,2,12,Matches
Hákon Rafn Valdimarsson,417,isISL,GK,Brentford,23-193,2001,1.6,46,70,65.7,1445,1110,8,8,100.0,21,21,100.0,17,41,41.5,0,0.0,0.0,0.0,0,2,0,0,0,Matches
Ian Maatsen,311,nlNED,DF,Aston Villa,23-045,2002,9.9,507,620,81.8,8095,2117,254,287,88.5,220,256,85.9,23,43,53.5,2,2.7,2.3,-0.7,18,20,15,3,39,Matches
Ibrahim Sangaré,447,ciCIV,MF,Nott'ham Forest,27-143,1997,3.1,117,149,78.5,1700,531,71,80,88.8,38,47,80.9,6,11,54.5,1,0.4,0.1,+0.6,3,9,2,0,12,Matches
Ibrahima Konaté,284,frFRA,DF,Liverpool,25-334,1999,24.8,1513,1672,90.5,28014,9647,522,557,93.7,897,943,95.1,85,149,57.0,2,1.0,0.9,+1.0,10,122,8,0,102,Matches
Idrissa Gana Gueye,191,snSEN,MF,Everton,35-210,1989,29.1,1030,1190,86.6,17456,4522,507,561,90.4,419,463,90.5,88,118,74.6,3,1.7,1.9,+1.3,19,126,10,3,122,Matches
Igor,244,brBRA,DF,Brighton,27-076,1998,10.0,628,682,92.1,11358,3723,248,257,96.5,337,354,95.2,40,56,71.4,0,0.2,0.3,-0.2,1,35,2,1,44,Matches
Iliman Ndiaye,368,snSEN,FW,Everton,25-049,2000,23.5,506,629,80.4,7654,1585,295,344,85.8,166,194,85.6,34,49,69.4,0,1.6,1.2,-1.6,17,34,14,5,44,Matches
Illia Zabarnyi,564,uaUKR,DF,Bournemouth,22-235,2002,29.6,1199,1469,81.6,25439,9497,321,354,90.7,703,774,90.8,167,314,53.2,0,0.6,0.5,-0.6,11,129,6,0,123,Matches
Ismaila Sarr,450,snSEN,"MF,FW",Crystal Palace,27-058,1998,26.6,438,658,66.6,6582,1956,237,317,74.8,165,233,70.8,21,44,47.7,4,7.0,5.6,-3.0,37,26,36,8,76,Matches
Issa Diop,135,frFRA,DF,Fulham,28-105,1997,14.9,663,758,87.5,12350,4179,233,252,92.5,379,408,92.9,46,87,52.9,0,0.1,0.1,-0.1,3,43,1,0,25,Matches
Jack Clarke,101,engENG,"FW,MF",Ipswich Town,24-152,2000,11.0,253,330,76.7,4122,1009,131,150,87.3,106,121,87.6,13,28,46.4,4,2.0,1.0,+2.0,22,23,6,0,32,Matches
Jack Grealish,209,engENG,"FW,MF",Manchester City,29-226,1995,8.0,381,435,87.6,5676,986,246,264,93.2,115,131,87.8,18,26,69.2,1,1.8,1.7,-0.8,24,23,16,0,52,Matches
Jack Harrison,225,engENG,FW,Everton,28-155,1996,20.3,363,572,63.5,5743,2109,209,257,81.3,107,154,69.5,31,94,33.0,0,3.7,3.1,-3.7,31,25,23,9,43,Matches
Jack Hinshelwood,236,engENG,"DF,MF",Brighton,20-013,2005,17.7,745,899,82.9,11324,2759,435,476,91.4,242,289,83.7,50,96,52.1,1,1.2,1.4,-0.2,12,29,8,2,55,Matches
Jack Stephens,483,engENG,DF,Southampton,31-087,1994,11.9,729,792,92.0,12666,3598,289,312,92.6,387,408,94.9,39,48,81.3,0,0.2,0.3,-0.2,3,46,5,0,49,Matches
Jack Taylor,498,ieIRL,MF,Ipswich Town,26-305,1998,6.7,260,319,81.5,4585,1304,113,131,86.3,123,142,86.6,19,34,55.9,0,0.5,0.8,-0.5,5,27,8,1,37,Matches
Jacob Greaves,210,engENG,DF,Ipswich Town,24-224,2000,19.5,774,888,87.2,12712,4892,365,392,93.1,368,401,91.8,29,69,42.0,0,0.0,0.2,0.0,2,56,1,0,48,Matches
Jacob Murphy,366,engENG,FW,Newcastle Utd,30-059,1995,22.4,562,820,68.5,8420,2696,341,404,84.4,174,259,67.2,35,83,42.2,11,7.8,5.0,+3.2,36,45,32,13,61,Matches
Jacob Ramsey,419,engENG,"FW,MF",Aston Villa,23-331,2001,16.5,470,550,85.5,6225,1446,324,352,92.0,117,139,84.2,14,19,73.7,3,2.1,2.1,+0.9,18,30,20,1,64,Matches
Jaden Philogene Bidace,408,engENG,"FW,MF",Aston Villa,23-075,2002,3.7,63,86,73.3,850,161,40,49,81.6,18,21,85.7,2,3,66.7,0,0.3,0.2,-0.3,1,1,3,0,4,Matches
Jadon Sancho,446,engENG,FW,Chelsea,25-030,2000,18.4,622,754,82.5,8411,1947,386,433,89.1,200,238,84.0,13,26,50.0,4,3.4,3.0,+0.6,35,25,46,0,86,Matches
Jahmai Simpson-Pusey,468,engENG,DF,Manchester City,19-171,2005,1.1,107,115,93.0,1754,549,47,49,95.9,57,59,96.6,3,7,42.9,0,0.0,0.0,0.0,0,3,0,0,3,Matches
Jake Evans,169,N/a,FW,Leicester City,N/a,N/a,0.0,0,0,N/a,0,0,0,0,N/a,0,0,N/a,0,0,N/a,0,0.0,0.0,0.0,0,0,0,0,0,Matches
Jake O'Brien,382,ieIRL,DF,Everton,23-344,2001,13.5,410,544,75.4,7332,3000,192,219,87.7,167,221,75.6,45,74,60.8,0,0.6,0.3,-0.6,6,36,8,5,39,Matches
Jakub Kiwior,282,plPOL,DF,Arsenal,25-068,2000,8.5,494,543,91.0,8754,2525,187,199,94.0,283,297,95.3,22,39,56.4,0,0.3,0.2,-0.3,3,45,3,0,35,Matches
Jakub Moder,351,plPOL,MF,Brighton,26-017,1999,0.1,18,22,81.8,254,82,10,14,71.4,8,8,100.0,0,0,N/a,0,0.2,0.5,-0.2,3,0,1,1,4,Matches
Jakub Stolarczyk,486,plPOL,GK,Leicester City,24-126,2000,6.0,152,224,67.9,4176,3245,47,47,100.0,46,47,97.9,58,129,45.0,0,0.0,0.0,0.0,0,2,0,0,1,Matches
James Bree,67,engENG,DF,Southampton,27-195,1997,9.9,437,521,83.9,6984,1895,208,229,90.8,197,223,88.3,24,47,51.1,1,0.9,0.7,+0.1,10,25,6,5,30,Matches
James Garner,194,engENG,"MF,DF",Everton,24-042,2001,12.7,385,538,71.6,6687,2167,172,209,82.3,166,204,81.4,39,87,44.8,1,1.3,1.2,-0.3,11,34,5,2,33,Matches
James Hill,235,engENG,DF,Bournemouth,23-104,2002,5.0,159,245,64.9,3098,1094,51,67,76.1,85,110,77.3,21,58,36.2,1,0.3,0.3,+0.7,3,20,6,0,16,Matches
James Justin,267,engENG,DF,Leicester City,27-060,1998,28.2,1024,1322,77.5,15736,4909,535,618,86.6,418,499,83.8,40,120,33.3,1,0.5,0.7,+0.5,12,66,21,7,80,Matches
James Maddison,313,engENG,MF,Tottenham,28-152,1996,19.6,1001,1232,81.3,16292,4891,477,525,90.9,413,480,86.0,72,157,45.9,6,4.1,5.8,+1.9,39,121,32,5,160,Matches
James Mcatee,334,engENG,"MF,FW",Manchester City,22-188,2002,3.3,84,104,80.8,1280,226,45,52,86.5,37,42,88.1,2,6,33.3,0,0.3,0.6,-0.3,2,7,2,0,6,Matches
James Milner,346,engENG,MF,Brighton,39-110,1986,1.9,55,73,75.3,899,347,26,28,92.9,23,30,76.7,4,10,40.0,0,0.2,0.2,-0.2,4,3,1,1,10,Matches
James Tarkowski,495,engENG,DF,Everton,32-156,1992,32.5,1045,1290,81.0,22119,8229,337,399,84.5,525,571,91.9,173,276,62.7,1,2.9,2.4,-1.9,16,83,11,0,75,Matches
James Ward-Prowse,539,engENG,MF,West Ham,30-174,1994,8.4,487,559,87.1,8180,2372,253,265,95.5,188,205,91.7,40,73,54.8,1,1.1,0.9,-0.1,12,56,4,1,43,Matches
Jamie Vardy,525,engENG,FW,Leicester City,38-103,1987,27.6,230,341,67.4,3279,373,131,175,74.9,74,94,78.7,11,17,64.7,3,2.9,2.5,+0.1,18,10,9,1,20,Matches
Jan Bednarek,49,plPOL,DF,Southampton,29-012,1996,25.1,1472,1591,92.5,25994,8489,567,594,95.5,795,842,94.4,98,129,76.0,0,0.5,0.9,-0.5,5,70,1,0,58,Matches
Jan Paul van Hecke,229,nlNED,DF,Brighton,24-320,2000,28.9,1795,2041,87.9,35321,13506,624,671,93.0,959,1031,93.0,200,305,65.6,1,1.5,1.3,-0.5,13,202,16,4,209,Matches
Jannik Vestergaard,530,dkDEN,DF,Leicester City,32-264,1992,15.5,870,959,90.7,14697,5807,397,418,95.0,416,444,93.7,48,81,59.3,0,0.1,0.1,-0.1,3,34,1,0,32,Matches
Jarell Quansah,416,engENG,DF,Liverpool,22-085,2003,3.5,206,228,90.4,3720,1253,75,77,97.4,115,126,91.3,13,20,65.0,0,0.1,0.2,-0.1,1,18,1,0,12,Matches
Jarrad Branthwaite,66,engENG,DF,Everton,22-301,2002,24.1,790,973,81.2,15498,6108,288,323,89.2,400,441,90.7,96,179,53.6,1,0.6,0.4,+0.4,2,71,2,0,54,Matches
Jarrod Bowen,64,engENG,"FW,MF",West Ham,28-125,1996,28.2,488,683,71.4,8051,2381,262,314,83.4,168,217,77.4,44,84,52.4,5,5.4,5.4,-0.4,45,37,40,6,84,Matches
Jason Steele,482,engENG,GK,Brighton,34-249,1990,2.0,101,112,90.2,2321,1556,21,21,100.0,63,65,96.9,17,26,65.4,0,0.0,0.0,0.0,0,0,0,0,0,Matches
Jay Robinson,434,engENG,MF,Southampton,18-040,2007,0.0,4,4,100.0,40,6,4,4,100.0,0,0,N/a,0,0,N/a,0,0.0,0.0,0.0,1,0,0,0,0,Matches
Jay Stansfield,481,engENG,MF,Fulham,22-151,2002,0.0,0,0,N/a,0,0,0,0,N/a,0,0,N/a,0,0,N/a,0,0.0,0.0,0.0,0,0,0,0,0,Matches
Jayden Danns,120,engENG,MF,Liverpool,19-098,2006,0.1,1,1,100.0,6,0,1,1,100.0,0,0,N/a,0,0,N/a,0,0.0,0.0,0.0,0,0,0,0,0,Matches
Jayden Meghoma,341,engENG,DF,Brentford,18-300,2006,0.1,3,3,100.0,28,7,3,3,100.0,0,0,N/a,0,0,N/a,0,0.0,0.0,0.0,0,0,0,0,0,Matches
Jean-Clair Todibo,506,frFRA,DF,West Ham,25-115,1999,15.5,712,813,87.6,12639,4423,259,279,92.8,413,436,94.7,37,82,45.1,0,0.0,0.1,0.0,2,37,1,0,27,Matches
Jean-Philippe Mateta,329,frFRA,FW,Crystal Palace,27-300,1997,27.1,269,414,65.0,3557,924,165,216,76.4,75,120,62.5,7,22,31.8,2,3.1,2.2,-1.1,27,31,15,2,46,Matches
Jean-Ricner Bellegarde,51,frFRA,"MF,FW",Wolves,26-301,1998,16.4,401,505,79.4,6195,1211,234,261,89.7,126,156,80.8,30,51,58.8,6,3.6,2.5,+2.4,26,27,15,7,35,Matches
Jefferson Lerma,298,coCOL,"MF,DF",Crystal Palace,30-181,1994,22.6,775,1026,75.5,13637,4683,362,417,86.8,318,391,81.3,77,165,46.7,1,1.5,1.6,-0.5,9,83,17,2,86,Matches
Jeffrey Schlupp,456,ghGHA,"MF,DF",Crystal Palace,32-122,1992,1.1,39,50,78.0,591,144,16,19,84.2,18,23,78.3,2,4,50.0,0,0.2,0.1,-0.2,3,4,2,0,5,Matches
Jens Cajuste,81,seSWE,MF,Ipswich Town,25-257,1999,19.7,572,694,82.4,9440,1907,262,295,88.8,269,314,85.7,28,56,50.0,0,0.6,0.6,-0.6,11,45,5,1,46,Matches
Jeremy Doku,141,beBEL,"FW,MF",Manchester City,22-332,2002,14.5,517,650,79.5,7264,1313,341,393,86.8,158,193,81.9,12,18,66.7,5,3.9,3.3,+1.1,25,10,41,5,62,Matches
Jeremy Monga,352,N/a,FW,Leicester City,N/a,N/a,0.3,5,8,62.5,66,28,2,3,66.7,3,3,100.0,0,1,0.0,0,0.0,0.0,0.0,0,1,0,0,1,Matches
Jeremy Sarmiento,449,ecECU,MF,Brighton,22-312,2002,0.1,6,6,100.0,74,1,4,4,100.0,2,2,100.0,0,0,N/a,0,0.0,0.0,0.0,0,0,0,0,0,Matches
Jesper Lindstrøm,305,dkDEN,FW,Everton,25-054,2000,13.8,297,428,69.4,4593,1335,194,225,86.2,65,99,65.7,29,65,44.6,1,2.0,2.0,-1.0,19,18,12,7,25,Matches
Joachim Andersen,23,dkDEN,DF,Crystal Palace,28-328,1996,1.0,61,83,73.5,1227,526,19,21,90.5,31,37,83.8,9,21,42.9,0,0.0,0.0,0.0,0,9,1,0,4,Matches
Joe Aribo,32,ngNGA,"MF,DF",Southampton,28-277,1996,21.2,878,992,88.5,13041,2506,480,526,91.3,341,375,90.9,31,45,68.9,0,1.6,1.2,-1.6,16,50,4,1,71,Matches
Joe Gomez,204,engENG,DF,Liverpool,27-336,1997,5.8,377,425,88.7,6689,2299,155,170,91.2,191,204,93.6,26,42,61.9,0,0.1,0.1,-0.1,2,29,0,0,35,Matches
Joe Lumley,309,engENG,GK,Southampton,30-068,1995,3.0,106,151,70.2,2342,1476,42,44,95.5,42,46,91.3,21,59,35.6,0,0.0,0.0,0.0,0,2,0,0,0,Matches
Joe Willock,551,engENG,"MF,FW",Newcastle Utd,25-247,1999,9.9,237,290,81.7,3385,743,143,162,88.3,84,97,86.6,7,17,41.2,2,1.6,0.8,+0.4,18,21,8,0,34,Matches
Joel Ward,538,engENG,DF,Crystal Palace,35-177,1989,0.0,0,2,0.0,0,0,0,1,0.0,0,1,0.0,0,0,N/a,0,0.0,0.0,0.0,0,0,0,0,0,Matches
Joelinton,260,brBRA,"MF,FW",Newcastle Utd,28-253,1996,26.6,863,1043,82.7,12199,3384,529,603,87.7,277,320,86.6,33,55,60.0,3,2.5,2.3,+0.5,23,80,17,2,116,Matches
John McGinn,337,sctSCO,"MF,FW",Aston Villa,30-188,1994,22.1,635,767,82.8,10675,2779,304,332,91.6,263,304,86.5,55,92,59.8,3,3.4,2.4,-0.4,27,60,27,7,90,Matches
John Stones,487,engENG,"DF,MF",Manchester City,30-331,1994,6.1,367,403,91.1,6382,1601,169,179,94.4,161,174,92.5,31,40,77.5,0,0.1,0.2,-0.1,2,42,0,0,21,Matches
Jonny Evans,170,nirNIR,DF,Manchester Utd,37-111,1988,3.2,174,196,88.8,2809,784,82,87,94.3,81,90,90.0,6,12,50.0,0,0.0,0.0,0.0,0,9,1,0,8,Matches
Jordan Ayew,40,ghGHA,"FW,MF",Crystal Palace,33-225,1991,0.2,8,10,80.0,167,4,3,3,100.0,4,6,66.7,1,1,100.0,0,0.0,0.0,0.0,1,0,0,0,0,Matches
Jordan Pickford,410,engENG,GK,Everton,31-048,1994,33.0,899,1370,65.6,28986,21888,131,132,99.2,376,382,98.4,391,846,46.2,1,0.4,0.2,+0.6,2,66,8,0,0,Matches
Jorge Cuenca,114,esESP,DF,Fulham,25-158,1999,2.9,102,122,83.6,1768,637,34,38,89.5,60,68,88.2,6,14,42.9,0,0.0,0.0,0.0,0,7,0,0,9,Matches
Jorginho,265,itITA,MF,Arsenal,33-125,1991,7.8,410,473,86.7,6450,1591,215,235,91.5,167,189,88.4,21,36,58.3,0,0.4,0.6,-0.4,3,44,10,0,48,Matches
Joshua Acheampong,2,engENG,DF,Chelsea,18-354,2006,1.9,104,124,83.9,2025,705,29,32,90.6,63,68,92.6,11,20,55.0,0,0.0,0.0,0.0,0,6,0,0,8,Matches
Joshua King,280,engENG,"MF,FW",Fulham,18-111,2007,0.9,32,37,86.5,477,92,18,20,90.0,13,15,86.7,0,1,0.0,0,0.4,0.7,-0.4,3,2,1,0,4,Matches
Joshua Zirkzee,566,nlNED,"FW,MF",Manchester Utd,23-337,2001,15.6,292,410,71.2,3600,901,196,251,78.1,61,82,74.4,9,18,50.0,1,1.5,1.1,-0.5,12,26,6,0,44,Matches
José Sá,441,ptPOR,GK,Wolves,32-097,1993,25.0,482,773,62.4,12711,8829,98,99,99.0,264,272,97.1,119,397,30.0,0,0.1,0.0,-0.1,2,17,1,0,2,Matches
Jota Silva,466,ptPOR,"FW,MF",Nott'ham Forest,25-266,1999,9.2,113,185,61.1,1602,445,64,83,77.1,34,57,59.6,6,14,42.9,1,2.9,1.8,-1.9,14,4,9,3,16,Matches
João Félix,175,ptPOR,"FW,MF",Chelsea,25-165,1999,4.1,171,199,85.9,2588,663,95,105,90.5,62,68,91.2,10,15,66.7,1,1.0,0.5,0.0,6,22,8,0,26,Matches
João Gomes,200,brBRA,MF,Wolves,24-071,2001,28.9,1180,1386,85.1,16906,4306,693,762,90.9,359,418,85.9,61,101,60.4,1,1.1,1.8,-0.1,20,105,21,1,142,Matches
João Pedro,259,brBRA,"FW,MF",Brighton,23-210,2001,21.6,482,661,72.9,6847,1766,300,381,78.7,133,177,75.1,29,44,65.9,6,5.0,3.1,+1.0,30,42,36,5,78,Matches
Joël Veltman,527,nlNED,DF,Brighton,33-099,1992,18.3,716,895,80.0,12082,3157,354,394,89.8,291,361,80.6,62,98,63.3,0,0.5,1.3,-0.5,6,61,8,5,79,Matches
Joško Gvardiol,220,hrCRO,DF,Manchester City,23-091,2002,32.4,2240,2464,90.9,36418,9874,1082,1147,94.3,1042,1119,93.1,95,140,67.9,0,2.0,2.8,-2.0,25,225,19,1,240,Matches
Julian Araujo,29,mxMEX,DF,Bournemouth,23-254,2001,4.0,143,181,79.0,2451,767,68,76,89.5,65,77,84.4,9,22,40.9,0,0.0,0.0,0.0,0,15,1,0,14,Matches
Julio Enciso,162,pyPAR,"MF,FW",Ipswich Town,21-091,2004,6.1,126,177,71.2,1993,642,62,81,76.5,49,65,75.4,7,12,58.3,3,1.2,1.0,+1.8,9,12,6,0,22,Matches
Julio Soler,476,arARG,FW,Bournemouth,20-067,2005,0.0,0,1,0.0,0,0,0,0,N/a,0,1,0.0,0,0,N/a,0,0.0,0.0,0.0,0,0,0,0,0,Matches
Jurriën Timber,505,nlNED,DF,Arsenal,23-311,2001,26.9,1194,1395,85.6,17327,4642,674,741,91.0,472,549,86.0,27,51,52.9,3,0.8,1.3,+2.2,17,107,17,2,146,Matches
Justin Devenny,128,nirNIR,MF,Crystal Palace,21-195,2003,4.8,120,170,70.6,1883,518,66,82,80.5,40,58,69.0,8,21,38.1,0,0.4,0.4,-0.4,6,15,4,1,16,Matches
Justin Kluivert,283,nlNED,"MF,FW",Bournemouth,25-354,1999,22.5,495,671,73.8,7749,2173,270,325,83.1,165,217,76.0,43,78,55.1,6,4.8,3.4,+1.2,44,40,31,6,94,Matches
Jáder Durán,152,coCOL,FW,Aston Villa,21-132,2003,7.1,115,163,70.6,1558,307,68,84,81.0,34,50,68.0,5,11,45.5,0,0.2,0.3,-0.2,4,10,1,0,13,Matches
Jørgen Strand Larsen,488,noNOR,FW,Wolves,25-077,2000,26.5,262,414,63.3,3398,632,162,228,71.1,65,104,62.5,12,16,75.0,2,2.4,1.0,-0.4,19,17,4,1,26,Matches
Kaelan Casey,87,engENG,DF,West Ham,20-178,2004,0.0,0,0,N/a,0,0,0,0,N/a,0,0,N/a,0,0,N/a,0,0.0,0.0,0.0,0,0,0,0,0,Matches
Kai Havertz,227,deGER,"FW,MF",Arsenal,25-317,1999,20.4,401,511,78.5,4833,1010,281,334,84.1,94,114,82.5,5,11,45.5,3,2.4,1.7,+0.6,16,26,8,1,59,Matches
Kalvin Phillips,407,engENG,MF,Ipswich Town,29-143,1995,13.5,426,537,79.3,8392,2418,160,193,82.9,201,232,86.6,59,95,62.1,0,0.2,0.5,-0.2,5,48,6,1,49,Matches
Kamaldeen Sulemana,490,ghGHA,"FW,MF",Southampton,23-068,2002,11.6,224,284,78.9,3297,501,139,156,89.1,69,83,83.1,11,26,42.3,1,0.7,0.7,+0.3,9,6,10,6,24,Matches
Kaoru Mitoma,350,jpJPN,"FW,MF",Brighton,27-339,1997,27.7,694,918,75.6,9028,2059,466,536,86.9,174,246,70.7,22,49,44.9,3,4.4,3.7,-1.4,35,33,32,8,81,Matches
Kasey McAteer,335,ieIRL,"FW,MF",Leicester City,23-153,2001,5.4,115,165,69.7,1587,400,77,91,84.6,32,46,69.6,4,8,50.0,1,0.5,0.3,+0.5,6,6,5,2,9,Matches
Keane Lewis-Potter,300,engENG,"DF,FW",Brentford,24-061,2001,30.2,858,1112,77.2,14139,4201,462,517,89.4,294,372,79.0,76,153,49.7,3,3.0,4.6,0.0,22,56,40,14,88,Matches
Kenny Tete,500,nlNED,DF,Fulham,29-197,1995,15.0,592,728,81.3,9544,3187,311,340,91.5,212,266,79.7,50,78,64.1,2,0.7,0.5,+1.3,5,53,6,4,42,Matches
Kepa Arrizabalaga,35,esESP,GK,Bournemouth,30-203,1994,26.0,618,861,71.8,17014,11673,96,98,98.0,318,324,98.1,203,432,47.0,0,0.0,0.0,0.0,1,8,0,0,2,Matches
Kevin Danso,121,atAUT,DF,Tottenham,26-217,1998,4.4,307,339,90.6,5519,1728,103,111,92.8,185,194,95.4,16,30,53.3,0,0.0,0.1,0.0,1,20,2,1,16,Matches
Kevin De Bruyne,125,beBEL,"MF,FW",Manchester City,33-300,1991,16.2,756,1000,75.6,12912,3720,382,449,85.1,289,377,76.7,75,129,58.1,7,7.6,5.7,-0.6,51,75,48,10,128,Matches
Kevin Schade,454,deGER,FW,Brentford,23-148,2001,21.5,279,475,58.7,4339,1249,155,224,69.2,98,163,60.1,17,41,41.5,2,3.3,1.6,-1.3,19,29,9,3,32,Matches
Kieran Tierney,504,sctSCO,"DF,FW",Arsenal,27-323,1997,2.0,96,117,82.1,1508,461,52,55,94.5,36,46,78.3,6,11,54.5,0,0.9,0.5,-0.9,7,7,5,2,12,Matches
Kieran Trippier,516,engENG,DF,Newcastle Utd,34-217,1990,12.2,813,1000,81.3,13991,4978,389,414,94.0,344,404,85.1,66,144,45.8,1,0.7,0.8,+0.3,16,53,10,1,78,Matches
Kiernan Dewsbury-Hall,129,engENG,"MF,FW",Chelsea,26-230,1998,2.9,127,151,84.1,1898,319,75,82,91.5,47,56,83.9,5,9,55.6,1,1.1,0.2,-0.1,3,12,3,0,14,Matches
Kim Jisoo,258,krKOR,DF,Brentford,20-121,2004,0.3,25,28,89.3,552,202,8,9,88.9,11,12,91.7,6,7,85.7,0,0.0,0.0,0.0,0,1,0,0,2,Matches
Kobbie Mainoo,318,engENG,MF,Manchester Utd,20-005,2005,15.0,608,705,86.2,8062,2051,390,424,92.0,153,173,88.4,26,37,70.3,0,1.5,1.3,-1.5,13,45,9,0,55,Matches
Konstantinos Mavropanos,331,grGRE,DF,West Ham,27-134,1997,20.6,960,1121,85.6,18880,6485,308,338,91.1,557,605,92.1,89,155,57.4,0,0.5,0.4,-0.5,4,58,4,1,58,Matches
Kosta Nedeljković,370,rsSRB,DF,Aston Villa,19-129,2005,1.4,47,53,88.7,853,185,22,23,95.7,21,25,84.0,4,5,80.0,0,0.0,0.0,0.0,0,5,0,0,6,Matches
Kostas Tsimikas,518,grGRE,DF,Liverpool,28-347,1996,7.4,447,534,83.7,7676,2524,214,227,94.3,182,206,88.3,42,82,51.2,1,1.8,2.0,-0.8,11,39,9,3,67,Matches
Kristoffer Ajer,10,noNOR,DF,Brentford,27-007,1998,15.4,482,616,78.2,7521,2707,250,288,86.8,189,237,79.7,26,53,49.1,0,1.2,0.5,-1.2,8,41,7,4,52,Matches
Kyle Walker,533,engENG,DF,Manchester City,34-331,1990,10.8,724,826,87.7,11928,3918,367,388,94.6,305,334,91.3,42,82,51.2,0,0.4,1.3,-0.4,7,63,7,4,64,Matches
Kyle Walker-Peters,534,engENG,DF,Southampton,28-011,1997,30.4,1420,1612,88.1,21389,6242,785,838,93.7,552,615,89.8,53,86,61.6,2,2.7,2.3,-0.7,23,113,29,4,132,Matches
Lamare Bogarde,61,nlNED,"DF,MF",Aston Villa,21-109,2004,5.3,240,272,88.2,3682,1154,129,139,92.8,107,116,92.2,3,9,33.3,0,0.1,0.1,-0.1,2,24,1,0,14,Matches
Leandro Trossard,517,beBEL,FW,Arsenal,30-141,1994,25.2,616,837,73.6,10098,2709,324,382,84.8,238,313,76.0,42,82,51.2,5,5.1,3.5,-0.1,36,40,41,9,91,Matches
Leif Davis,123,engENG,DF,Ipswich Town,25-102,2000,28.5,854,1194,71.5,14708,5905,398,463,86.0,367,474,77.4,75,201,37.3,2,4.3,4.2,-2.3,54,30,26,11,55,Matches
Leny Yoro,562,frFRA,DF,Manchester Utd,19-162,2005,10.9,605,655,92.4,9807,3264,272,286,95.1,293,310,94.5,26,40,65.0,0,0.0,0.1,0.0,0,42,2,1,43,Matches
Leon Bailey,43,jmJAM,"FW,MF",Aston Villa,27-258,1997,12.6,273,386,70.7,4275,1048,149,183,81.4,99,122,81.1,18,38,47.4,2,1.5,2.9,+0.5,16,16,20,2,35,Matches
Lesley Ugochukwu,522,frFRA,MF,Southampton,21-029,2004,15.1,509,601,84.7,7863,1734,246,281,87.5,226,246,91.9,18,32,56.3,1,1.0,0.6,0.0,13,50,6,1,47,Matches
Levi Colwill,107,engENG,DF,Chelsea,22-057,2003,30.0,2105,2349,89.6,38297,13387,729,784,93.0,1232,1295,95.1,123,216,56.9,1,1.1,1.2,-0.1,14,141,7,3,122,Matches
Lewis Cook,108,engENG,"MF,DF",Bournemouth,28-080,1997,30.1,1128,1473,76.6,19646,6765,494,583,84.7,507,598,84.8,103,227,45.4,3,4.1,3.7,-1.1,47,149,25,10,152,Matches
Lewis Dunk,151,engENG,DF,Brighton,33-154,1991,21.1,1661,1830,90.8,30964,9988,615,638,96.4,894,942,94.9,139,222,62.6,0,0.5,1.0,-0.5,6,152,6,0,137,Matches
Lewis Hall,222,engENG,DF,Newcastle Utd,20-228,2004,24.3,1300,1592,81.7,21999,8891,653,715,91.3,525,617,85.1,104,202,51.5,4,4.3,3.7,-0.3,34,114,17,5,123,Matches
Lewis Miley,345,engENG,MF,Newcastle Utd,18-358,2006,2.5,121,139,87.1,1768,296,66,76,86.8,43,45,95.6,6,7,85.7,0,0.0,0.1,0.0,1,8,4,0,13,Matches
Lewis Orford,394,engENG,MF,West Ham,19-065,2006,0.5,33,38,86.8,583,83,11,13,84.6,18,20,90.0,2,3,66.7,0,0.0,0.0,0.0,2,2,1,1,0,Matches
Liam Delap,126,engENG,FW,Ipswich Town,22-075,2003,26.2,202,330,61.2,2815,638,113,161,70.2,64,101,63.4,9,22,40.9,2,1.9,1.4,+0.1,20,16,6,0,30,Matches
Lisandro Martínez,327,arARG,DF,Manchester Utd,27-096,1998,19.5,1200,1342,89.4,20292,7055,522,554,94.2,601,646,93.0,64,116,55.2,1,1.1,1.3,-0.1,9,91,18,2,117,Matches
Lloyd Kelly,275,engENG,DF,Newcastle Utd,26-200,1998,3.4,146,181,80.7,2636,867,57,65,87.7,78,87,89.7,10,24,41.7,1,0.5,0.1,+0.5,2,6,1,1,9,Matches
Lucas Bergvall,55,seSWE,MF,Tottenham,19-081,2006,12.5,608,689,88.2,10149,2075,290,313,92.7,252,279,90.3,50,66,75.8,1,0.6,0.8,+0.4,11,50,7,3,49,Matches
Lucas Digne,134,frFRA,DF,Aston Villa,31-278,1993,24.9,924,1232,75.0,14998,4806,470,533,88.2,375,477,78.6,58,146,39.7,4,4.4,3.9,-0.4,35,43,29,18,54,Matches
Lucas Paquetá,402,brBRA,"MF,FW",West Ham,27-240,1997,24.1,990,1285,77.0,16300,5188,522,624,83.7,342,434,78.8,102,163,62.6,0,3.0,3.2,-3.0,34,114,39,4,129,Matches
Luis Díaz,132,coCOL,FW,Liverpool,28-101,1997,23.9,683,809,84.4,10916,2361,366,411,89.1,235,273,86.1,55,67,82.1,5,4.9,4.3,+0.1,53,43,43,6,102,Matches
Luis Guilherme,215,brBRA,"MF,FW",West Ham,19-074,2006,1.5,47,56,83.9,727,154,30,31,96.8,13,15,86.7,4,7,57.1,0,0.1,0.1,-0.1,3,3,3,2,3,Matches
Luis Sinisterra,469,coCOL,"FW,MF",Bournemouth,25-311,1999,2.6,73,93,78.5,1067,200,44,48,91.7,22,32,68.8,5,5,100.0,1,1.4,1.3,-0.4,9,6,2,2,6,Matches
Luke Shaw,463,engENG,DF,Manchester Utd,29-286,1995,0.9,102,116,87.9,1725,624,55,59,93.2,39,43,90.7,8,12,66.7,0,0.3,0.2,-0.3,2,6,1,1,7,Matches
Luke Thomas,502,engENG,DF,Leicester City,23-318,2001,7.7,328,417,78.7,5226,1718,170,186,91.4,132,161,82.0,21,53,39.6,0,0.1,0.2,-0.1,4,22,2,1,23,Matches
Luke Woolfenden,559,engENG,DF,Ipswich Town,26-185,1998,11.2,437,497,87.9,8028,2692,162,168,96.4,237,253,93.7,34,65,52.3,0,0.0,0.0,0.0,0,27,0,0,15,Matches
Mads Hermansen,233,dkDEN,GK,Leicester City,24-287,2000,25.5,626,1033,60.6,16429,11953,144,147,98.0,296,312,94.9,186,569,32.7,0,0.0,0.0,0.0,0,20,1,0,1,Matches
Mads Roerslev,437,dkDEN,DF,Brentford,25-304,1999,12.2,422,536,78.7,6925,2249,205,233,88.0,179,224,79.9,27,49,55.1,2,3.0,2.1,-1.0,14,37,11,4,51,Matches
Malo Gusto,219,frFRA,DF,Chelsea,21-340,2003,20.2,1168,1352,86.4,19089,4800,571,613,93.1,502,569,88.2,68,111,61.3,1,1.2,1.8,-0.2,20,107,18,6,118,Matches
Manuel Akanji,11,chSUI,DF,Manchester City,29-279,1995,19.0,1395,1486,93.9,22867,6253,671,700,95.9,642,672,95.5,68,92,73.9,0,0.4,1.1,-0.4,9,150,11,2,135,Matches
Manuel Ugarte Ribeiro,521,uyURU,MF,Manchester Utd,24-013,2001,17.7,683,784,87.1,11224,2384,345,388,88.9,264,284,93.0,56,76,73.7,0,0.6,0.6,-0.6,7,47,9,3,53,Matches
Marc Cucurella,113,esESP,DF,Chelsea,26-276,1998,28.2,1454,1658,87.7,22733,6305,736,784,93.9,633,706,89.7,56,102,54.9,1,1.8,2.2,-0.8,17,103,12,3,97,Matches
Marc Guiu,217,esESP,FW,Chelsea,19-110,2006,0.8,11,16,68.8,110,4,9,13,69.2,1,2,50.0,0,0,N/a,0,0.0,0.0,0.0,1,0,0,0,0,Matches
Marc Guéhi,214,engENG,DF,Crystal Palace,24-285,2000,32.0,1377,1654,83.3,26335,10841,510,560,91.1,710,800,88.8,145,262,55.3,2,1.2,1.3,+0.8,12,127,11,3,126,Matches
Marco Asensio,36,esESP,"MF,FW",Aston Villa,29-093,1996,5.3,171,213,80.3,2407,709,100,111,90.1,58,69,84.1,5,17,29.4,1,0.8,0.8,+0.2,12,14,8,2,31,Matches
Marcos Senesi,461,arARG,DF,Bournemouth,27-349,1997,11.2,493,643,76.7,10211,5319,176,200,88.0,232,270,85.9,80,160,50.0,0,0.2,0.5,-0.2,3,73,12,3,51,Matches
Marcus Harness,224,engENG,MF,Ipswich Town,29-059,1996,0.5,10,16,62.5,89,23,9,11,81.8,0,1,0.0,0,1,0.0,0,0.0,0.1,0.0,0,0,2,0,2,Matches
Marcus Rashford,420,engENG,"FW,MF",Manchester Utd,27-175,1997,10.9,253,343,73.8,3508,868,168,201,83.6,56,85,65.9,14,28,50.0,1,2.1,1.4,-1.1,15,13,16,8,21,Matches
Marcus Tavernier,496,engENG,"FW,MF",Bournemouth,26-033,1999,17.3,525,723,72.6,8934,2689,253,293,86.3,219,280,78.2,44,101,43.6,5,2.8,2.5,+2.2,36,61,29,9,99,Matches
Mario Lemina,296,gaGAB,"MF,DF",Wolves,31-235,1993,15.2,493,613,80.4,9479,2966,176,207,85.0,249,284,87.7,58,95,61.1,3,1.1,1.2,+1.9,10,43,13,4,48,Matches
Mark Flekken,181,nlNED,GK,Brentford,31-315,1993,31.4,1113,1518,73.3,32882,22467,136,139,97.8,596,612,97.4,381,760,50.1,1,0.2,0.1,+0.8,2,44,2,0,0,Matches
Mark Travers,514,ieIRL,GK,Bournemouth,25-341,1999,5.0,100,142,70.4,3469,2692,6,6,100.0,51,53,96.2,43,83,51.8,0,0.0,0.0,0.0,0,3,0,0,0,Matches
Marshall Munetsi,361,zwZIM,"MF,FW",Wolves,28-306,1996,7.8,99,139,71.2,1161,245,63,80,78.8,27,38,71.1,0,1,0.0,1,0.9,0.1,+0.1,4,3,1,0,7,Matches
Martial Godo,199,engENG,FW,Fulham,22-041,2003,0.2,3,5,60.0,41,2,2,3,66.7,1,1,100.0,0,1,0.0,0,0.0,0.0,0.0,0,0,0,0,0,Matches
Martin Dúbravka,150,skSVK,GK,Newcastle Utd,36-099,1989,10.0,265,333,79.6,5932,3082,58,58,100.0,161,161,100.0,45,112,40.2,0,0.0,0.0,0.0,0,0,0,0,0,Matches
Martin Ødegaard,567,noNOR,MF,Arsenal,26-128,1998,22.7,1099,1331,82.6,17070,4925,606,671,90.3,399,458,87.1,70,132,53.0,6,4.6,6.3,+1.4,56,115,78,5,231,Matches
Mason Holgate,238,engENG,"FW,DF",Everton,28-184,1996,0.1,2,2,100.0,55,0,0,0,N/a,1,1,100.0,1,1,100.0,0,0.0,0.0,0.0,0,0,0,0,0,Matches
Mason Mount,358,engENG,"MF,FW",Manchester Utd,26-104,1999,3.9,107,133,80.5,1542,349,58,67,86.6,33,40,82.5,6,10,60.0,0,0.2,0.2,-0.2,5,8,2,1,15,Matches
Massimo Luongo,310,auAUS,MF,Ipswich Town,32-211,1992,2.1,39,53,73.6,551,135,24,27,88.9,11,16,68.8,2,6,33.3,0,0.0,0.0,0.0,0,1,0,0,5,Matches
Mateo Kovačić,286,hrCRO,MF,Manchester City,30-353,1994,21.8,1523,1646,92.5,23541,6173,817,860,95.0,632,661,95.6,55,88,62.5,1,3.5,3.0,-2.5,28,178,27,0,142,Matches
Mateus Fernandes,179,ptPOR,MF,Southampton,20-288,2004,27.8,949,1196,79.3,16118,3817,449,513,87.5,361,423,85.3,94,173,54.3,3,2.6,2.9,+0.4,30,86,21,4,127,Matches
Matheus Cunha,115,brBRA,"MF,FW",Wolves,25-332,1999,25.0,682,961,71.0,10862,3746,387,457,84.7,193,256,75.4,72,164,43.9,4,6.8,4.7,-2.8,46,81,50,9,119,Matches
Matheus França,186,brBRA,"FW,MF",Crystal Palace,21-023,2004,0.3,4,8,50.0,69,35,2,3,66.7,2,4,50.0,0,0,N/a,0,0.0,0.2,0.0,0,1,0,0,2,Matches
Matheus Nunes,378,ptPOR,"DF,MF",Manchester City,26-240,1998,15.6,885,1023,86.5,13810,2479,489,535,91.4,338,381,88.7,47,71,66.2,5,4.2,3.0,+0.8,21,43,25,7,66,Matches
Mathias Jensen,255,dkDEN,MF,Brentford,29-113,1996,8.6,327,436,75.0,6098,2221,148,170,87.1,124,157,79.0,44,79,55.7,2,1.6,1.3,+0.4,15,39,17,2,55,Matches
Mathis Amougou,22,frFRA,MF,Chelsea,19-096,2006,0.1,7,7,100.0,69,30,6,6,100.0,1,1,100.0,0,0,N/a,0,0.0,0.0,0.0,0,2,0,0,1,Matches
Mathys Tel,499,frFRA,FW,Tottenham,19-362,2005,5.5,124,165,75.2,2261,408,57,66,86.4,51,69,73.9,16,23,69.6,0,0.9,0.8,-0.9,9,9,9,4,12,Matches
Mats Wieffer,548,nlNED,"MF,DF",Brighton,25-159,1999,6.7,387,447,86.6,6337,1719,187,206,90.8,163,184,88.6,27,34,79.4,2,1.3,0.7,+0.7,11,40,3,1,40,Matches
Matt Doherty,140,ieIRL,DF,Wolves,33-098,1992,20.2,900,1100,81.8,16696,5540,365,407,89.7,427,496,86.1,96,158,60.8,1,1.5,1.2,-0.5,11,85,13,1,73,Matches
Matt O'Riley,383,dkDEN,MF,Brighton,24-154,2000,7.5,247,311,79.4,3833,975,129,141,91.5,83,103,80.6,22,45,48.9,1,1.3,1.3,-0.3,13,22,6,0,29,Matches
Matt Targett,494,engENG,DF,Newcastle Utd,29-218,1995,0.2,14,15,93.3,187,49,9,10,90.0,4,4,100.0,1,1,100.0,0,0.0,0.1,0.0,0,0,1,1,0,Matches
Matthijs de Ligt,302,nlNED,DF,Manchester Utd,25-255,1999,23.2,1225,1360,90.1,21549,5917,449,477,94.1,717,759,94.5,53,105,50.5,0,0.3,0.3,-0.3,6,63,2,1,55,Matches
Matty Cash,88,plPOL,DF,Aston Villa,27-260,1997,19.0,607,772,78.6,10099,2861,295,329,89.7,260,326,79.8,40,81,49.4,1,1.1,1.2,-0.1,10,36,8,4,38,Matches
Matz Sels,458,beBEL,GK,Nott'ham Forest,33-057,1992,33.0,441,880,50.1,16937,14650,69,69,100.0,128,131,97.7,244,668,36.5,0,0.0,0.1,0.0,1,38,2,0,1,Matches
Max Aarons,1,engENG,DF,Bournemouth,25-110,2000,1.0,50,63,79.4,887,361,21,25,84.0,24,29,82.8,4,7,57.1,0,0.0,0.0,0.0,0,8,0,0,8,Matches
Max Kilman,279,engENG,DF,West Ham,27-336,1997,32.2,1442,1660,86.9,27949,9577,460,498,92.4,843,911,92.5,132,227,58.1,1,1.1,1.1,-0.1,15,96,3,0,103,Matches
Maxence Lacroix,291,frFRA,DF,Crystal Palace,25-018,2000,30.6,1093,1335,81.9,22521,8899,290,340,85.3,672,739,90.9,125,226,55.3,1,0.8,0.9,+0.2,6,66,2,1,59,Matches
Maxwel Cornet,109,ciCIV,FW,Southampton,28-209,1996,0.8,17,22,77.3,262,37,9,10,90.0,6,8,75.0,1,2,50.0,0,0.0,0.0,0.0,0,0,0,0,0,Matches
Michael Kayode,272,itITA,DF,Brentford,20-288,2004,1.4,41,61,67.2,755,254,15,20,75.0,23,33,69.7,3,6,50.0,0,0.2,0.1,-0.2,2,3,1,1,2,Matches
Michael Keane,273,engENG,DF,Everton,32-103,1993,9.5,258,316,81.6,5895,1868,77,87,88.5,121,134,90.3,58,77,75.3,0,0.1,0.0,-0.1,2,17,0,0,12,Matches
Michail Antonio,27,jmJAM,FW,West Ham,35-027,1990,9.3,114,188,60.6,2183,424,52,72,72.2,37,62,59.7,22,31,71.0,1,1.6,0.9,-0.6,9,11,6,2,18,Matches
Micky van de Ven,528,nlNED,DF,Tottenham,24-005,2001,10.6,706,776,91.0,13313,4092,210,229,91.7,444,460,96.5,45,72,62.5,2,1.2,0.7,+0.8,2,50,1,0,51,Matches
Miguel Almirón,17,pyPAR,FW,Newcastle Utd,31-073,1994,1.7,54,66,81.8,707,219,39,42,92.9,13,16,81.3,1,3,33.3,0,0.3,0.2,-0.3,3,3,1,0,6,Matches
Mikel Merino,342,esESP,"MF,FW",Arsenal,28-306,1996,15.6,412,529,77.9,5686,1613,260,299,87.0,119,152,78.3,16,30,53.3,2,1.9,1.2,+0.1,15,33,24,4,61,Matches
Mikey Moore,353,engENG,"FW,MF",Tottenham,17-256,2007,2.1,48,67,71.6,593,166,30,31,96.8,13,20,65.0,1,5,20.0,1,0.3,0.5,+0.7,3,1,5,1,7,Matches
Mikkel Damsgaard,118,dkDEN,"MF,FW",Brentford,24-295,2000,27.7,954,1310,72.8,16253,6345,480,562,85.4,332,452,73.5,113,214,52.8,10,7.3,5.9,+2.7,55,144,62,15,204,Matches
Milos Kerkez,276,huHUN,DF,Bournemouth,21-168,2003,32.2,1141,1513,75.4,17883,5978,625,700,89.3,418,535,78.1,71,193,36.8,5,3.3,2.1,+1.7,30,79,34,22,141,Matches
Mohamed Salah,443,egEGY,FW,Liverpool,32-313,1992,32.5,785,1101,71.3,11755,3340,444,530,83.8,261,375,69.6,53,86,61.6,18,12.1,7.5,+5.9,75,49,80,13,127,Matches
Mohammed Kudus,289,ghGHA,"FW,MF",West Ham,24-265,2000,24.9,620,742,83.6,10034,1566,334,371,90.0,225,251,89.6,47,70,67.1,2,2.3,2.4,-0.3,27,40,25,12,71,Matches
Moisés Caicedo,79,ecECU,MF,Chelsea,23-173,2001,32.2,1736,1931,89.9,30164,8011,767,831,92.3,789,851,92.7,148,189,78.3,2,2.9,2.6,-0.9,28,210,31,2,188,Matches
Morato,354,brBRA,DF,Nott'ham Forest,23-298,2001,8.9,181,244,74.2,3048,1521,77,92,83.7,86,103,83.5,10,28,35.7,0,0.0,0.0,0.0,0,11,0,0,14,Matches
Morgan Gibbs-White,196,engENG,MF,Nott'ham Forest,25-087,2000,26.4,834,1063,78.5,12823,3949,462,544,84.9,273,333,82.0,60,102,58.8,7,4.4,4.3,+2.6,44,110,35,7,139,Matches
Morgan Rogers,438,engENG,"FW,MF",Aston Villa,22-272,2002,30.7,606,820,73.9,8871,3021,345,424,81.4,180,235,76.6,44,55,80.0,8,6.9,4.2,+1.1,45,69,51,2,113,Matches
Murillo,365,brBRA,DF,Nott'ham Forest,22-294,2002,31.5,976,1254,77.8,19356,9071,370,407,90.9,450,517,87.0,137,288,47.6,0,1.1,1.1,-1.1,12,110,11,1,100,Matches
Mykhailo Mudryk,360,uaUKR,FW,Chelsea,24-109,2001,1.7,28,42,66.7,431,165,17,24,70.8,10,15,66.7,1,2,50.0,0,1.0,0.5,-1.0,2,2,2,1,5,Matches
Myles Lewis-Skelly,301,engENG,DF,Arsenal,18-210,2006,12.0,549,605,90.7,8096,1755,310,324,95.7,218,240,90.8,12,19,63.2,0,0.3,0.4,-0.3,6,54,8,1,57,Matches
Nasser Djiga,139,bfBFA,"DF,FW",Wolves,22-160,2002,0.2,8,8,100.0,113,32,4,4,100.0,4,4,100.0,0,0,N/a,0,0.0,0.0,0.0,0,0,0,0,0,Matches
Nathan Aké,12,nlNED,DF,Manchester City,30-065,1995,7.5,509,542,93.9,8321,2950,248,253,98.0,237,244,97.1,20,34,58.8,0,0.0,0.2,0.0,1,42,1,0,50,Matches
Nathan Broadhead,69,wlsWAL,"MF,FW",Ipswich Town,27-019,1998,6.7,149,196,76.0,2132,415,91,104,87.5,51,64,79.7,3,12,25.0,0,0.6,1.1,-0.6,6,10,4,0,12,Matches
Nathan Butler-Oyedeji,78,engENG,FW,Arsenal,22-110,2003,0.1,0,0,N/a,0,0,0,0,N/a,0,0,N/a,0,0,N/a,0,0.0,0.0,0.0,0,0,0,0,0,Matches
Nathan Collins,105,ieIRL,DF,Brentford,23-359,2001,33.0,1501,1749,85.8,28532,9438,505,574,88.0,863,934,92.4,120,201,59.7,2,1.5,1.3,+0.5,9,94,7,2,112,Matches
Nathan Patterson,404,sctSCO,"DF,FW",Everton,23-190,2001,2.3,77,105,73.3,1294,504,38,39,97.4,32,49,65.3,6,14,42.9,0,0.3,0.3,-0.3,2,7,4,2,7,Matches
Nathan Wood-Gordon,558,engENG,DF,Southampton,22-328,2002,6.9,363,391,92.8,6144,1494,153,162,94.4,190,197,96.4,16,23,69.6,0,0.0,0.0,0.0,1,11,0,0,17,Matches
Nathaniel Clyne,102,engENG,"DF,MF",Crystal Palace,34-019,1991,5.4,171,225,76.0,3113,1102,72,89,80.9,84,95,88.4,14,30,46.7,0,0.3,0.2,-0.3,3,16,2,1,7,Matches
Neco Williams,549,wlsWAL,DF,Nott'ham Forest,24-011,2001,23.8,647,860,75.2,9805,4000,371,415,89.4,217,301,72.1,34,84,40.5,2,1.4,1.1,+0.6,14,50,17,7,70,Matches
Neto,373,brBRA,GK,Bournemouth,35-279,1989,2.0,40,62,64.5,1183,896,7,7,100.0,21,21,100.0,12,33,36.4,0,0.0,0.0,0.0,0,2,0,0,0,Matches
Nick Pope,414,engENG,GK,Newcastle Utd,33-005,1992,23.0,471,655,71.9,12173,7422,100,101,99.0,240,244,98.4,129,307,42.0,0,0.0,0.0,0.0,0,2,0,0,1,Matches
Niclas Füllkrug,189,deGER,FW,West Ham,32-074,1993,6.0,81,124,65.3,1088,188,51,70,72.9,22,37,59.5,3,5,60.0,2,1.9,0.3,+0.1,13,7,4,0,9,Matches
Nico O’Reilly,398,engENG,DF,Manchester City,20-034,2005,5.1,275,318,86.5,3695,717,185,202,91.6,82,99,82.8,3,6,50.0,0,0.4,0.7,-0.4,4,25,1,1,13,Matches
Nicolas Jackson,250,snSEN,FW,Chelsea,23-308,2001,22.5,267,358,74.6,3579,832,161,200,80.5,77,101,76.2,9,14,64.3,5,4.3,1.9,+0.7,28,21,9,1,35,Matches
Nicolás Domínguez,142,arARG,"MF,FW",Nott'ham Forest,26-300,1998,18.0,686,788,87.1,9888,2813,390,426,91.5,228,254,89.8,27,45,60.0,1,1.3,1.3,-0.3,13,68,8,0,63,Matches
Nicolás González,205,esESP,MF,Manchester City,23-111,2002,7.2,520,560,92.9,7739,1760,301,314,95.9,203,219,92.7,10,14,71.4,0,0.1,0.5,-0.1,1,48,4,0,46,Matches
Nikola Milenković,344,rsSRB,DF,Nott'ham Forest,27-194,1997,32.0,705,872,80.8,14175,5260,212,244,86.9,393,451,87.1,87,144,60.4,2,0.8,0.5,+1.2,7,47,2,0,47,Matches
Noni Madueke,314,engENG,FW,Chelsea,23-045,2002,18.3,431,552,78.1,6379,1619,263,303,86.8,133,173,76.9,20,35,57.1,3,3.9,2.8,-0.9,28,11,33,8,60,Matches
Noussair Mazraoui,332,maMAR,DF,Manchester Utd,27-161,1997,28.5,1387,1623,85.5,20824,7412,763,835,91.4,521,584,89.2,63,116,54.3,1,1.3,1.7,-0.3,17,116,18,5,102,Matches
Nélson Semedo,459,ptPOR,DF,Wolves,31-159,1993,27.6,924,1155,80.0,14149,4189,499,548,91.1,348,420,82.9,53,113,46.9,4,2.6,1.3,+1.4,19,61,22,9,66,Matches
Odsonne Édouard,155,frFRA,"MF,FW",Crystal Palace,27-098,1998,1.3,17,28,60.7,230,46,11,16,68.8,4,7,57.1,1,1,100.0,0,0.0,0.0,0.0,1,2,0,0,4,Matches
Ola Aina,8,ngNGA,DF,Nott'ham Forest,28-198,1996,28.5,839,1145,73.3,12948,5391,446,506,88.1,308,423,72.8,52,144,36.1,1,0.7,1.5,+0.3,11,78,15,7,91,Matches
Oleksandr Zinchenko,565,uaUKR,"DF,MF",Arsenal,28-130,1996,5.0,302,364,83.0,4814,1023,159,172,92.4,123,143,86.0,14,31,45.2,1,0.1,0.3,+0.9,2,24,7,1,35,Matches
Oliver Scarles,452,engENG,DF,West Ham,19-133,2005,6.6,260,333,78.1,3880,1062,157,177,88.7,91,109,83.5,10,34,29.4,0,0.0,0.1,0.0,1,9,5,1,21,Matches
Oliver Skipp,470,engENG,MF,Leicester City,24-220,2000,9.6,320,383,83.6,4778,1194,167,191,87.4,121,131,92.4,16,27,59.3,0,0.3,0.3,-0.3,9,28,4,0,25,Matches
Ollie Watkins,541,engENG,FW,Aston Villa,29-115,1995,25.1,277,376,73.7,3489,579,175,222,78.8,73,90,81.1,9,12,75.0,7,2.9,1.6,+4.1,22,11,11,0,28,Matches
Omar Marmoush,324,egEGY,"FW,MF",Manchester City,26-076,1999,10.2,192,245,78.4,2647,686,126,149,84.6,51,64,79.7,7,14,50.0,0,1.7,1.4,-1.7,13,8,22,4,26,Matches
Omari Hutchinson,242,engENG,"MF,FW",Ipswich Town,21-176,2003,24.7,581,742,78.3,9129,1609,292,331,88.2,247,292,84.6,29,55,52.7,2,2.5,1.6,-0.5,23,43,20,9,69,Matches
Orel Mangala,321,beBEL,MF,Everton,27-037,1998,14.0,437,490,89.2,6998,1567,219,242,90.5,187,197,94.9,23,30,76.7,0,0.6,0.6,-0.6,8,50,8,1,34,Matches
Oscar Bobb,60,noNOR,FW,Manchester City,21-286,2003,0.2,9,11,81.8,116,22,5,7,71.4,3,3,100.0,0,0,N/a,0,0.1,0.0,-0.1,1,0,1,0,1,Matches
Pablo Sarabia,448,esESP,"MF,FW",Wolves,32-348,1992,7.5,239,345,69.3,4059,1476,108,125,86.4,84,110,76.4,30,62,48.4,2,1.6,1.8,+0.4,13,31,17,2,47,Matches
Pape Matar Sarr,328,snSEN,MF,Tottenham,22-222,2002,17.7,808,926,87.3,12484,2883,425,466,91.2,315,349,90.3,43,57,75.4,2,1.5,0.7,+0.5,14,82,10,2,79,Matches
Patrick Dorgu,143,dkDEN,DF,Manchester Utd,20-180,2004,5.5,229,284,80.6,3162,762,150,168,89.3,67,90,74.4,6,14,42.9,0,0.4,1.0,-0.4,6,14,6,2,20,Matches
Patson Daka,116,zmZAM,"FW,MF",Leicester City,26-197,1998,7.2,100,139,71.9,1396,254,61,76,80.3,31,43,72.1,3,3,100.0,0,0.1,0.1,-0.1,1,6,1,0,8,Matches
Pau Torres,510,esESP,DF,Aston Villa,28-098,1997,19.2,1032,1169,88.3,17916,6794,447,472,94.7,509,547,93.1,64,125,51.2,0,0.1,0.4,-0.1,2,93,7,0,74,Matches
Paul Onuachu,392,ngNGA,FW,Southampton,30-331,1994,10.9,151,246,61.4,2135,343,83,130,63.8,38,62,61.3,12,19,63.2,1,0.5,0.3,+0.5,8,13,2,0,12,Matches
Pedro Lima,303,brBRA,DF,Wolves,18-297,2006,0.8,28,38,73.7,457,188,14,17,82.4,11,14,78.6,3,5,60.0,0,0.1,0.1,-0.1,2,2,3,2,4,Matches
Pedro Neto,374,ptPOR,FW,Chelsea,25-046,2000,20.4,591,749,78.9,9641,1973,295,318,92.8,218,267,81.6,54,110,49.1,4,5.4,4.2,-1.4,41,24,32,21,52,Matches
Pedro Porro,415,esESP,DF,Tottenham,25-223,1999,27.4,1324,1802,73.5,23083,9131,651,744,87.5,512,646,79.3,133,301,44.2,6,4.0,4.3,+2.0,54,120,55,26,147,Matches
Pervis Estupiñán,167,ecECU,DF,Brighton,27-093,1998,22.7,1154,1376,83.9,17530,5284,686,734,93.5,375,448,83.7,69,132,52.3,1,2.1,2.2,-1.1,24,84,30,18,101,Matches
Phil Foden,182,engENG,"MF,FW",Manchester City,24-331,2000,18.7,742,883,84.0,11563,2445,443,489,90.6,224,251,89.2,62,104,59.6,2,4.7,5.1,-2.7,42,40,35,5,95,Matches
Philip Billing,58,dkDEN,MF,Bournemouth,28-317,1996,2.0,70,102,68.6,1023,400,43,51,84.3,19,27,70.4,4,15,26.7,0,1.1,1.0,-1.1,9,9,7,2,15,Matches
Radu Drăgușin,149,roROU,DF,Tottenham,23-080,2002,13.9,716,840,85.2,13638,5250,223,245,91.0,437,470,93.0,47,107,43.9,0,0.4,0.2,-0.4,4,52,2,1,37,Matches
Raheem Sterling,484,engENG,"FW,MF",Arsenal,30-137,1994,4.8,138,179,77.1,1762,352,91,105,86.7,38,51,74.5,2,3,66.7,2,0.5,0.5,+1.5,8,4,9,2,17,Matches
Ramón Sosa,477,pyPAR,"FW,MF",Nott'ham Forest,25-236,1999,2.9,61,91,67.0,955,258,30,44,68.2,22,33,66.7,5,7,71.4,0,0.5,0.4,-0.5,8,2,5,3,4,Matches
Rasmus Højlund,243,dkDEN,FW,Manchester Utd,22-079,2003,18.4,210,272,77.2,2255,432,151,181,83.4,36,49,73.5,3,4,75.0,0,1.2,0.8,-1.2,13,12,5,1,16,Matches
Rayan Aït-Nouri,9,dzALG,DF,Wolves,23-322,2001,30.0,1226,1458,84.1,16904,5119,755,808,93.4,371,426,87.1,42,102,41.2,6,4.4,3.3,+1.6,35,65,25,7,96,Matches
Raúl Jiménez,257,mxMEX,FW,Fulham,33-354,1991,22.7,390,548,71.2,5902,1321,226,277,81.6,116,156,74.4,29,48,60.4,3,2.9,1.9,+0.1,17,33,9,3,51,Matches
Reece James,251,engENG,"DF,MF",Chelsea,25-137,1999,9.0,561,663,84.6,10132,3494,259,274,94.5,242,273,88.6,51,97,52.6,0,0.5,0.9,-0.5,10,72,5,1,50,Matches
Reiss Nelson,371,engENG,FW,Arsenal,25-135,1999,0.0,0,0,N/a,0,0,0,0,N/a,0,0,N/a,0,0,N/a,0,0.0,0.0,0.0,0,0,0,0,0,Matches
Remy Rees-Dottin,424,engENG,FW,Bournemouth,19-049,2006,0.0,0,0,N/a,0,0,0,0,N/a,0,0,N/a,0,0,N/a,0,0.0,0.0,0.0,0,0,0,0,0,Matches
Renato Veiga,526,ptPOR,"DF,MF",Chelsea,21-269,2003,2.0,118,139,84.9,2171,435,45,51,88.2,55,61,90.2,13,21,61.9,0,0.0,0.2,0.0,0,6,1,0,7,Matches
Ricardo Pereira,406,ptPOR,DF,Leicester City,31-200,1993,3.3,149,181,82.3,2402,677,73,84,86.9,64,76,84.2,9,10,90.0,0,0.0,0.1,0.0,0,16,0,0,13,Matches
Riccardo Calafiori,82,itITA,DF,Arsenal,22-340,2002,10.3,449,526,85.4,6549,1644,272,297,91.6,150,175,85.7,19,28,67.9,1,0.3,0.7,+0.7,6,40,9,1,54,Matches
Richarlison,431,brBRA,FW,Tottenham,27-349,1997,4.3,54,84,64.3,846,272,28,37,75.7,16,28,57.1,6,8,75.0,1,0.9,0.6,+0.1,4,7,4,2,10,Matches
Rico Henry,232,engENG,DF,Brentford,27-290,1997,0.2,8,13,61.5,127,106,4,7,57.1,4,5,80.0,0,1,0.0,0,0.0,0.0,0.0,0,1,0,0,1,Matches
Rico Lewis,299,engENG,"DF,MF",Manchester City,20-154,2004,20.1,1139,1238,92.0,16444,3120,678,715,94.8,419,445,94.2,28,41,68.3,2,0.3,0.9,+1.7,7,92,13,0,103,Matches
Robert Sánchez,445,esESP,GK,Chelsea,27-157,1997,27.0,768,1064,72.2,18368,12213,187,188,99.5,402,418,96.2,176,447,39.4,0,0.0,0.0,0.0,1,23,1,0,1,Matches
Robin Olsen,389,seSWE,GK,Aston Villa,35-106,1990,2.0,54,76,71.1,1466,983,10,10,100.0,31,31,100.0,13,35,37.1,0,0.0,0.0,0.0,0,2,0,0,0,Matches
Rodri,435,esESP,MF,Manchester City,28-306,1996,0.7,57,61,93.4,1056,250,25,26,96.2,24,27,88.9,7,7,100.0,0,0.0,0.1,0.0,1,3,1,0,4,Matches
Rodrigo Bentancur,52,uyURU,MF,Tottenham,27-303,1997,16.9,916,1040,88.1,14862,3593,439,482,91.1,407,439,92.7,46,61,75.4,0,0.4,1.0,-0.4,10,107,12,2,99,Matches
Rodrigo Gomes,201,ptPOR,"DF,FW",Wolves,21-291,2003,7.0,161,243,66.3,2382,841,93,120,77.5,58,84,69.0,6,22,27.3,0,0.8,0.7,-0.8,11,10,12,4,24,Matches
Rodrigo Muniz,362,brBRA,FW,Fulham,23-355,2001,10.7,92,142,64.8,1540,528,46,68,67.6,31,45,68.9,11,13,84.6,1,0.7,0.2,+0.3,7,13,3,0,27,Matches
Romain Esse,166,engENG,MF,Crystal Palace,19-346,2005,0.4,12,15,80.0,172,66,8,9,88.9,3,3,100.0,1,3,33.3,0,0.1,0.1,-0.1,1,1,0,0,1,Matches
Roman Dixon,138,engENG,DF,Everton,20-119,2004,1.0,11,19,57.9,205,111,6,8,75.0,4,8,50.0,1,3,33.3,0,0.0,0.0,0.0,0,3,0,0,0,Matches
Roméo Lavia,295,beBEL,MF,Chelsea,21-108,2004,6.0,269,293,91.8,4535,1211,127,141,90.1,125,130,96.2,14,17,82.4,1,0.7,0.3,+0.3,6,35,3,0,18,Matches
Ronnie Edwards,158,engENG,DF,Southampton,22-027,2003,0.1,5,5,100.0,109,0,0,0,N/a,5,5,100.0,0,0,N/a,0,0.0,0.0,0.0,0,0,0,0,0,Matches
Ross Barkley,45,engENG,MF,Aston Villa,31-140,1993,6.3,322,374,86.1,5027,1179,167,189,88.4,136,148,91.9,13,19,68.4,1,0.6,0.4,+0.4,9,29,6,0,33,Matches
Ross Stewart,485,sctSCO,"FW,MF",Southampton,28-287,1996,2.0,43,55,78.2,628,59,20,23,87.0,20,23,87.0,0,1,0.0,0,0.0,0.0,0.0,0,1,1,0,1,Matches
Ryan Christie,99,sctSCO,MF,Bournemouth,30-061,1995,23.5,837,1056,79.3,14882,4269,368,417,88.2,378,430,87.9,82,168,48.8,3,3.5,3.0,-0.5,41,118,33,5,137,Matches
Ryan Fraser,187,sctSCO,"FW,DF",Southampton,31-059,1994,3.4,77,103,74.8,1121,208,43,46,93.5,28,40,70.0,3,10,30.0,0,0.1,0.1,-0.1,2,3,1,0,8,Matches
Ryan Gravenberch,207,nlNED,MF,Liverpool,22-343,2002,31.5,1560,1754,88.9,23289,5730,855,925,92.4,599,652,91.9,57,95,60.0,3,2.8,3.2,+0.2,24,135,31,1,160,Matches
Ryan Manning,322,ieIRL,"DF,MF",Southampton,28-314,1996,14.2,557,702,79.3,9321,2936,285,306,93.1,211,257,82.1,48,101,47.5,0,2.7,2.5,-2.7,27,24,11,8,31,Matches
Ryan Sessegnon,462,engENG,"FW,DF",Fulham,24-341,2000,3.6,61,83,73.5,869,232,40,50,80.0,14,20,70.0,3,5,60.0,2,0.6,0.5,+1.4,5,2,1,0,4,Matches
Ryan Trevitt,515,engENG,MF,Brentford,22-043,2003,0.0,4,7,57.1,73,23,1,2,50.0,3,3,100.0,0,0,N/a,0,0.0,0.0,0.0,0,1,0,0,0,Matches
Ryan Yates,561,engENG,MF,Nott'ham Forest,27-154,1997,19.7,559,681,82.1,8140,1749,300,338,88.8,199,232,85.8,26,47,55.3,1,1.1,0.5,-0.1,17,44,4,0,45,Matches
Rúben Dias,131,ptPOR,DF,Manchester City,27-345,1997,21.2,1852,1984,93.3,31998,10291,781,806,96.9,952,990,96.2,97,146,66.4,0,0.3,0.9,-0.3,5,178,5,0,120,Matches
Sam Johnstone,263,engENG,GK,Wolves,32-030,1993,7.0,184,278,66.2,5548,4270,31,32,96.9,80,82,97.6,72,160,45.0,0,0.0,0.0,0.0,1,6,0,0,0,Matches
Sam Morsy,356,egEGY,MF,Ipswich Town,33-226,1991,25.9,1068,1235,86.5,17075,4690,560,601,93.2,414,453,91.4,67,115,58.3,1,0.8,1.1,+0.2,17,125,13,2,101,Matches
Sammie Szmodics,492,ieIRL,"FW,MF",Ipswich Town,29-212,1995,10.9,144,194,74.2,2402,702,67,77,87.0,54,64,84.4,15,29,51.7,0,0.2,0.5,-0.2,4,10,4,1,18,Matches
Samuel Amo-Ameyaw,21,engENG,"FW,DF",Southampton,18-280,2006,0.3,8,9,88.9,107,13,6,6,100.0,2,3,66.7,0,0,N/a,0,0.1,0.1,-0.1,1,0,1,1,0,Matches
Samuel Edozie,157,engENG,"DF,FW",Southampton,22-086,2003,0.7,25,33,75.8,316,67,19,21,90.5,6,7,85.7,0,3,0.0,0,0.1,0.2,-0.1,1,0,3,0,4,Matches
Sander Berge,54,noNOR,MF,Fulham,27-069,1998,21.9,957,1050,91.1,17048,4062,396,432,91.7,458,486,94.2,87,104,83.7,0,0.6,0.5,-0.6,17,103,4,0,105,Matches
Sandro Tonali,509,itITA,MF,Newcastle Utd,24-351,2000,24.2,1023,1230,83.2,15912,3988,555,621,89.4,368,426,86.4,63,106,59.4,2,1.0,1.3,+1.0,13,83,17,3,96,Matches
Santiago Bueno,73,uyURU,DF,Wolves,26-166,1998,18.6,726,824,88.1,13334,4114,256,277,92.4,406,432,94.0,51,90,56.7,0,0.0,0.1,0.0,0,23,2,0,28,Matches
Saša Lukić,308,rsSRB,MF,Fulham,28-254,1996,22.6,962,1096,87.8,16214,3853,459,498,92.2,418,452,92.5,73,105,69.5,2,2.6,1.3,-0.6,22,88,14,5,83,Matches
Scott McTominay,339,sctSCO,MF,Manchester Utd,28-137,1996,0.2,10,10,100.0,186,99,5,5,100.0,3,3,100.0,2,2,100.0,0,0.0,0.0,0.0,0,2,0,0,1,Matches
Sean Longstaff,307,engENG,MF,Newcastle Utd,27-176,1997,8.9,294,348,84.5,4403,1171,161,185,87.0,111,120,92.5,15,22,68.2,0,0.2,0.2,-0.2,4,26,1,0,40,Matches
Sepp van den Berg,127,nlNED,DF,Brentford,23-125,2001,23.7,876,1044,83.9,15011,4775,388,446,87.0,424,480,88.3,56,89,62.9,0,0.2,0.5,-0.2,4,55,3,1,66,Matches
Sergio Reguilón,425,esESP,DF,Tottenham,28-129,1996,1.4,73,105,69.5,1144,410,33,44,75.0,36,47,76.6,3,9,33.3,0,0.0,0.2,0.0,1,11,2,1,12,Matches
Shumaira Mheuka,343,engENG,MF,Chelsea,17-186,2007,0.0,0,0,N/a,0,0,0,0,N/a,0,0,N/a,0,0,N/a,0,0.0,0.0,0.0,0,0,0,0,0,Matches
Simon Adingra,5,ciCIV,"FW,MF",Brighton,23-113,2002,9.2,218,292,74.7,3176,683,134,156,85.9,65,87,74.7,13,25,52.0,1,1.7,2.3,-0.7,12,5,12,5,14,Matches
Solly March,323,engENG,"FW,MF",Brighton,30-278,1994,1.2,40,63,63.5,701,162,22,25,88.0,13,20,65.0,5,13,38.5,0,0.3,0.3,-0.3,3,0,4,4,1,Matches
Son Heung-min,234,krKOR,FW,Tottenham,32-290,1992,22.3,703,890,79.0,9833,2671,437,487,89.7,192,240,80.0,36,75,48.0,9,8.2,5.1,+0.8,50,36,51,6,104,Matches
Stefan Ortega,395,deGER,GK,Manchester City,32-169,1992,12.2,373,459,81.3,8327,5597,102,105,97.1,190,196,96.9,79,154,51.3,0,0.0,0.0,0.0,0,6,0,0,0,Matches
Stephy Mavididi,330,engENG,FW,Leicester City,26-328,1998,17.9,460,613,75.0,6191,1429,286,314,91.1,124,184,67.4,18,43,41.9,1,2.6,3.3,-1.6,22,32,26,7,57,Matches
Sven Botman,63,nlNED,DF,Newcastle Utd,25-102,2000,2.5,113,128,88.3,1909,767,54,64,84.4,50,51,98.0,6,9,66.7,0,0.0,0.0,0.0,0,6,0,0,3,Matches
Sávio,451,brBRA,"FW,MF",Manchester City,21-014,2004,19.3,676,836,80.9,10078,1700,412,459,89.8,222,277,80.1,31,54,57.4,8,6.8,6.0,+1.2,44,19,47,8,66,Matches
Séamus Coleman,104,ieIRL,DF,Everton,36-195,1988,2.2,57,79,72.2,1046,504,27,29,93.1,24,31,77.4,6,16,37.5,0,0.0,0.0,0.0,0,6,0,0,8,Matches
Taiwo Awoniyi,38,ngNGA,FW,Nott'ham Forest,27-255,1997,4.2,59,91,64.8,688,157,40,55,72.7,14,25,56.0,1,5,20.0,0,0.1,0.1,-0.1,2,5,2,0,7,Matches
Takehiro Tomiyasu,508,jpJPN,DF,Arsenal,26-170,1998,0.1,3,4,75.0,42,10,1,1,100.0,2,2,100.0,0,1,0.0,0,0.0,0.0,0.0,0,0,0,0,1,Matches
Tariq Lamptey,293,ghGHA,DF,Brighton,24-206,2000,8.5,314,381,82.4,4884,1213,169,181,93.4,124,155,80.0,18,35,51.4,2,0.8,0.5,+1.2,5,11,5,4,12,Matches
Taylor Harwood-Bellis,226,engENG,DF,Southampton,23-084,2002,27.5,1707,1935,88.2,31673,11310,625,670,93.3,918,999,91.9,150,233,64.4,0,1.0,0.6,-1.0,14,165,9,0,112,Matches
Thiago,501,brBRA,FW,Brentford,23-302,2001,1.5,28,39,71.8,428,56,14,20,70.0,9,12,75.0,3,4,75.0,0,0.1,0.0,-0.1,2,1,1,0,2,Matches
Thomas Partey,403,ghGHA,"MF,DF",Arsenal,31-315,1993,27.1,1486,1695,87.7,23752,6336,774,832,93.0,607,682,89.0,82,122,67.2,2,1.9,2.2,+0.1,17,146,33,2,165,Matches
Tim Iroegbunam,246,engENG,MF,Everton,21-298,2003,6.3,109,150,72.7,1830,586,49,67,73.1,42,50,84.0,13,19,68.4,1,0.2,0.1,+0.8,3,10,1,0,14,Matches
Timo Werner,545,deGER,"FW,MF",Tottenham,29-049,1996,5.7,158,236,66.9,2383,597,80,97,82.5,61,86,70.9,7,18,38.9,3,2.5,1.5,+0.5,10,3,15,2,30,Matches
Timothy Castagne,90,beBEL,DF,Fulham,29-140,1995,18.1,768,939,81.8,12239,3861,392,436,89.9,321,374,85.8,37,75,49.3,1,1.2,0.6,-0.2,9,51,5,3,61,Matches
Toby Collyer,106,engENG,MF,Manchester Utd,21-111,2004,2.0,76,92,82.6,1127,121,37,43,86.0,32,37,86.5,3,4,75.0,0,0.3,0.4,-0.3,2,3,1,0,5,Matches
Tom Cairney,80,sctSCO,MF,Fulham,34-094,1991,5.4,475,524,90.6,7474,1619,261,280,93.2,181,193,93.8,28,38,73.7,0,0.8,1.0,-0.8,9,46,7,3,47,Matches
Tommy Doyle,148,engENG,MF,Wolves,23-189,2001,5.4,321,392,81.9,6591,2010,112,119,94.1,138,155,89.0,61,93,65.6,1,0.5,0.3,+0.5,7,44,3,0,40,Matches
Tomáš Souček,478,czCZE,MF,West Ham,30-056,1995,24.0,600,817,73.4,10071,2803,297,377,78.8,228,297,76.8,58,84,69.0,1,1.0,1.2,0.0,14,57,8,1,66,Matches
Tosin Adarabioyo,4,engENG,DF,Chelsea,27-212,1997,13.7,988,1081,91.4,18105,6479,374,391,95.7,554,584,94.9,58,95,61.1,1,0.2,0.2,+0.8,1,53,1,0,37,Matches
Toti Gomes,202,ptPOR,DF,Wolves,26-098,1999,24.0,1148,1356,84.7,19312,6838,517,566,91.3,537,585,91.8,72,146,49.3,1,0.9,0.5,+0.1,7,68,5,3,64,Matches
Trent Alexander-Arnold,15,engENG,DF,Liverpool,26-199,1998,24.1,1325,1799,73.7,25464,10467,579,644,89.9,537,707,76.0,186,373,49.9,6,6.7,6.7,-0.7,50,189,62,20,204,Matches
Trevoh Chalobah,91,engENG,DF,Crystal Palace,25-293,1999,11.8,349,442,79.0,6831,2195,125,141,88.7,178,209,85.2,42,82,51.2,0,0.4,0.3,-0.4,4,27,2,1,34,Matches
Tyler Adams,3,usUSA,MF,Bournemouth,26-069,1999,17.0,674,811,83.1,10605,2528,328,372,88.2,291,331,87.9,29,51,56.9,3,0.8,0.5,+2.2,14,52,2,1,61,Matches
Tyler Dibling,133,engENG,"FW,MF",Southampton,19-043,2006,18.7,456,563,81.0,6830,1420,255,282,90.4,169,198,85.4,19,43,44.2,0,1.5,1.4,-1.5,20,24,20,1,59,Matches
Tyler Fredricson,188,engENG,DF,Manchester Utd,20-060,2005,1.0,64,69,92.8,1087,252,30,32,93.8,28,30,93.3,6,6,100.0,0,0.0,0.0,0.0,0,6,0,0,4,Matches
Tyrell Malacia,319,nlNED,DF,Manchester Utd,25-250,1999,1.1,49,55,89.1,642,260,31,33,93.9,13,14,92.9,2,2,100.0,0,0.0,0.0,0.0,1,7,1,0,3,Matches
Tyrick Mitchell,349,engENG,DF,Crystal Palace,25-235,1999,31.7,904,1252,72.2,14514,5536,478,567,84.3,350,470,74.5,55,130,42.3,4,5.6,3.6,-1.6,37,45,31,14,62,Matches
Tyrique George,195,engENG,FW,Chelsea,19-079,2006,1.1,38,45,84.4,494,72,21,22,95.5,14,17,82.4,0,2,0.0,1,0.7,0.3,+0.3,5,0,1,0,2,Matches
Tyrone Mings,347,engENG,DF,Aston Villa,32-042,1993,11.7,581,656,88.6,10405,3319,227,245,92.7,315,334,94.3,34,63,54.0,0,0.2,0.2,-0.2,3,47,5,0,39,Matches
Valentino Livramento,306,engENG,DF,Newcastle Utd,22-163,2002,26.6,1170,1384,84.5,17350,5756,676,748,90.4,431,500,86.2,42,76,55.3,1,2.3,2.0,-1.3,21,86,23,5,129,Matches
Victor Bernth Kristiansen,56,dkDEN,DF,Leicester City,22-129,2002,26.4,1007,1297,77.6,16181,5793,510,569,89.6,411,513,80.1,65,157,41.4,1,1.4,1.7,-0.4,18,74,23,18,69,Matches
Victor Lindelöf,304,seSWE,DF,Manchester Utd,30-281,1994,4.9,181,194,93.3,2902,764,76,83,91.6,95,98,96.9,6,8,75.0,0,0.1,0.1,-0.1,3,6,2,1,7,Matches
Virgil van Dijk,524,nlNED,DF,Liverpool,33-290,1991,33.0,2371,2590,91.5,43424,17059,968,1009,95.9,1176,1233,95.4,204,300,68.0,1,0.7,0.8,+0.3,11,258,5,0,172,Matches
Vitaliy Mykolenko,367,uaUKR,DF,Everton,25-330,1999,29.2,836,1127,74.2,14099,5810,425,477,89.1,317,429,73.9,77,171,45.0,1,1.5,1.8,-0.5,19,95,35,20,99,Matches
Vitaly Janelt,252,deGER,MF,Brentford,26-349,1998,25.0,872,1057,82.5,14466,4279,443,489,90.6,344,403,85.4,66,118,55.9,3,2.2,2.4,+0.8,14,78,23,7,80,Matches
Vitezslav Jaros,253,czCZE,GK,Liverpool,23-275,2001,0.1,6,8,75.0,302,273,0,0,N/a,1,1,100.0,5,7,71.4,0,0.0,0.0,0.0,0,2,0,0,0,Matches
Vitor Reis,427,brBRA,DF,Manchester City,19-102,2006,0.0,2,2,100.0,50,10,0,0,N/a,2,2,100.0,0,0,N/a,0,0.0,0.0,0.0,0,0,0,0,0,Matches
Vladimír Coufal,110,czCZE,DF,West Ham,32-245,1992,9.6,362,465,77.8,5894,2220,186,208,89.4,144,180,80.0,25,60,41.7,0,0.6,0.9,-0.6,6,35,12,7,32,Matches
Wataru Endo,164,jpJPN,MF,Liverpool,32-074,1993,1.7,81,87,93.1,1277,301,41,44,93.2,32,33,97.0,5,5,100.0,0,0.0,0.0,0.0,1,9,1,0,9,Matches
Welington,544,brBRA,"DF,MF",Southampton,24-064,2001,2.4,69,89,77.5,1098,318,29,35,82.9,32,41,78.0,3,4,75.0,0,0.0,0.1,0.0,2,5,5,4,6,Matches
Wes Burns,77,wlsWAL,"FW,DF",Ipswich Town,30-152,1994,10.3,153,253,60.5,2416,597,82,102,80.4,51,78,65.4,14,36,38.9,1,1.6,1.2,-0.6,10,8,8,7,8,Matches
Wesley Fofana,183,frFRA,DF,Chelsea,24-128,2000,13.0,724,803,90.2,12262,3415,306,326,93.9,385,416,92.5,26,42,61.9,0,0.4,0.2,-0.4,6,54,1,0,32,Matches
Wilfred Ndidi,369,ngNGA,MF,Leicester City,28-129,1996,21.9,675,854,79.0,9544,2440,376,436,86.2,220,273,80.6,31,61,50.8,4,1.8,1.4,+2.2,14,55,9,2,59,Matches
Will Alves,19,engENG,FW,Leicester City,20-080,2005,0.0,1,1,100.0,12,0,1,1,100.0,0,0,N/a,0,0,N/a,0,0.0,0.0,0.0,0,0,0,0,0,Matches
Will Hughes,240,engENG,MF,Crystal Palace,30-007,1995,20.8,658,865,76.1,10532,3689,333,376,88.6,259,313,82.7,44,120,36.7,3,2.7,2.3,+0.3,29,69,14,3,82,Matches
Will Lankshear,294,engENG,"FW,MF",Tottenham,20-004,2005,0.1,0,1,0.0,0,0,0,1,0.0,0,0,N/a,0,0,N/a,0,0.0,0.0,0.0,0,0,0,0,0,Matches
William Osula,396,dkDEN,FW,Newcastle Utd,21-263,2003,1.0,4,10,40.0,54,24,2,7,28.6,1,2,50.0,0,0,N/a,0,0.1,0.0,-0.1,1,0,1,0,1,Matches
William Saliba,444,frFRA,DF,Arsenal,24-031,2001,31.3,2273,2412,94.2,39201,11810,953,996,95.7,1192,1241,96.1,119,148,80.4,0,0.9,1.3,-0.9,7,175,6,0,134,Matches
William Smallbone,471,ieIRL,MF,Southampton,25-062,2000,6.8,242,313,77.3,3918,1086,116,133,87.2,102,120,85.0,16,45,35.6,0,0.6,0.8,-0.6,9,10,3,2,23,Matches
Willian,550,brBRA,"MF,FW",Fulham,36-258,1988,1.8,110,130,84.6,1895,503,56,60,93.3,47,53,88.7,7,12,58.3,0,0.2,0.3,-0.2,2,11,6,1,27,Matches
Willy Boly,62,ciCIV,DF,Nott'ham Forest,34-080,1991,1.7,55,70,78.6,1010,477,20,22,90.9,30,32,93.8,4,15,26.7,0,0.0,0.0,0.0,0,3,0,0,2,Matches
Wilson Odobert,386,frFRA,FW,Tottenham,20-147,2004,5.7,158,202,78.2,2097,409,111,120,92.5,37,52,71.2,5,9,55.6,0,0.9,0.7,-0.9,5,6,10,3,19,Matches
Wout Faes,173,beBEL,DF,Leicester City,27-021,1998,26.3,1115,1285,86.8,20623,7094,430,461,93.3,591,625,94.6,91,177,51.4,0,0.1,0.4,-0.1,4,73,6,0,72,Matches
Woyo Coulibaly,111,frFRA,DF,Leicester City,25-339,1999,1.2,48,57,84.2,797,314,28,34,82.4,16,19,84.2,4,4,100.0,0,0.0,0.0,0.0,0,3,0,0,3,Matches
Yankuba Minteh,348,gmGAM,"FW,MF",Brighton,20-276,2004,16.3,277,446,62.1,4444,1520,160,206,77.7,84,133,63.2,26,58,44.8,4,4.7,4.6,-0.7,25,12,26,6,35,Matches
Yasin Ayari,39,seSWE,MF,Brighton,21-200,2003,18.3,662,816,81.1,9971,2737,387,421,91.9,227,269,84.4,32,84,38.1,1,2.1,2.3,-1.1,26,45,17,4,65,Matches
Yehor Yarmoliuk,560,uaUKR,MF,Brentford,21-054,2004,11.5,471,547,86.1,8216,1903,233,267,87.3,175,197,88.8,50,59,84.7,0,0.3,0.5,-0.3,6,56,6,3,45,Matches
Yerson Mosquera,357,coCOL,DF,Wolves,23-357,2001,4.9,205,240,85.4,3996,1184,66,73,90.4,115,123,93.5,22,35,62.9,0,0.1,0.0,-0.1,2,16,1,1,7,Matches
Yoane Wissa,556,cdCOD,FW,Brentford,28-233,1996,27.4,394,511,77.1,5724,1374,242,280,86.4,113,150,75.3,25,41,61.0,3,1.8,1.5,+1.2,23,40,9,1,56,Matches
Youri Tielemans,503,beBEL,MF,Aston Villa,27-352,1997,32.4,1639,1988,82.4,28103,9982,763,847,90.1,714,815,87.6,134,249,53.8,7,6.9,5.6,+0.1,59,221,35,4,226,Matches
Youssef Chermiti,94,ptPOR,"FW,MF",Everton,20-335,2004,0.2,2,5,40.0,44,9,1,3,33.3,0,0,N/a,1,1,100.0,0,0.0,0.0,0.0,0,0,0,0,1,Matches
Yukinari Sugawara,489,jpJPN,"DF,MF",Southampton,24-300,2000,16.3,689,862,79.9,10831,3323,366,415,88.2,272,328,82.9,35,73,47.9,1,2.2,2.5,-1.2,17,43,21,9,68,Matches
Yunus Emre Konak,161,trTUR,"FW,MF",Brentford,19-104,2006,0.4,22,30,73.3,379,78,12,15,80.0,7,8,87.5,3,4,75.0,0,0.0,0.0,0.0,0,2,0,0,2,Matches
Yves Bissouma,59,mlMLI,MF,Tottenham,28-237,1996,13.4,693,775,89.4,10536,2727,378,407,92.9,255,273,93.4,36,57,63.2,0,0.3,0.6,-0.3,6,57,10,1,71,Matches
Zain Silcott-Duberry,464,msMSR,FW,Bournemouth,19-289,2005,0.0,1,2,50.0,25,0,0,0,N/a,1,1,100.0,0,0,N/a,0,0.0,0.0,0.0,0,0,0,0,0,Matches
Álex Moreno,355,esESP,"DF,MF",Nott'ham Forest,31-320,1993,10.6,308,428,72.0,4574,1911,184,210,87.6,95,148,64.2,14,40,35.0,1,1.3,1.1,-0.3,8,25,9,2,34,Matches
İlkay Gündoğan,218,deGER,MF,Manchester City,34-182,1990,21.9,1374,1539,89.3,21191,3984,784,832,94.2,476,517,92.1,86,138,62.3,5,2.7,3.7,+2.3,36,93,21,2,113,Matches
Łukasz Fabiański,172,plPOL,GK,West Ham,40-006,1985,11.9,304,454,67.0,8756,6129,53,53,100.0,147,148,99.3,104,252,41.3,0,0.0,0.0,0.0,0,4,0,0,0,Matches
