Player,Rk,Nation,Pos,Squad,Age,Born,90s,SCA,SCA90,PassLive,PassDead,TO,Sh,Fld,Def,GCA,GCA90,PassLive_2,PassDead_2,TO_2,Sh_2,Fld_2,Def_2,Matches
Aaron Cresswell,112,engENG,DF,West Ham,35-130,1989,6.5,12,1.83,5,7,0,0,0,0,0,0.00,0,0,0,0,0,0,Matches
Aaron Ramsdale,418,engENG,GK,Southampton,26-345,1998,25.0,3,0.12,2,1,0,0,0,0,0,0.00,0,0,0,0,0,0,Matches
Aaron Wan-Bissaka,536,engENG,DF,West Ham,27-149,1997,30.0,75,2.50,61,4,6,2,0,2,5,0.17,4,0,0,1,0,0,Matches
Abdoulaye Doucouré,145,mlMLI,MF,Everton,32-113,1993,25.9,53,2.04,47,0,3,2,0,1,2,0.08,1,0,0,0,0,1,Matches
Abdukodir Khusanov,278,uzUZB,DF,Manchester City,21-054,2004,5.6,5,0.89,5,0,0,0,0,0,0,0.00,0,0,0,0,0,0,Matches
Abdul Fatawu Issahaku,174,ghGHA,FW,Leicester City,21-047,2004,6.4,17,2.64,10,0,2,1,4,0,3,0.47,2,0,0,1,0,0,Matches
Adam Armstrong,33,engENG,"FW,MF",Southampton,28-073,1997,13.9,19,1.37,12,1,2,4,0,0,4,0.29,1,0,0,3,0,0,Matches
Adam Lallana,292,engENG,MF,Southampton,36-349,1988,4.0,9,2.24,8,0,0,0,1,0,2,0.50,2,0,0,0,0,0,Matches
Adam Smith,472,engENG,DF,Bournemouth,33-360,1991,14.7,17,1.16,13,1,1,0,1,1,1,0.07,0,0,0,0,1,0,Matches
Adam Webster,542,engENG,DF,Brighton,30-110,1995,6.9,10,1.46,8,2,0,0,0,0,3,0.44,2,1,0,0,0,0,Matches
Adam Wharton,546,engENG,MF,Crystal Palace,20-326,2004,14.0,56,4.01,44,10,0,1,0,1,6,0.43,4,2,0,0,0,0,Matches
Adama Traoré,512,esESP,"FW,MF",Fulham,29-089,1996,16.9,67,3.96,54,0,7,4,0,2,8,0.47,7,0,1,0,0,0,Matches
Albert Grønbaek,212,dkDEN,"FW,MF",Southampton,23-336,2001,1.6,2,1.26,1,0,0,1,0,0,0,0.00,0,0,0,0,0,0,Matches
Alejandro Garnacho,193,arARG,"MF,FW",Manchester Utd,20-297,2004,21.8,69,3.16,52,1,3,7,6,0,4,0.18,2,0,0,1,1,0,Matches
Alex Iwobi,249,ngNGA,"FW,MF",Fulham,28-356,1996,29.3,111,3.79,95,0,8,6,2,0,15,0.51,12,0,2,1,0,0,Matches
Alex McCarthy,336,engENG,GK,Southampton,35-142,1989,5.0,0,0.00,0,0,0,0,0,0,0,0.00,0,0,0,0,0,0,Matches
Alex Palmer,399,engENG,GK,Ipswich Town,28-257,1996,9.0,2,0.22,2,0,0,0,0,0,0,0.00,0,0,0,0,0,0,Matches
Alex Scott,457,engENG,MF,Bournemouth,21-246,2003,6.8,25,3.67,18,0,0,2,2,3,2,0.29,2,0,0,0,0,0,Matches
Alexander Isak,248,seSWE,FW,Newcastle Utd,25-215,1999,26.8,83,3.10,63,1,8,7,2,2,14,0.52,11,0,1,0,1,1,Matches
Alexis Mac Allister,312,arARG,MF,Liverpool,26-121,1998,27.5,115,4.19,81,21,2,6,2,3,14,0.51,10,2,0,2,0,0,Matches
Alfie Dorrington,144,engENG,DF,Tottenham,20-004,2005,0.2,0,0.00,0,0,0,0,0,0,0,0.00,0,0,0,0,0,0,Matches
Alfie Pond,413,engENG,DF,Wolves,21-054,2004,0.0,0,0.00,0,0,0,0,0,0,0,0.00,0,0,0,0,0,0,Matches
Ali Al Hamadi,223,iqIRQ,FW,Ipswich Town,23-054,2002,1.5,8,5.37,4,0,3,0,1,0,0,0.00,0,0,0,0,0,0,Matches
Alisson,16,brBRA,GK,Liverpool,32-204,1992,22.9,6,0.26,6,0,0,0,0,0,1,0.04,1,0,0,0,0,0,Matches
Alphonse Areola,31,frFRA,GK,West Ham,32-056,1993,21.1,3,0.14,2,1,0,0,0,0,0,0.00,0,0,0,0,0,0,Matches
Altay Bayındır,48,trTUR,GK,Manchester Utd,27-010,1998,1.0,0,0.00,0,0,0,0,0,0,0,0.00,0,0,0,0,0,0,Matches
Amad Diallo,130,ciCIV,"FW,MF",Manchester Utd,22-287,2002,17.7,80,4.52,54,9,7,2,4,4,16,0.90,7,0,3,1,1,4,Matches
Amadou Onana,390,beBEL,MF,Aston Villa,23-251,2001,15.0,25,1.67,19,2,0,4,0,0,4,0.27,2,1,0,1,0,0,Matches
Andreas Pereira,405,brBRA,MF,Fulham,29-113,1996,20.4,96,4.71,51,38,0,4,3,0,8,0.39,4,2,0,0,2,0,Matches
Andrew Robertson,432,sctSCO,DF,Liverpool,31-044,1994,24.6,73,2.96,61,9,1,1,0,1,3,0.12,3,0,0,0,0,0,Matches
André,26,brBRA,MF,Wolves,23-282,2001,23.2,42,1.81,34,3,1,0,0,4,3,0.13,2,1,0,0,0,0,Matches
André Onana,391,cmCMR,GK,Manchester Utd,29-022,1996,32.0,4,0.12,3,1,0,0,0,0,0,0.00,0,0,0,0,0,0,Matches
Andrés García,192,esESP,"DF,MF",Aston Villa,22-076,2003,3.5,3,0.85,3,0,0,0,0,0,0,0.00,0,0,0,0,0,0,Matches
Andy Irving,247,sctSCO,MF,West Ham,24-346,2000,1.8,5,2.68,4,0,1,0,0,0,0,0.00,0,0,0,0,0,0,Matches
Anthony Elanga,159,seSWE,FW,Nott'ham Forest,22-362,2002,22.8,82,3.60,48,17,5,4,8,0,14,0.61,10,2,1,0,1,0,Matches
Anthony Gordon,206,engENG,FW,Newcastle Utd,24-059,2001,24.2,96,3.97,69,10,7,3,7,0,12,0.50,9,1,1,0,1,0,Matches
Antoine Semenyo,460,ghGHA,FW,Bournemouth,25-107,2000,31.4,121,3.86,78,3,19,14,5,2,12,0.38,7,0,2,1,2,0,Matches
Antonee Robinson,433,usUSA,DF,Fulham,27-259,1997,32.2,74,2.30,69,1,1,2,0,1,11,0.34,11,0,0,0,0,0,Matches
Antony,28,brBRA,"DF,MF",Manchester Utd,25-059,2000,1.6,8,5.11,6,0,1,0,1,0,0,0.00,0,0,0,0,0,0,Matches
Antonín Kinský,281,czCZE,GK,Tottenham,22-042,2003,4.0,1,0.25,1,0,0,0,0,0,0,0.00,0,0,0,0,0,0,Matches
Archie Gray,208,engENG,"DF,MF",Tottenham,19-043,2006,15.0,5,0.33,4,1,0,0,0,0,0,0.00,0,0,0,0,0,0,Matches
Arijanet Muric,364,xkKVX,GK,Ipswich Town,26-168,1998,18.0,1,0.06,0,1,0,0,0,0,0,0.00,0,0,0,0,0,0,Matches
Armando Broja,70,alALB,FW,Everton,23-226,2001,3.7,7,1.89,7,0,0,0,0,0,0,0.00,0,0,0,0,0,0,Matches
Armel Bella Kotchap,50,deGER,DF,Southampton,23-134,2001,3.7,2,0.54,1,0,0,0,0,1,0,0.00,0,0,0,0,0,0,Matches
Asher Agbinone,7,engENG,MF,Crystal Palace,19-208,2005,0.1,1,15.00,1,0,0,0,0,0,0,0.00,0,0,0,0,0,0,Matches
Ashley Young,563,engENG,"DF,FW",Everton,39-289,1985,17.6,36,2.04,27,6,0,1,1,1,6,0.34,4,0,0,1,0,1,Matches
Axel Disasi,136,frFRA,DF,Aston Villa,27-044,1998,5.4,9,1.65,7,0,1,0,0,1,0,0.00,0,0,0,0,0,0,Matches
Axel Tuanzebe,519,cdCOD,DF,Ipswich Town,27-161,1997,16.1,11,0.68,9,1,0,0,1,0,2,0.12,2,0,0,0,0,0,Matches
Ayden Heaven,228,engENG,DF,Manchester Utd,18-214,2006,1.1,2,1.89,0,0,1,0,1,0,0,0.00,0,0,0,0,0,0,Matches
Bart Verbruggen,529,nlNED,GK,Brighton,22-249,2002,31.0,5,0.16,5,0,0,0,0,0,1,0.03,1,0,0,0,0,0,Matches
Ben Brereton,68,clCHI,FW,Southampton,26-006,1999,5.0,9,1.80,7,0,0,0,2,0,0,0.00,0,0,0,0,0,0,Matches
Ben Chilwell,96,engENG,DF,Crystal Palace,28-124,1996,1.5,3,1.93,2,0,0,1,0,0,0,0.00,0,0,0,0,0,0,Matches
Ben Davies,122,wlsWAL,DF,Tottenham,32-000,1993,10.5,8,0.76,7,0,0,0,0,1,0,0.00,0,0,0,0,0,0,Matches
Ben Godfrey,198,engENG,DF,Ipswich Town,27-099,1998,1.2,1,0.83,1,0,0,0,0,0,0,0.00,0,0,0,0,0,0,Matches
Ben Johnson,261,engENG,"DF,FW",Ipswich Town,25-090,2000,14.6,23,1.58,11,9,0,1,2,0,5,0.34,4,0,0,1,0,0,Matches
Ben Mee,340,engENG,DF,Brentford,35-215,1989,2.0,0,0.00,0,0,0,0,0,0,0,0.00,0,0,0,0,0,0,Matches
Ben White,547,engENG,DF,Arsenal,27-198,1997,9.5,15,1.58,15,0,0,0,0,0,1,0.11,1,0,0,0,0,0,Matches
Ben Winterburn,555,engENG,"FW,MF",Bournemouth,20-232,2004,0.3,0,0.00,0,0,0,0,0,0,0,0.00,0,0,0,0,0,0,Matches
Benoît Badiashile,42,frFRA,DF,Chelsea,24-029,2001,3.7,0,0.00,0,0,0,0,0,0,0,0.00,0,0,0,0,0,0,Matches
Bernardo Silva,465,ptPOR,"MF,FW",Manchester City,30-257,1994,25.7,79,3.08,71,1,4,0,3,0,8,0.31,8,0,0,0,0,0,Matches
Bernd Leno,297,deGER,GK,Fulham,33-051,1992,33.0,5,0.15,5,0,0,0,0,0,2,0.06,2,0,0,0,0,0,Matches
Beto,57,gwGNB,FW,Everton,27-083,1998,12.5,17,1.35,11,0,3,1,2,0,0,0.00,0,0,0,0,0,0,Matches
Bilal El Khannouss,277,maMAR,MF,Leicester City,20-349,2004,20.4,56,2.75,44,5,4,3,0,0,4,0.20,3,1,0,0,0,0,Matches
Billy Gilmour,197,sctSCO,MF,Brighton,23-317,2001,1.1,3,2.76,3,0,0,0,0,0,0,0.00,0,0,0,0,0,0,Matches
Bobby Reid,426,jmJAM,FW,Leicester City,32-081,1993,7.8,12,1.54,8,0,0,2,2,0,3,0.39,1,0,0,1,1,0,Matches
Boubacar Kamara,271,frFRA,MF,Aston Villa,25-152,1999,15.3,24,1.57,18,1,1,1,1,2,2,0.13,2,0,0,0,0,0,Matches
Boubacar Traoré,513,mlMLI,MF,Wolves,23-247,2001,0.0,0,0.00,0,0,0,0,0,0,0,0.00,0,0,0,0,0,0,Matches
Boubakary Soumaré,479,frFRA,MF,Leicester City,26-056,1999,21.2,34,1.60,26,0,5,1,2,0,3,0.14,3,0,0,0,0,0,Matches
Brajan Gruda,211,deGER,"FW,MF",Brighton,20-328,2004,5.5,24,4.33,19,2,2,0,1,0,2,0.36,1,1,0,0,0,0,Matches
Brandon Austin,37,engENG,GK,Tottenham,26-106,1999,1.0,0,0.00,0,0,0,0,0,0,0,0.00,0,0,0,0,0,0,Matches
Brennan Johnson,262,wlsWAL,FW,Tottenham,23-336,2001,22.1,46,2.08,30,0,6,4,5,1,7,0.32,5,0,1,0,1,0,Matches
Bruno Fernandes,178,ptPOR,MF,Manchester Utd,30-228,1994,29.6,157,5.30,109,29,5,6,6,2,12,0.40,9,2,0,1,0,0,Matches
Bruno Guimarães,216,brBRA,MF,Newcastle Utd,27-159,1997,31.4,106,3.38,94,3,2,0,4,3,17,0.54,16,1,0,0,0,0,Matches
Bryan Mbeumo,333,cmCMR,FW,Brentford,25-260,1999,32.9,129,3.92,91,20,9,5,4,0,17,0.52,10,2,2,2,1,0,Matches
Bukayo Saka,442,engENG,"FW,MF",Arsenal,23-231,2001,16.2,100,6.19,59,19,9,9,4,0,22,1.36,13,5,2,1,1,0,Matches
Caleb Kporha,287,engENG,DF,Crystal Palace,18-283,2006,0.1,0,0.00,0,0,0,0,0,0,0,0.00,0,0,0,0,0,0,Matches
Caleb Okoli,388,itITA,DF,Leicester City,23-285,2001,12.5,4,0.32,4,0,0,0,0,0,0,0.00,0,0,0,0,0,0,Matches
Callum Hudson-Odoi,239,engENG,"FW,MF",Nott'ham Forest,24-168,2000,23.4,94,4.02,74,3,10,3,4,0,11,0.47,7,0,2,0,2,0,Matches
Callum Wilson,552,engENG,FW,Newcastle Utd,33-056,1992,2.8,6,2.13,3,0,0,1,1,1,0,0.00,0,0,0,0,0,0,Matches
Calvin Bassey,47,ngNGA,DF,Fulham,25-114,1999,30.2,19,0.63,15,1,2,0,0,1,2,0.07,1,0,0,0,0,1,Matches
Cameron Archer,30,engENG,FW,Southampton,23-277,2001,14.8,17,1.15,8,0,4,4,1,0,0,0.00,0,0,0,0,0,0,Matches
Cameron Burgess,75,auAUS,DF,Ipswich Town,29-185,1995,14.1,12,0.85,12,0,0,0,0,0,2,0.14,2,0,0,0,0,0,Matches
Caoimhín Kelleher,274,ieIRL,GK,Liverpool,26-152,1998,10.0,3,0.30,3,0,0,0,0,0,1,0.10,1,0,0,0,0,0,Matches
Carlos Alcaraz,13,arARG,MF,Southampton,22-145,2002,0.1,1,9.00,1,0,0,0,0,0,0,0.00,0,0,0,0,0,0,Matches
Carlos Baleba,44,cmCMR,MF,Brighton,21-111,2004,24.7,60,2.43,50,0,2,4,1,3,4,0.16,2,0,0,0,1,1,Matches
Carlos Forbs,184,ptPOR,"MF,FW",Wolves,21-036,2004,2.6,5,1.91,3,0,2,0,0,0,1,0.38,1,0,0,0,0,0,Matches
Carlos Soler,475,esESP,"MF,FW",West Ham,28-112,1997,15.0,46,3.08,29,7,2,5,2,1,2,0.13,2,0,0,0,0,0,Matches
Carlos Vinícius,532,brBRA,"FW,MF",Fulham,30-030,1995,0.1,2,16.36,0,0,1,0,1,0,0,0.00,0,0,0,0,0,0,Matches
Casemiro,86,brBRA,MF,Manchester Utd,33-060,1992,14.1,48,3.40,45,1,0,2,0,0,3,0.21,3,0,0,0,0,0,Matches
Chadi Riad,428,maMAR,DF,Crystal Palace,21-311,2003,1.0,0,0.00,0,0,0,0,0,0,0,0.00,0,0,0,0,0,0,Matches
Charlie Taylor,497,engENG,DF,Southampton,31-218,1993,3.0,2,0.68,2,0,0,0,0,0,1,0.34,1,0,0,0,0,0,Matches
Cheick Doucouré,146,mlMLI,MF,Crystal Palace,25-106,2000,5.0,9,1.79,5,0,0,2,1,1,3,0.60,1,0,0,1,1,0,Matches
Chidozie Obi-Martin,385,dkDEN,FW,Manchester Utd,17-146,2007,0.5,0,0.00,0,0,0,0,0,0,0,0.00,0,0,0,0,0,0,Matches
Chiedozie Ogbene,387,ieIRL,FW,Ipswich Town,27-358,1997,2.6,3,1.13,2,0,0,0,1,0,0,0.00,0,0,0,0,0,0,Matches
Chiquinho,97,ptPOR,MF,Wolves,25-078,2000,0.1,2,25.71,2,0,0,0,0,0,0,0.00,0,0,0,0,0,0,Matches
Chris Richards,430,usUSA,DF,Crystal Palace,25-027,2000,17.4,7,0.40,3,0,0,2,1,1,2,0.12,0,0,0,2,0,0,Matches
Chris Wood,557,nzNZL,FW,Nott'ham Forest,33-138,1991,27.9,39,1.40,31,0,2,4,0,2,5,0.18,4,0,0,0,0,1,Matches
Christian Eriksen,165,dkDEN,MF,Manchester Utd,33-069,1992,11.0,43,3.89,28,14,0,1,0,0,6,0.54,4,2,0,0,0,0,Matches
Christian Nørgaard,381,dkDEN,MF,Brentford,31-045,1994,26.3,47,1.79,38,0,0,6,2,1,9,0.34,8,0,0,0,1,0,Matches
Christian Walton,535,engENG,GK,Ipswich Town,29-166,1995,6.0,2,0.33,1,1,0,0,0,0,0,0.00,0,0,0,0,0,0,Matches
Christopher Nkunku,376,frFRA,FW,Chelsea,27-161,1997,10.2,34,3.32,21,0,5,5,1,2,4,0.39,1,0,1,1,1,0,Matches
Cody Gakpo,190,nlNED,FW,Liverpool,25-352,1999,17.3,65,3.75,50,0,7,4,3,1,6,0.35,3,0,2,0,1,0,Matches
Cole Palmer,400,engENG,MF,Chelsea,22-353,2002,30.5,177,5.81,117,21,12,18,7,2,14,0.46,10,0,2,1,1,0,Matches
Conor Bradley,65,nirNIR,DF,Liverpool,21-289,2003,5.9,16,2.71,11,0,4,0,1,0,2,0.34,2,0,0,0,0,0,Matches
Conor Chaplin,93,engENG,"MF,FW",Ipswich Town,28-067,1997,6.9,19,2.74,17,2,0,0,0,0,1,0.14,1,0,0,0,0,0,Matches
Conor Coady,103,engENG,DF,Leicester City,32-058,1993,14.0,4,0.28,4,0,0,0,0,0,0,0.00,0,0,0,0,0,0,Matches
Conor Townsend,511,engENG,DF,Ipswich Town,32-051,1993,3.7,5,1.34,4,1,0,0,0,0,1,0.27,1,0,0,0,0,0,Matches
Craig Dawson,124,engENG,DF,Wolves,34-353,1990,10.8,7,0.65,6,0,0,1,0,0,2,0.19,1,0,0,1,0,0,Matches
Cristian Romero,439,arARG,DF,Tottenham,26-362,1998,15.7,20,1.27,16,0,0,4,0,0,4,0.25,3,0,0,1,0,0,Matches
Crysencio Summerville,491,nlNED,"FW,MF",West Ham,23-176,2001,8.7,35,4.01,21,3,5,0,5,1,1,0.11,1,0,0,0,0,0,Matches
Curtis Jones,264,engENG,"MF,DF",Liverpool,24-084,2001,15.7,40,2.54,35,0,0,3,2,0,7,0.45,5,0,0,1,1,0,Matches
Daichi Kamada,270,jpJPN,MF,Crystal Palace,28-262,1996,14.9,46,3.09,35,6,0,2,1,2,3,0.20,2,1,0,0,0,0,Matches
Dan Burn,76,engENG,DF,Newcastle Utd,32-350,1992,32.0,19,0.59,14,1,0,3,1,0,3,0.09,2,1,0,0,0,0,Matches
Dane Scarlett,453,engENG,"FW,MF",Tottenham,21-031,2004,0.4,1,2.65,1,0,0,0,0,0,1,2.65,1,0,0,0,0,0,Matches
Dango Ouattara,397,bfBFA,FW,Bournemouth,23-072,2002,20.5,65,3.18,52,0,2,9,1,1,6,0.29,4,0,1,1,0,0,Matches
Daniel Bentley,53,engENG,GK,Wolves,31-285,1993,1.0,0,0.00,0,0,0,0,0,0,0,0.00,0,0,0,0,0,0,Matches
Daniel Jebbison,254,engENG,FW,Bournemouth,21-254,2003,0.8,5,6.00,4,0,1,0,0,0,0,0.00,0,0,0,0,0,0,Matches
Daniel Muñoz,363,coCOL,DF,Crystal Palace,28-333,1996,31.9,74,2.32,60,2,2,5,1,4,9,0.28,7,0,1,1,0,0,Matches
Daniel Podence,412,ptPOR,"MF,FW",Wolves,29-185,1995,0.5,0,0.00,0,0,0,0,0,0,0,0.00,0,0,0,0,0,0,Matches
Danilo,119,brBRA,"MF,FW",Nott'ham Forest,23-360,2001,3.0,7,2.37,7,0,0,0,0,0,2,0.68,2,0,0,0,0,0,Matches
Danny Ings,245,engENG,"FW,MF",West Ham,32-275,1992,3.2,12,3.80,7,0,1,3,1,0,2,0.63,0,0,0,1,1,0,Matches
Danny Ward,537,wlsWAL,GK,Leicester City,31-306,1993,1.5,0,0.00,0,0,0,0,0,0,0,0.00,0,0,0,0,0,0,Matches
Danny Welbeck,543,engENG,FW,Brighton,34-149,1990,19.6,41,2.09,30,1,3,1,6,0,6,0.31,6,0,0,0,0,0,Matches
Dara O'Shea,384,ieIRL,DF,Ipswich Town,26-051,1999,29.7,20,0.67,16,0,0,1,2,1,3,0.10,3,0,0,0,0,0,Matches
Darwin Núñez,379,uyURU,FW,Liverpool,25-304,1999,11.2,24,2.13,15,0,4,1,2,2,4,0.36,3,0,0,0,1,0,Matches
David Brooks,71,wlsWAL,"FW,MF",Bournemouth,27-290,1997,9.1,35,3.87,29,3,2,1,0,0,2,0.22,1,0,0,1,0,0,Matches
David Raya,422,esESP,GK,Arsenal,29-221,1995,34.0,4,0.12,3,1,0,0,0,0,1,0.03,1,0,0,0,0,0,Matches
Dean Henderson,231,engENG,GK,Crystal Palace,28-043,1997,34.0,3,0.09,2,1,0,0,0,0,0,0.00,0,0,0,0,0,0,Matches
Dean Huijsen,241,esESP,DF,Bournemouth,20-010,2005,22.8,38,1.67,35,1,0,1,1,0,3,0.13,3,0,0,0,0,0,Matches
Declan Rice,429,engENG,MF,Arsenal,26-100,1999,28.6,102,3.57,54,33,3,5,5,2,9,0.31,6,2,0,1,0,0,Matches
Dejan Kulusevski,290,seSWE,"MF,FW",Tottenham,24-364,2000,24.8,125,5.03,93,12,15,2,3,0,9,0.36,7,1,1,0,0,0,Matches
Destiny Udogie,520,itITA,DF,Tottenham,22-147,2002,19.4,33,1.70,30,0,0,1,0,2,3,0.15,2,0,0,0,0,1,Matches
Diego Carlos,84,brBRA,DF,Aston Villa,32-040,1993,9.2,4,0.43,3,0,0,1,0,0,0,0.00,0,0,0,0,0,0,Matches
Diego Gómez,203,pyPAR,MF,Brighton,22-028,2003,4.8,12,2.51,11,0,0,1,0,0,1,0.21,1,0,0,0,0,0,Matches
Diogo Dalot,117,ptPOR,DF,Manchester Utd,26-037,1999,31.0,74,2.39,57,5,7,4,0,1,5,0.16,3,0,1,1,0,0,Matches
Diogo Jota,266,ptPOR,FW,Liverpool,28-141,1996,11.9,35,2.94,22,0,6,5,1,1,9,0.75,5,0,2,1,1,0,Matches
Divin Mubama,359,engENG,FW,Manchester City,20-181,2004,0.3,0,0.00,0,0,0,0,0,0,0,0.00,0,0,0,0,0,0,Matches
Djed Spence,480,engENG,DF,Tottenham,24-258,2000,15.8,25,1.58,20,0,4,1,0,0,4,0.25,3,0,1,0,0,0,Matches
Dominic Calvert-Lewin,83,engENG,FW,Everton,28-039,1997,17.5,25,1.43,14,0,4,2,3,2,4,0.23,1,0,2,0,1,0,Matches
Dominic Solanke,474,engENG,FW,Tottenham,27-222,1997,22.8,37,1.62,25,0,0,9,2,1,8,0.35,6,0,0,1,1,0,Matches
Dominik Szoboszlai,493,huHUN,MF,Liverpool,24-181,2000,24.3,99,4.07,78,4,4,11,1,1,12,0.49,9,0,0,3,0,0,Matches
Donyell Malen,320,nlNED,FW,Aston Villa,26-105,1999,3.0,4,1.31,3,0,1,0,0,0,0,0.00,0,0,0,0,0,0,Matches
Dwight McNeil,338,engENG,"MF,FW",Everton,25-153,1999,12.9,61,4.75,34,18,4,2,2,1,7,0.54,4,1,1,0,0,1,Matches
Eberechi Eze,171,engENG,"MF,FW",Crystal Palace,26-299,1998,26.0,119,4.58,62,24,11,12,9,1,9,0.35,8,1,0,0,0,0,Matches
Eddie Nketiah,375,engENG,"FW,MF",Crystal Palace,25-329,1999,9.8,26,2.66,17,0,3,2,4,0,2,0.20,1,0,0,0,1,0,Matches
Ederson,153,brBRA,GK,Manchester City,31-250,1993,21.8,6,0.28,6,0,0,0,0,0,4,0.18,4,0,0,0,0,0,Matches
Edmond-Paris Maghoma,316,engENG,"MF,FW",Brentford,23-351,2001,1.3,4,3.03,4,0,0,0,0,0,1,0.76,1,0,0,0,0,0,Matches
Edson Álvarez,18,mxMEX,MF,West Ham,27-182,1997,18.1,25,1.38,21,0,2,1,1,0,2,0.11,2,0,0,0,0,0,Matches
Eiran Cashin,89,ieIRL,DF,Brighton,23-166,2001,0.2,1,4.50,1,0,0,0,0,0,0,0.00,0,0,0,0,0,0,Matches
Elliot Anderson,25,engENG,MF,Nott'ham Forest,22-169,2002,25.7,75,2.91,36,18,7,6,3,5,10,0.39,4,3,0,1,1,1,Matches
Emerson Palmieri,401,itITA,DF,West Ham,30-264,1994,21.4,41,1.91,25,11,0,2,2,1,2,0.09,1,1,0,0,0,0,Matches
Emi Buendía,72,arARG,"MF,FW",Aston Villa,28-120,1996,1.1,3,2.76,2,0,0,1,0,0,0,0.00,0,0,0,0,0,0,Matches
Emil Krafth,288,seSWE,DF,Newcastle Utd,30-265,1994,3.2,3,0.94,2,0,0,1,0,0,0,0.00,0,0,0,0,0,0,Matches
Emile Smith Rowe,473,engENG,MF,Fulham,24-270,2000,20.3,63,3.10,48,0,3,7,2,3,11,0.54,9,0,1,0,0,1,Matches
Emiliano Martínez,326,arARG,GK,Aston Villa,32-234,1992,32.0,6,0.19,5,1,0,0,0,0,1,0.03,1,0,0,0,0,0,Matches
Emmanuel Agbadou,6,ciCIV,DF,Wolves,27-311,1997,10.7,12,1.13,11,1,0,0,0,0,2,0.19,2,0,0,0,0,0,Matches
Enes Ünal,523,trTUR,"FW,MF",Bournemouth,27-349,1997,3.8,9,2.35,6,0,0,2,1,0,3,0.78,2,0,0,0,1,0,Matches
Enzo Fernández,180,arARG,MF,Chelsea,24-097,2001,27.8,135,4.86,105,15,2,4,4,5,15,0.54,12,2,0,1,0,0,Matches
Eric da Silva Moreira,467,deGER,"MF,DF",Nott'ham Forest,18-356,2006,0.3,0,0.00,0,0,0,0,0,0,0,0.00,0,0,0,0,0,0,Matches
Erling Haaland,221,noNOR,FW,Manchester City,24-277,2000,27.6,62,2.25,43,0,8,10,1,0,9,0.33,6,0,2,1,0,0,Matches
Ethan Nwaneri,380,engENG,"FW,MF",Arsenal,18-034,2007,9.1,22,2.42,12,4,3,2,1,0,3,0.33,3,0,0,0,0,0,Matches
Ethan Pinnock,411,jmJAM,DF,Brentford,31-330,1993,21.3,21,0.99,13,5,0,2,1,0,0,0.00,0,0,0,0,0,0,Matches
Evan Ferguson,176,ieIRL,FW,West Ham,20-187,2004,1.6,4,2.48,2,0,1,1,0,0,0,0.00,0,0,0,0,0,0,Matches
Evanilson,168,brBRA,FW,Bournemouth,25-200,1999,21.1,55,2.60,34,0,3,9,9,0,7,0.33,1,0,1,1,4,0,Matches
Ezri Konsa,285,engENG,DF,Aston Villa,27-183,1997,28.6,23,0.80,18,2,1,2,0,0,3,0.10,3,0,0,0,0,0,Matches
Fabian Schär,455,chSUI,DF,Newcastle Utd,33-125,1991,27.7,27,0.97,19,1,1,1,2,3,3,0.11,2,0,0,1,0,0,Matches
Fabio Carvalho,85,ptPOR,"FW,MF",Brentford,22-237,2002,5.1,10,1.97,7,0,1,2,0,0,1,0.20,1,0,0,0,0,0,Matches
Facundo Buonanotte,74,arARG,"FW,MF",Leicester City,20-122,2004,15.9,49,3.09,27,11,8,1,2,0,4,0.25,1,2,1,0,0,0,Matches
Federico Chiesa,95,itITA,FW,Liverpool,27-181,1997,0.4,3,7.30,3,0,0,0,0,0,1,2.43,1,0,0,0,0,0,Matches
Ferdi Kadioglu,269,trTUR,"DF,MF",Brighton,25-199,1999,4.3,13,3.03,11,0,0,0,1,1,2,0.47,2,0,0,0,0,0,Matches
Filip Jørgensen,268,dkDEN,GK,Chelsea,23-008,2002,6.0,1,0.17,1,0,0,0,0,0,0,0.00,0,0,0,0,0,0,Matches
Flynn Downes,147,engENG,MF,Southampton,26-094,1999,18.9,28,1.48,24,2,0,1,0,1,2,0.11,1,1,0,0,0,0,Matches
Frank Onyeka,393,ngNGA,MF,Brentford,27-113,1998,0.3,0,0.00,0,0,0,0,0,0,0,0.00,0,0,0,0,0,0,Matches
Fraser Forster,185,engENG,GK,Tottenham,37-038,1988,7.0,0,0.00,0,0,0,0,0,0,0,0.00,0,0,0,0,0,0,Matches
Gabriel Jesus,256,brBRA,FW,Arsenal,28-021,1997,6.8,18,2.66,10,0,1,5,1,1,4,0.59,1,0,0,3,0,0,Matches
Gabriel Magalhães,315,brBRA,DF,Arsenal,27-126,1997,26.3,35,1.33,31,0,0,3,1,0,6,0.23,4,0,0,1,1,0,Matches
Gabriel Martinelli,325,brBRA,"FW,MF",Arsenal,23-310,2001,21.7,61,2.81,46,1,7,4,3,0,6,0.28,3,0,1,1,1,0,Matches
George Edmundson,154,engENG,DF,Ipswich Town,27-236,1997,0.0,0,0.00,0,0,0,0,0,0,0,0.00,0,0,0,0,0,0,Matches
George Hirst,237,sctSCO,FW,Ipswich Town,26-068,1999,5.0,7,1.39,6,0,0,1,0,0,3,0.60,2,0,0,1,0,0,Matches
Georginio Rutter,440,frFRA,"MF,FW",Brighton,23-004,2002,18.4,64,3.47,37,0,9,7,9,2,8,0.43,3,0,3,1,1,0,Matches
Gonçalo Guedes,213,ptPOR,"MF,FW",Wolves,28-146,1996,8.6,23,2.69,21,0,1,0,1,0,8,0.94,7,0,1,0,0,0,Matches
Guglielmo Vicario,531,itITA,GK,Tottenham,28-199,1996,21.0,3,0.14,3,0,0,0,0,0,0,0.00,0,0,0,0,0,0,Matches
Guido Rodríguez,436,arARG,MF,West Ham,31-012,1994,11.3,10,0.88,8,0,0,2,0,0,0,0.00,0,0,0,0,0,0,Matches
Gustavo Nunes,377,brBRA,"MF,FW",Brentford,19-155,2005,0.0,0,0.00,0,0,0,0,0,0,0,0.00,0,0,0,0,0,0,Matches
Hamza Choudhury,98,bdBAN,"MF,DF",Leicester City,27-205,1997,1.5,3,2.05,2,0,1,0,0,0,0,0.00,0,0,0,0,0,0,Matches
Harrison Armstrong,34,engENG,MF,Everton,18-095,2007,0.5,1,1.87,1,0,0,0,0,0,0,0.00,0,0,0,0,0,0,Matches
Harrison Reed,423,engENG,MF,Fulham,30-087,1995,1.0,1,0.97,0,1,0,0,0,0,0,0.00,0,0,0,0,0,0,Matches
Harry Amass,20,engENG,DF,Manchester Utd,18-039,2007,1.8,5,2.71,5,0,0,0,0,0,0,0.00,0,0,0,0,0,0,Matches
Harry Clarke,100,engENG,DF,Ipswich Town,24-053,2001,4.2,1,0.24,1,0,0,0,0,0,0,0.00,0,0,0,0,0,0,Matches
Harry Maguire,317,engENG,DF,Manchester Utd,32-050,1993,15.8,15,0.95,11,0,0,4,0,0,0,0.00,0,0,0,0,0,0,Matches
Harry Toffolo,507,engENG,DF,Nott'ham Forest,29-248,1995,1.5,0,0.00,0,0,0,0,0,0,0,0.00,0,0,0,0,0,0,Matches
Harry Wilson,553,wlsWAL,"FW,MF",Fulham,28-033,1997,9.5,30,3.17,21,6,0,1,2,0,3,0.32,2,0,0,0,1,0,Matches
Harry Winks,554,engENG,MF,Leicester City,29-081,1996,17.1,39,2.28,29,7,1,1,1,0,3,0.18,2,1,0,0,0,0,Matches
Harvey Barnes,46,engENG,FW,Newcastle Utd,27-136,1997,14.9,48,3.22,32,1,6,5,4,0,9,0.60,6,0,1,1,1,0,Matches
Harvey Elliott,160,engENG,"MF,FW",Liverpool,22-020,2003,2.0,11,5.38,9,2,0,0,0,0,2,0.98,2,0,0,0,0,0,Matches
Hwang Hee-chan,230,krKOR,"MF,FW",Wolves,29-088,1996,7.2,9,1.25,8,0,0,1,0,0,1,0.14,1,0,0,0,0,0,Matches
Hákon Rafn Valdimarsson,417,isISL,GK,Brentford,23-193,2001,1.6,2,1.24,2,0,0,0,0,0,0,0.00,0,0,0,0,0,0,Matches
Ian Maatsen,311,nlNED,DF,Aston Villa,23-045,2002,9.9,49,4.97,36,3,4,5,0,1,7,0.71,6,0,1,0,0,0,Matches
Ibrahim Sangaré,447,ciCIV,MF,Nott'ham Forest,27-143,1997,3.1,5,1.61,4,0,0,1,0,0,0,0.00,0,0,0,0,0,0,Matches
Ibrahima Konaté,284,frFRA,DF,Liverpool,25-334,1999,24.8,28,1.13,24,0,0,3,0,1,7,0.28,6,0,0,0,0,1,Matches
Idrissa Gana Gueye,191,snSEN,MF,Everton,35-210,1989,29.1,56,1.93,48,0,1,2,3,2,3,0.10,3,0,0,0,0,0,Matches
Igor,244,brBRA,DF,Brighton,27-076,1998,10.0,11,1.10,10,0,0,0,1,0,0,0.00,0,0,0,0,0,0,Matches
Iliman Ndiaye,368,snSEN,FW,Everton,25-049,2000,23.5,58,2.47,44,0,7,1,6,0,5,0.21,3,0,1,0,1,0,Matches
Illia Zabarnyi,564,uaUKR,DF,Bournemouth,22-235,2002,29.6,28,0.95,25,1,0,0,0,2,0,0.00,0,0,0,0,0,0,Matches
Ismaila Sarr,450,snSEN,"MF,FW",Crystal Palace,27-058,1998,26.6,97,3.65,70,0,6,7,14,0,9,0.34,6,0,1,0,2,0,Matches
Issa Diop,135,frFRA,DF,Fulham,28-105,1997,14.9,6,0.40,5,0,0,1,0,0,0,0.00,0,0,0,0,0,0,Matches
Jack Clarke,101,engENG,"FW,MF",Ipswich Town,24-152,2000,11.0,38,3.44,32,2,2,0,0,2,5,0.45,4,1,0,0,0,0,Matches
Jack Grealish,209,engENG,"FW,MF",Manchester City,29-226,1995,8.0,47,5.87,41,1,3,0,1,1,2,0.25,1,0,0,0,0,1,Matches
Jack Harrison,225,engENG,FW,Everton,28-155,1996,20.3,52,2.56,36,6,4,2,4,0,4,0.20,1,0,0,1,2,0,Matches
Jack Hinshelwood,236,engENG,"DF,MF",Brighton,20-013,2005,17.7,30,1.69,24,4,0,1,1,0,2,0.11,2,0,0,0,0,0,Matches
Jack Stephens,483,engENG,DF,Southampton,31-087,1994,11.9,12,1.01,12,0,0,0,0,0,0,0.00,0,0,0,0,0,0,Matches
Jack Taylor,498,ieIRL,MF,Ipswich Town,26-305,1998,6.7,20,3.00,13,1,2,2,0,2,1,0.15,1,0,0,0,0,0,Matches
Jacob Greaves,210,engENG,DF,Ipswich Town,24-224,2000,19.5,12,0.62,11,0,0,1,0,0,0,0.00,0,0,0,0,0,0,Matches
Jacob Murphy,366,engENG,FW,Newcastle Utd,30-059,1995,22.4,68,3.04,53,4,4,3,2,2,12,0.54,12,0,0,0,0,0,Matches
Jacob Ramsey,419,engENG,"FW,MF",Aston Villa,23-331,2001,16.5,49,2.97,38,0,4,1,6,0,8,0.48,7,0,0,0,1,0,Matches
Jaden Philogene Bidace,408,engENG,"FW,MF",Aston Villa,23-075,2002,3.7,5,1.36,3,0,0,0,1,1,0,0.00,0,0,0,0,0,0,Matches
Jadon Sancho,446,engENG,FW,Chelsea,25-030,2000,18.4,65,3.53,58,0,3,1,3,0,10,0.54,9,0,0,0,1,0,Matches
Jahmai Simpson-Pusey,468,engENG,DF,Manchester City,19-171,2005,1.1,0,0.00,0,0,0,0,0,0,0,0.00,0,0,0,0,0,0,Matches
Jake Evans,169,N/a,FW,Leicester City,N/a,N/a,0.0,0,0.00,0,0,0,0,0,0,0,0.00,0,0,0,0,0,0,Matches
Jake O'Brien,382,ieIRL,DF,Everton,23-344,2001,13.5,14,1.04,12,0,2,0,0,0,0,0.00,0,0,0,0,0,0,Matches
Jakub Kiwior,282,plPOL,DF,Arsenal,25-068,2000,8.5,6,0.71,5,0,1,0,0,0,0,0.00,0,0,0,0,0,0,Matches
Jakub Moder,351,plPOL,MF,Brighton,26-017,1999,0.1,4,32.73,4,0,0,0,0,0,0,0.00,0,0,0,0,0,0,Matches
Jakub Stolarczyk,486,plPOL,GK,Leicester City,24-126,2000,6.0,0,0.00,0,0,0,0,0,0,0,0.00,0,0,0,0,0,0,Matches
James Bree,67,engENG,DF,Southampton,27-195,1997,9.9,15,1.52,12,2,0,1,0,0,1,0.10,1,0,0,0,0,0,Matches
James Garner,194,engENG,"MF,DF",Everton,24-042,2001,12.7,28,2.20,19,9,0,0,0,0,4,0.31,3,1,0,0,0,0,Matches
James Hill,235,engENG,DF,Bournemouth,23-104,2002,5.0,8,1.61,5,2,0,0,0,1,1,0.20,1,0,0,0,0,0,Matches
James Justin,267,engENG,DF,Leicester City,27-060,1998,28.2,31,1.10,20,2,1,4,4,0,1,0.04,1,0,0,0,0,0,Matches
James Maddison,313,engENG,MF,Tottenham,28-152,1996,19.6,92,4.70,65,11,7,3,6,0,17,0.87,12,1,3,1,0,0,Matches
James Mcatee,334,engENG,"MF,FW",Manchester City,22-188,2002,3.3,3,0.91,2,0,1,0,0,0,1,0.30,0,0,1,0,0,0,Matches
James Milner,346,engENG,MF,Brighton,39-110,1986,1.9,8,4.26,5,2,0,0,1,0,0,0.00,0,0,0,0,0,0,Matches
James Tarkowski,495,engENG,DF,Everton,32-156,1992,32.5,38,1.17,32,2,0,4,0,0,4,0.12,4,0,0,0,0,0,Matches
James Ward-Prowse,539,engENG,MF,West Ham,30-174,1994,8.4,22,2.62,12,7,0,3,0,0,1,0.12,0,1,0,0,0,0,Matches
Jamie Vardy,525,engENG,FW,Leicester City,38-103,1987,27.6,40,1.45,29,0,5,2,4,0,9,0.33,4,0,2,1,2,0,Matches
Jan Bednarek,49,plPOL,DF,Southampton,29-012,1996,25.1,16,0.64,15,0,0,1,0,0,0,0.00,0,0,0,0,0,0,Matches
Jan Paul van Hecke,229,nlNED,DF,Brighton,24-320,2000,28.9,48,1.66,42,2,0,3,1,0,3,0.10,3,0,0,0,0,0,Matches
Jannik Vestergaard,530,dkDEN,DF,Leicester City,32-264,1992,15.5,7,0.45,6,0,0,0,0,1,0,0.00,0,0,0,0,0,0,Matches
Jarell Quansah,416,engENG,DF,Liverpool,22-085,2003,3.5,2,0.57,2,0,0,0,0,0,0,0.00,0,0,0,0,0,0,Matches
Jarrad Branthwaite,66,engENG,DF,Everton,22-301,2002,24.1,12,0.50,10,1,0,0,1,0,2,0.08,1,1,0,0,0,0,Matches
Jarrod Bowen,64,engENG,"FW,MF",West Ham,28-125,1996,28.2,97,3.44,58,12,5,12,8,2,11,0.39,7,2,1,1,0,0,Matches
Jason Steele,482,engENG,GK,Brighton,34-249,1990,2.0,0,0.00,0,0,0,0,0,0,0,0.00,0,0,0,0,0,0,Matches
Jay Robinson,434,engENG,MF,Southampton,18-040,2007,0.0,1,45.00,1,0,0,0,0,0,0,0.00,0,0,0,0,0,0,Matches
Jay Stansfield,481,engENG,MF,Fulham,22-151,2002,0.0,0,0.00,0,0,0,0,0,0,0,0.00,0,0,0,0,0,0,Matches
Jayden Danns,120,engENG,MF,Liverpool,19-098,2006,0.1,0,0.00,0,0,0,0,0,0,0,0.00,0,0,0,0,0,0,Matches
Jayden Meghoma,341,engENG,DF,Brentford,18-300,2006,0.1,0,0.00,0,0,0,0,0,0,0,0.00,0,0,0,0,0,0,Matches
Jean-Clair Todibo,506,frFRA,DF,West Ham,25-115,1999,15.5,5,0.32,4,0,0,0,0,1,0,0.00,0,0,0,0,0,0,Matches
Jean-Philippe Mateta,329,frFRA,FW,Crystal Palace,27-300,1997,27.1,56,2.06,38,0,4,9,5,0,8,0.29,3,0,3,2,0,0,Matches
Jean-Ricner Bellegarde,51,frFRA,"MF,FW",Wolves,26-301,1998,16.4,53,3.23,33,3,4,4,7,2,10,0.61,8,0,0,0,1,1,Matches
Jefferson Lerma,298,coCOL,"MF,DF",Crystal Palace,30-181,1994,22.6,42,1.86,33,5,0,3,0,1,3,0.13,3,0,0,0,0,0,Matches
Jeffrey Schlupp,456,ghGHA,"MF,DF",Crystal Palace,32-122,1992,1.1,7,6.06,5,0,1,1,0,0,0,0.00,0,0,0,0,0,0,Matches
Jens Cajuste,81,seSWE,MF,Ipswich Town,25-257,1999,19.7,30,1.52,23,2,4,0,0,1,1,0.05,0,0,1,0,0,0,Matches
Jeremy Doku,141,beBEL,"FW,MF",Manchester City,22-332,2002,14.5,63,4.34,48,1,11,1,2,0,12,0.83,10,0,2,0,0,0,Matches
Jeremy Monga,352,N/a,FW,Leicester City,N/a,N/a,0.3,1,3.91,1,0,0,0,0,0,0,0.00,0,0,0,0,0,0,Matches
Jeremy Sarmiento,449,ecECU,MF,Brighton,22-312,2002,0.1,0,0.00,0,0,0,0,0,0,0,0.00,0,0,0,0,0,0,Matches
Jesper Lindstrøm,305,dkDEN,FW,Everton,25-054,2000,13.8,46,3.35,30,7,2,3,3,1,1,0.07,1,0,0,0,0,0,Matches
Joachim Andersen,23,dkDEN,DF,Crystal Palace,28-328,1996,1.0,1,1.00,1,0,0,0,0,0,0,0.00,0,0,0,0,0,0,Matches
Joe Aribo,32,ngNGA,"MF,DF",Southampton,28-277,1996,21.2,37,1.75,32,0,2,1,2,0,1,0.05,1,0,0,0,0,0,Matches
Joe Gomez,204,engENG,DF,Liverpool,27-336,1997,5.8,5,0.87,5,0,0,0,0,0,1,0.17,1,0,0,0,0,0,Matches
Joe Lumley,309,engENG,GK,Southampton,30-068,1995,3.0,0,0.00,0,0,0,0,0,0,0,0.00,0,0,0,0,0,0,Matches
Joe Willock,551,engENG,"MF,FW",Newcastle Utd,25-247,1999,9.9,38,3.86,31,0,3,2,1,1,4,0.41,4,0,0,0,0,0,Matches
Joel Ward,538,engENG,DF,Crystal Palace,35-177,1989,0.0,0,0.00,0,0,0,0,0,0,0,0.00,0,0,0,0,0,0,Matches
Joelinton,260,brBRA,"MF,FW",Newcastle Utd,28-253,1996,26.6,61,2.29,46,2,1,5,1,6,9,0.34,7,0,0,1,0,1,Matches
John McGinn,337,sctSCO,"MF,FW",Aston Villa,30-188,1994,22.1,66,2.98,51,5,0,4,5,1,6,0.27,6,0,0,0,0,0,Matches
John Stones,487,engENG,"DF,MF",Manchester City,30-331,1994,6.1,8,1.31,8,0,0,0,0,0,2,0.33,2,0,0,0,0,0,Matches
Jonny Evans,170,nirNIR,DF,Manchester Utd,37-111,1988,3.2,2,0.62,2,0,0,0,0,0,0,0.00,0,0,0,0,0,0,Matches
Jordan Ayew,40,ghGHA,"FW,MF",Crystal Palace,33-225,1991,0.2,1,4.29,1,0,0,0,0,0,0,0.00,0,0,0,0,0,0,Matches
Jordan Pickford,410,engENG,GK,Everton,31-048,1994,33.0,12,0.36,11,1,0,0,0,0,2,0.06,2,0,0,0,0,0,Matches
Jorge Cuenca,114,esESP,DF,Fulham,25-158,1999,2.9,1,0.35,1,0,0,0,0,0,0,0.00,0,0,0,0,0,0,Matches
Jorginho,265,itITA,MF,Arsenal,33-125,1991,7.8,12,1.55,10,0,0,0,2,0,0,0.00,0,0,0,0,0,0,Matches
Joshua Acheampong,2,engENG,DF,Chelsea,18-354,2006,1.9,2,1.06,2,0,0,0,0,0,0,0.00,0,0,0,0,0,0,Matches
Joshua King,280,engENG,"MF,FW",Fulham,18-111,2007,0.9,4,4.50,3,0,1,0,0,0,0,0.00,0,0,0,0,0,0,Matches
Joshua Zirkzee,566,nlNED,"FW,MF",Manchester Utd,23-337,2001,15.6,31,1.99,28,0,0,2,1,0,3,0.19,1,0,0,1,1,0,Matches
José Sá,441,ptPOR,GK,Wolves,32-097,1993,25.0,4,0.16,4,0,0,0,0,0,0,0.00,0,0,0,0,0,0,Matches
Jota Silva,466,ptPOR,"FW,MF",Nott'ham Forest,25-266,1999,9.2,29,3.15,22,0,1,3,3,0,3,0.33,2,0,0,0,1,0,Matches
João Félix,175,ptPOR,"FW,MF",Chelsea,25-165,1999,4.1,18,4.38,12,0,2,3,1,0,3,0.73,1,0,1,0,1,0,Matches
João Gomes,200,brBRA,MF,Wolves,24-071,2001,28.9,58,2.01,46,1,5,2,2,2,3,0.10,3,0,0,0,0,0,Matches
João Pedro,259,brBRA,"FW,MF",Brighton,23-210,2001,21.6,72,3.32,56,0,3,2,10,1,9,0.42,6,0,0,0,3,0,Matches
Joël Veltman,527,nlNED,DF,Brighton,33-099,1992,18.3,22,1.21,15,2,2,1,2,0,1,0.05,0,1,0,0,0,0,Matches
Joško Gvardiol,220,hrCRO,DF,Manchester City,23-091,2002,32.4,69,2.13,64,1,2,2,0,0,7,0.22,6,0,1,0,0,0,Matches
Julian Araujo,29,mxMEX,DF,Bournemouth,23-254,2001,4.0,4,0.99,4,0,0,0,0,0,0,0.00,0,0,0,0,0,0,Matches
Julio Enciso,162,pyPAR,"MF,FW",Ipswich Town,21-091,2004,6.1,21,3.44,12,3,3,2,0,1,3,0.49,2,1,0,0,0,0,Matches
Julio Soler,476,arARG,FW,Bournemouth,20-067,2005,0.0,0,0.00,0,0,0,0,0,0,0,0.00,0,0,0,0,0,0,Matches
Jurriën Timber,505,nlNED,DF,Arsenal,23-311,2001,26.9,52,1.94,46,1,3,0,1,1,9,0.34,8,0,1,0,0,0,Matches
Justin Devenny,128,nirNIR,MF,Crystal Palace,21-195,2003,4.8,11,2.30,8,2,0,1,0,0,0,0.00,0,0,0,0,0,0,Matches
Justin Kluivert,283,nlNED,"MF,FW",Bournemouth,25-354,1999,22.5,92,4.08,68,8,6,5,4,1,11,0.49,10,0,0,0,1,0,Matches
Jáder Durán,152,coCOL,FW,Aston Villa,21-132,2003,7.1,18,2.54,9,0,0,4,3,2,1,0.14,0,0,0,0,0,1,Matches
Jørgen Strand Larsen,488,noNOR,FW,Wolves,25-077,2000,26.5,38,1.43,29,1,1,3,2,2,4,0.15,4,0,0,0,0,0,Matches
Kaelan Casey,87,engENG,DF,West Ham,20-178,2004,0.0,0,0.00,0,0,0,0,0,0,0,0.00,0,0,0,0,0,0,Matches
Kai Havertz,227,deGER,"FW,MF",Arsenal,25-317,1999,20.4,41,2.01,34,0,1,6,0,0,3,0.15,2,0,0,1,0,0,Matches
Kalvin Phillips,407,engENG,MF,Ipswich Town,29-143,1995,13.5,17,1.26,13,3,0,1,0,0,3,0.22,3,0,0,0,0,0,Matches
Kamaldeen Sulemana,490,ghGHA,"FW,MF",Southampton,23-068,2002,11.6,26,2.24,14,1,8,2,1,0,3,0.26,1,0,1,1,0,0,Matches
Kaoru Mitoma,350,jpJPN,"FW,MF",Brighton,27-339,1997,27.7,83,3.00,69,0,6,3,4,1,8,0.29,7,0,0,0,1,0,Matches
Kasey McAteer,335,ieIRL,"FW,MF",Leicester City,23-153,2001,5.4,15,2.79,13,0,0,0,2,0,2,0.37,1,0,0,0,1,0,Matches
Keane Lewis-Potter,300,engENG,"DF,FW",Brentford,24-061,2001,30.2,65,2.16,51,0,4,3,6,1,8,0.27,6,0,0,0,2,0,Matches
Kenny Tete,500,nlNED,DF,Fulham,29-197,1995,15.0,24,1.60,16,0,2,3,2,1,3,0.20,3,0,0,0,0,0,Matches
Kepa Arrizabalaga,35,esESP,GK,Bournemouth,30-203,1994,26.0,4,0.15,2,2,0,0,0,0,0,0.00,0,0,0,0,0,0,Matches
Kevin Danso,121,atAUT,DF,Tottenham,26-217,1998,4.4,6,1.38,5,0,0,1,0,0,2,0.46,2,0,0,0,0,0,Matches
Kevin De Bruyne,125,beBEL,"MF,FW",Manchester City,33-300,1991,16.2,101,6.24,64,24,3,6,2,2,11,0.68,9,1,0,1,0,0,Matches
Kevin Schade,454,deGER,FW,Brentford,23-148,2001,21.5,46,2.15,27,6,4,4,4,1,8,0.37,5,0,0,3,0,0,Matches
Kieran Tierney,504,sctSCO,"DF,FW",Arsenal,27-323,1997,2.0,8,3.98,7,1,0,0,0,0,0,0.00,0,0,0,0,0,0,Matches
Kieran Trippier,516,engENG,DF,Newcastle Utd,34-217,1990,12.2,44,3.59,25,17,0,2,0,0,3,0.25,2,1,0,0,0,0,Matches
Kiernan Dewsbury-Hall,129,engENG,"MF,FW",Chelsea,26-230,1998,2.9,5,1.74,5,0,0,0,0,0,1,0.35,1,0,0,0,0,0,Matches
Kim Jisoo,258,krKOR,DF,Brentford,20-121,2004,0.3,0,0.00,0,0,0,0,0,0,0,0.00,0,0,0,0,0,0,Matches
Kobbie Mainoo,318,engENG,MF,Manchester Utd,20-005,2005,15.0,26,1.73,22,0,3,0,1,0,1,0.07,1,0,0,0,0,0,Matches
Konstantinos Mavropanos,331,grGRE,DF,West Ham,27-134,1997,20.6,14,0.68,10,0,1,2,0,1,0,0.00,0,0,0,0,0,0,Matches
Kosta Nedeljković,370,rsSRB,DF,Aston Villa,19-129,2005,1.4,0,0.00,0,0,0,0,0,0,0,0.00,0,0,0,0,0,0,Matches
Kostas Tsimikas,518,grGRE,DF,Liverpool,28-347,1996,7.4,23,3.10,16,6,0,0,1,0,2,0.27,1,1,0,0,0,0,Matches
Kristoffer Ajer,10,noNOR,DF,Brentford,27-007,1998,15.4,18,1.17,15,0,1,2,0,0,2,0.13,2,0,0,0,0,0,Matches
Kyle Walker,533,engENG,DF,Manchester City,34-331,1990,10.8,17,1.58,17,0,0,0,0,0,0,0.00,0,0,0,0,0,0,Matches
Kyle Walker-Peters,534,engENG,DF,Southampton,28-011,1997,30.4,59,1.94,38,3,8,5,3,2,7,0.23,5,0,1,1,0,0,Matches
Lamare Bogarde,61,nlNED,"DF,MF",Aston Villa,21-109,2004,5.3,10,1.89,8,1,0,0,0,1,1,0.19,1,0,0,0,0,0,Matches
Leandro Trossard,517,beBEL,FW,Arsenal,30-141,1994,25.2,78,3.10,61,2,5,5,4,1,6,0.24,6,0,0,0,0,0,Matches
Leif Davis,123,engENG,DF,Ipswich Town,25-102,2000,28.5,85,2.98,42,36,3,2,1,1,4,0.14,3,0,1,0,0,0,Matches
Leny Yoro,562,frFRA,DF,Manchester Utd,19-162,2005,10.9,5,0.46,2,0,0,2,0,1,0,0.00,0,0,0,0,0,0,Matches
Leon Bailey,43,jmJAM,"FW,MF",Aston Villa,27-258,1997,12.6,38,3.01,23,1,8,3,3,0,4,0.32,4,0,0,0,0,0,Matches
Lesley Ugochukwu,522,frFRA,MF,Southampton,21-029,2004,15.1,22,1.46,18,0,1,1,2,0,1,0.07,0,0,0,1,0,0,Matches
Levi Colwill,107,engENG,DF,Chelsea,22-057,2003,30.0,37,1.23,33,2,0,1,0,1,3,0.10,2,0,0,0,0,1,Matches
Lewis Cook,108,engENG,"MF,DF",Bournemouth,28-080,1997,30.1,86,2.86,66,18,0,2,0,0,5,0.17,2,1,0,2,0,0,Matches
Lewis Dunk,151,engENG,DF,Brighton,33-154,1991,21.1,18,0.85,16,0,0,2,0,0,3,0.14,2,0,0,1,0,0,Matches
Lewis Hall,222,engENG,DF,Newcastle Utd,20-228,2004,24.3,63,2.59,44,18,0,0,1,0,6,0.25,5,1,0,0,0,0,Matches
Lewis Miley,345,engENG,MF,Newcastle Utd,18-358,2006,2.5,3,1.19,2,0,0,0,0,1,0,0.00,0,0,0,0,0,0,Matches
Lewis Orford,394,engENG,MF,West Ham,19-065,2006,0.5,2,3.67,2,0,0,0,0,0,0,0.00,0,0,0,0,0,0,Matches
Liam Delap,126,engENG,FW,Ipswich Town,22-075,2003,26.2,60,2.30,27,0,11,7,13,2,7,0.27,3,0,2,0,2,0,Matches
Lisandro Martínez,327,arARG,DF,Manchester Utd,27-096,1998,19.5,26,1.34,23,0,0,2,0,1,2,0.10,2,0,0,0,0,0,Matches
Lloyd Kelly,275,engENG,DF,Newcastle Utd,26-200,1998,3.4,2,0.59,2,0,0,0,0,0,1,0.30,1,0,0,0,0,0,Matches
Lucas Bergvall,55,seSWE,MF,Tottenham,19-081,2006,12.5,21,1.68,15,4,0,2,0,0,4,0.32,3,0,0,1,0,0,Matches
Lucas Digne,134,frFRA,DF,Aston Villa,31-278,1993,24.9,63,2.53,39,18,1,4,0,1,5,0.20,5,0,0,0,0,0,Matches
Lucas Paquetá,402,brBRA,"MF,FW",West Ham,27-240,1997,24.1,75,3.12,62,2,1,4,5,1,6,0.25,3,0,0,2,1,0,Matches
Luis Díaz,132,coCOL,FW,Liverpool,28-101,1997,23.9,115,4.81,86,0,16,9,4,0,16,0.67,13,0,1,0,2,0,Matches
Luis Guilherme,215,brBRA,"MF,FW",West Ham,19-074,2006,1.5,10,6.52,6,1,1,1,1,0,0,0.00,0,0,0,0,0,0,Matches
Luis Sinisterra,469,coCOL,"FW,MF",Bournemouth,25-311,1999,2.6,14,5.29,11,0,1,2,0,0,1,0.38,1,0,0,0,0,0,Matches
Luke Shaw,463,engENG,DF,Manchester Utd,29-286,1995,0.9,2,2.17,2,0,0,0,0,0,0,0.00,0,0,0,0,0,0,Matches
Luke Thomas,502,engENG,DF,Leicester City,23-318,2001,7.7,5,0.65,3,2,0,0,0,0,0,0.00,0,0,0,0,0,0,Matches
Luke Woolfenden,559,engENG,DF,Ipswich Town,26-185,1998,11.2,2,0.18,2,0,0,0,0,0,0,0.00,0,0,0,0,0,0,Matches
Mads Hermansen,233,dkDEN,GK,Leicester City,24-287,2000,25.5,3,0.12,3,0,0,0,0,0,0,0.00,0,0,0,0,0,0,Matches
Mads Roerslev,437,dkDEN,DF,Brentford,25-304,1999,12.2,21,1.72,18,0,1,1,1,0,2,0.16,2,0,0,0,0,0,Matches
Malo Gusto,219,frFRA,DF,Chelsea,21-340,2003,20.2,56,2.77,55,0,0,1,0,0,4,0.20,4,0,0,0,0,0,Matches
Manuel Akanji,11,chSUI,DF,Manchester City,29-279,1995,19.0,34,1.79,34,0,0,0,0,0,2,0.11,2,0,0,0,0,0,Matches
Manuel Ugarte Ribeiro,521,uyURU,MF,Manchester Utd,24-013,2001,17.7,27,1.53,21,0,0,1,2,3,2,0.11,2,0,0,0,0,0,Matches
Marc Cucurella,113,esESP,DF,Chelsea,26-276,1998,28.2,45,1.60,39,3,0,2,1,0,5,0.18,4,1,0,0,0,0,Matches
Marc Guiu,217,esESP,FW,Chelsea,19-110,2006,0.8,1,1.22,1,0,0,0,0,0,0,0.00,0,0,0,0,0,0,Matches
Marc Guéhi,214,engENG,DF,Crystal Palace,24-285,2000,32.0,38,1.19,32,0,0,3,2,1,5,0.16,4,0,0,0,0,1,Matches
Marco Asensio,36,esESP,"MF,FW",Aston Villa,29-093,1996,5.3,25,4.68,14,7,0,1,2,1,3,0.56,2,0,0,1,0,0,Matches
Marcos Senesi,461,arARG,DF,Bournemouth,27-349,1997,11.2,16,1.43,16,0,0,0,0,0,1,0.09,1,0,0,0,0,0,Matches
Marcus Harness,224,engENG,MF,Ipswich Town,29-059,1996,0.5,2,4.00,2,0,0,0,0,0,0,0.00,0,0,0,0,0,0,Matches
Marcus Rashford,420,engENG,"FW,MF",Manchester Utd,27-175,1997,10.9,29,2.67,24,1,2,2,0,0,1,0.09,1,0,0,0,0,0,Matches
Marcus Tavernier,496,engENG,"FW,MF",Bournemouth,26-033,1999,17.3,82,4.73,57,12,3,6,4,0,10,0.58,5,3,0,1,1,0,Matches
Mario Lemina,296,gaGAB,"MF,DF",Wolves,31-235,1993,15.2,26,1.71,21,0,2,2,0,1,5,0.33,5,0,0,0,0,0,Matches
Mark Flekken,181,nlNED,GK,Brentford,31-315,1993,31.4,7,0.22,4,3,0,0,0,0,1,0.03,0,1,0,0,0,0,Matches
Mark Travers,514,ieIRL,GK,Bournemouth,25-341,1999,5.0,0,0.00,0,0,0,0,0,0,0,0.00,0,0,0,0,0,0,Matches
Marshall Munetsi,361,zwZIM,"MF,FW",Wolves,28-306,1996,7.8,13,1.68,9,0,0,1,2,1,1,0.13,1,0,0,0,0,0,Matches
Martial Godo,199,engENG,FW,Fulham,22-041,2003,0.2,0,0.00,0,0,0,0,0,0,0,0.00,0,0,0,0,0,0,Matches
Martin Dúbravka,150,skSVK,GK,Newcastle Utd,36-099,1989,10.0,0,0.00,0,0,0,0,0,0,0,0.00,0,0,0,0,0,0,Matches
Martin Ødegaard,567,noNOR,MF,Arsenal,26-128,1998,22.7,112,4.95,93,12,2,4,1,0,13,0.57,11,2,0,0,0,0,Matches
Mason Holgate,238,engENG,"FW,DF",Everton,28-184,1996,0.1,0,0.00,0,0,0,0,0,0,0,0.00,0,0,0,0,0,0,Matches
Mason Mount,358,engENG,"MF,FW",Manchester Utd,26-104,1999,3.9,11,2.84,7,2,0,1,1,0,0,0.00,0,0,0,0,0,0,Matches
Massimo Luongo,310,auAUS,MF,Ipswich Town,32-211,1992,2.1,0,0.00,0,0,0,0,0,0,0,0.00,0,0,0,0,0,0,Matches
Mateo Kovačić,286,hrCRO,MF,Manchester City,30-353,1994,21.8,59,2.71,48,0,3,4,3,1,6,0.28,4,0,1,1,0,0,Matches
Mateus Fernandes,179,ptPOR,MF,Southampton,20-288,2004,27.8,68,2.45,39,12,4,6,6,1,6,0.22,4,1,0,0,0,1,Matches
Matheus Cunha,115,brBRA,"MF,FW",Wolves,25-332,1999,25.0,107,4.27,58,11,16,7,12,3,13,0.52,7,0,4,0,1,1,Matches
Matheus França,186,brBRA,"FW,MF",Crystal Palace,21-023,2004,0.3,1,3.46,0,0,0,1,0,0,0,0.00,0,0,0,0,0,0,Matches
Matheus Nunes,378,ptPOR,"DF,MF",Manchester City,26-240,1998,15.6,39,2.50,32,1,2,2,2,0,6,0.38,4,0,1,1,0,0,Matches
Mathias Jensen,255,dkDEN,MF,Brentford,29-113,1996,8.6,37,4.32,26,10,1,0,0,0,4,0.47,1,2,1,0,0,0,Matches
Mathis Amougou,22,frFRA,MF,Chelsea,19-096,2006,0.1,0,0.00,0,0,0,0,0,0,0,0.00,0,0,0,0,0,0,Matches
Mathys Tel,499,frFRA,FW,Tottenham,19-362,2005,5.5,15,2.75,10,1,1,2,1,0,0,0.00,0,0,0,0,0,0,Matches
Mats Wieffer,548,nlNED,"MF,DF",Brighton,25-159,1999,6.7,22,3.28,21,0,0,1,0,0,3,0.45,3,0,0,0,0,0,Matches
Matt Doherty,140,ieIRL,DF,Wolves,33-098,1992,20.2,24,1.19,18,3,1,1,1,0,3,0.15,3,0,0,0,0,0,Matches
Matt O'Riley,383,dkDEN,MF,Brighton,24-154,2000,7.5,29,3.86,17,6,1,2,1,2,4,0.53,3,0,0,0,1,0,Matches
Matt Targett,494,engENG,DF,Newcastle Utd,29-218,1995,0.2,0,0.00,0,0,0,0,0,0,0,0.00,0,0,0,0,0,0,Matches
Matthijs de Ligt,302,nlNED,DF,Manchester Utd,25-255,1999,23.2,14,0.60,12,0,0,2,0,0,1,0.04,1,0,0,0,0,0,Matches
Matty Cash,88,plPOL,DF,Aston Villa,27-260,1997,19.0,22,1.16,20,1,1,0,0,0,2,0.11,2,0,0,0,0,0,Matches
Matz Sels,458,beBEL,GK,Nott'ham Forest,33-057,1992,33.0,5,0.15,2,3,0,0,0,0,0,0.00,0,0,0,0,0,0,Matches
Max Aarons,1,engENG,DF,Bournemouth,25-110,2000,1.0,2,2.09,2,0,0,0,0,0,0,0.00,0,0,0,0,0,0,Matches
Max Kilman,279,engENG,DF,West Ham,27-336,1997,32.2,26,0.81,24,0,2,0,0,0,3,0.09,2,0,1,0,0,0,Matches
Maxence Lacroix,291,frFRA,DF,Crystal Palace,25-018,2000,30.6,26,0.85,21,1,0,4,0,0,4,0.13,2,1,0,1,0,0,Matches
Maxwel Cornet,109,ciCIV,FW,Southampton,28-209,1996,0.8,0,0.00,0,0,0,0,0,0,0,0.00,0,0,0,0,0,0,Matches
Michael Kayode,272,itITA,DF,Brentford,20-288,2004,1.4,4,2.81,2,2,0,0,0,0,1,0.70,1,0,0,0,0,0,Matches
Michael Keane,273,engENG,DF,Everton,32-103,1993,9.5,6,0.63,6,0,0,0,0,0,0,0.00,0,0,0,0,0,0,Matches
Michail Antonio,27,jmJAM,FW,West Ham,35-027,1990,9.3,22,2.37,14,0,1,5,1,1,4,0.43,0,0,0,4,0,0,Matches
Micky van de Ven,528,nlNED,DF,Tottenham,24-005,2001,10.6,11,1.04,8,0,0,2,1,0,2,0.19,2,0,0,0,0,0,Matches
Miguel Almirón,17,pyPAR,FW,Newcastle Utd,31-073,1994,1.7,8,4.59,6,0,1,1,0,0,0,0.00,0,0,0,0,0,0,Matches
Mikel Merino,342,esESP,"MF,FW",Arsenal,28-306,1996,15.6,39,2.51,33,0,0,5,1,0,4,0.26,3,0,0,1,0,0,Matches
Mikey Moore,353,engENG,"FW,MF",Tottenham,17-256,2007,2.1,10,4.86,6,2,0,1,1,0,2,0.97,1,0,0,1,0,0,Matches
Mikkel Damsgaard,118,dkDEN,"MF,FW",Brentford,24-295,2000,27.7,109,3.93,84,11,6,2,1,5,21,0.76,15,3,1,0,1,1,Matches
Milos Kerkez,276,huHUN,DF,Bournemouth,21-168,2003,32.2,74,2.30,60,3,1,2,5,3,9,0.28,7,0,1,0,0,1,Matches
Mohamed Salah,443,egEGY,FW,Liverpool,32-313,1992,32.5,144,4.44,105,1,19,13,4,2,24,0.74,18,0,4,2,0,0,Matches
Mohammed Kudus,289,ghGHA,"FW,MF",West Ham,24-265,2000,24.9,94,3.78,67,1,14,9,1,2,6,0.24,4,0,1,1,0,0,Matches
Moisés Caicedo,79,ecECU,MF,Chelsea,23-173,2001,32.2,86,2.67,78,0,0,0,2,6,7,0.22,6,0,0,0,1,0,Matches
Morato,354,brBRA,DF,Nott'ham Forest,23-298,2001,8.9,3,0.34,3,0,0,0,0,0,0,0.00,0,0,0,0,0,0,Matches
Morgan Gibbs-White,196,engENG,MF,Nott'ham Forest,25-087,2000,26.4,98,3.71,83,0,2,7,4,2,17,0.64,12,0,0,4,1,0,Matches
Morgan Rogers,438,engENG,"FW,MF",Aston Villa,22-272,2002,30.7,95,3.10,71,0,12,7,5,0,13,0.42,11,0,1,0,1,0,Matches
Murillo,365,brBRA,DF,Nott'ham Forest,22-294,2002,31.5,35,1.11,23,7,0,2,1,2,2,0.06,1,1,0,0,0,0,Matches
Mykhailo Mudryk,360,uaUKR,FW,Chelsea,24-109,2001,1.7,6,3.60,4,1,0,0,1,0,0,0.00,0,0,0,0,0,0,Matches
Myles Lewis-Skelly,301,engENG,DF,Arsenal,18-210,2006,12.0,21,1.75,15,0,1,0,5,0,0,0.00,0,0,0,0,0,0,Matches
Nasser Djiga,139,bfBFA,"DF,FW",Wolves,22-160,2002,0.2,0,0.00,0,0,0,0,0,0,0,0.00,0,0,0,0,0,0,Matches
Nathan Aké,12,nlNED,DF,Manchester City,30-065,1995,7.5,8,1.06,8,0,0,0,0,0,0,0.00,0,0,0,0,0,0,Matches
Nathan Broadhead,69,wlsWAL,"MF,FW",Ipswich Town,27-019,1998,6.7,19,2.83,14,0,5,0,0,0,2,0.30,1,0,1,0,0,0,Matches
Nathan Butler-Oyedeji,78,engENG,FW,Arsenal,22-110,2003,0.1,0,0.00,0,0,0,0,0,0,0,0.00,0,0,0,0,0,0,Matches
Nathan Collins,105,ieIRL,DF,Brentford,23-359,2001,33.0,28,0.85,20,2,1,3,2,0,7,0.21,3,1,0,1,2,0,Matches
Nathan Patterson,404,sctSCO,"DF,FW",Everton,23-190,2001,2.3,6,2.66,4,0,2,0,0,0,0,0.00,0,0,0,0,0,0,Matches
Nathan Wood-Gordon,558,engENG,DF,Southampton,22-328,2002,6.9,3,0.43,3,0,0,0,0,0,0,0.00,0,0,0,0,0,0,Matches
Nathaniel Clyne,102,engENG,"DF,MF",Crystal Palace,34-019,1991,5.4,3,0.56,3,0,0,0,0,0,0,0.00,0,0,0,0,0,0,Matches
Neco Williams,549,wlsWAL,DF,Nott'ham Forest,24-011,2001,23.8,40,1.68,32,3,0,4,1,0,5,0.21,4,1,0,0,0,0,Matches
Neto,373,brBRA,GK,Bournemouth,35-279,1989,2.0,0,0.00,0,0,0,0,0,0,0,0.00,0,0,0,0,0,0,Matches
Nick Pope,414,engENG,GK,Newcastle Utd,33-005,1992,23.0,4,0.17,4,0,0,0,0,0,0,0.00,0,0,0,0,0,0,Matches
Niclas Füllkrug,189,deGER,FW,West Ham,32-074,1993,6.0,18,2.97,16,0,0,2,0,0,2,0.33,1,0,0,1,0,0,Matches
Nico O’Reilly,398,engENG,DF,Manchester City,20-034,2005,5.1,12,2.37,9,1,1,0,1,0,2,0.39,2,0,0,0,0,0,Matches
Nicolas Jackson,250,snSEN,FW,Chelsea,23-308,2001,22.5,67,2.98,41,0,9,7,8,2,10,0.44,7,0,2,1,0,0,Matches
Nicolás Domínguez,142,arARG,"MF,FW",Nott'ham Forest,26-300,1998,18.0,29,1.61,21,1,0,2,3,2,0,0.00,0,0,0,0,0,0,Matches
Nicolás González,205,esESP,MF,Manchester City,23-111,2002,7.2,15,2.08,13,0,0,1,1,0,3,0.42,2,0,0,0,1,0,Matches
Nikola Milenković,344,rsSRB,DF,Nott'ham Forest,27-194,1997,32.0,18,0.56,14,0,0,3,0,1,3,0.09,3,0,0,0,0,0,Matches
Noni Madueke,314,engENG,FW,Chelsea,23-045,2002,18.3,69,3.77,50,0,9,5,4,1,8,0.44,5,0,0,1,1,1,Matches
Noussair Mazraoui,332,maMAR,DF,Manchester Utd,27-161,1997,28.5,48,1.68,39,2,1,1,3,2,1,0.04,1,0,0,0,0,0,Matches
Nélson Semedo,459,ptPOR,DF,Wolves,31-159,1993,27.6,49,1.77,35,1,7,1,3,2,6,0.22,6,0,0,0,0,0,Matches
Odsonne Édouard,155,frFRA,"MF,FW",Crystal Palace,27-098,1998,1.3,1,0.78,1,0,0,0,0,0,0,0.00,0,0,0,0,0,0,Matches
Ola Aina,8,ngNGA,DF,Nott'ham Forest,28-198,1996,28.5,50,1.75,40,5,2,1,1,1,3,0.11,2,0,0,0,0,1,Matches
Oleksandr Zinchenko,565,uaUKR,"DF,MF",Arsenal,28-130,1996,5.0,15,3.00,11,0,1,2,1,0,2,0.40,2,0,0,0,0,0,Matches
Oliver Scarles,452,engENG,DF,West Ham,19-133,2005,6.6,5,0.76,5,0,0,0,0,0,0,0.00,0,0,0,0,0,0,Matches
Oliver Skipp,470,engENG,MF,Leicester City,24-220,2000,9.6,14,1.46,12,1,0,0,1,0,0,0.00,0,0,0,0,0,0,Matches
Ollie Watkins,541,engENG,FW,Aston Villa,29-115,1995,25.1,50,1.99,33,0,4,7,6,0,11,0.44,7,0,1,1,2,0,Matches
Omar Marmoush,324,egEGY,"FW,MF",Manchester City,26-076,1999,10.2,33,3.24,18,3,1,4,7,0,1,0.10,0,0,0,0,1,0,Matches
Omari Hutchinson,242,engENG,"MF,FW",Ipswich Town,21-176,2003,24.7,64,2.59,46,0,8,4,4,2,6,0.24,6,0,0,0,0,0,Matches
Orel Mangala,321,beBEL,MF,Everton,27-037,1998,14.0,24,1.72,17,1,2,3,1,0,1,0.07,0,0,0,0,1,0,Matches
Oscar Bobb,60,noNOR,FW,Manchester City,21-286,2003,0.2,2,12.00,1,0,1,0,0,0,0,0.00,0,0,0,0,0,0,Matches
Pablo Sarabia,448,esESP,"MF,FW",Wolves,32-348,1992,7.5,23,3.06,16,5,2,0,0,0,3,0.40,2,0,1,0,0,0,Matches
Pape Matar Sarr,328,snSEN,MF,Tottenham,22-222,2002,17.7,40,2.26,33,1,2,3,0,1,6,0.34,4,0,1,1,0,0,Matches
Patrick Dorgu,143,dkDEN,DF,Manchester Utd,20-180,2004,5.5,11,2.00,10,0,0,0,1,0,1,0.18,0,0,0,0,1,0,Matches
Patson Daka,116,zmZAM,"FW,MF",Leicester City,26-197,1998,7.2,10,1.39,7,0,2,1,0,0,1,0.14,0,0,1,0,0,0,Matches
Pau Torres,510,esESP,DF,Aston Villa,28-098,1997,19.2,12,0.62,9,0,0,3,0,0,2,0.10,1,0,0,1,0,0,Matches
Paul Onuachu,392,ngNGA,FW,Southampton,30-331,1994,10.9,9,0.82,8,0,0,1,0,0,1,0.09,1,0,0,0,0,0,Matches
Pedro Lima,303,brBRA,DF,Wolves,18-297,2006,0.8,4,5.14,2,0,0,0,0,2,0,0.00,0,0,0,0,0,0,Matches
Pedro Neto,374,ptPOR,FW,Chelsea,25-046,2000,20.4,82,4.03,61,7,5,5,4,0,7,0.34,4,1,2,0,0,0,Matches
Pedro Porro,415,esESP,DF,Tottenham,25-223,1999,27.4,104,3.80,69,22,3,5,4,1,8,0.29,4,3,1,0,0,0,Matches
Pervis Estupiñán,167,ecECU,DF,Brighton,27-093,1998,22.7,49,2.16,32,13,0,2,2,0,4,0.18,3,0,0,0,1,0,Matches
Phil Foden,182,engENG,"MF,FW",Manchester City,24-331,2000,18.7,84,4.48,56,18,2,5,3,0,9,0.48,5,1,0,3,0,0,Matches
Philip Billing,58,dkDEN,MF,Bournemouth,28-317,1996,2.0,16,7.83,13,0,0,1,0,2,0,0.00,0,0,0,0,0,0,Matches
Radu Drăgușin,149,roROU,DF,Tottenham,23-080,2002,13.9,8,0.58,8,0,0,0,0,0,1,0.07,1,0,0,0,0,0,Matches
Raheem Sterling,484,engENG,"FW,MF",Arsenal,30-137,1994,4.8,18,3.75,14,0,2,2,0,0,3,0.62,3,0,0,0,0,0,Matches
Ramón Sosa,477,pyPAR,"FW,MF",Nott'ham Forest,25-236,1999,2.9,14,4.74,11,0,2,1,0,0,0,0.00,0,0,0,0,0,0,Matches
Rasmus Højlund,243,dkDEN,FW,Manchester Utd,22-079,2003,18.4,30,1.63,20,0,3,4,3,0,1,0.05,0,0,0,0,1,0,Matches
Rayan Aït-Nouri,9,dzALG,DF,Wolves,23-322,2001,30.0,70,2.33,43,13,7,4,2,1,11,0.37,9,1,0,0,0,1,Matches
Raúl Jiménez,257,mxMEX,FW,Fulham,33-354,1991,22.7,52,2.29,35,1,2,9,4,1,6,0.26,3,0,0,1,1,1,Matches
Reece James,251,engENG,"DF,MF",Chelsea,25-137,1999,9.0,15,1.66,9,5,0,1,0,0,1,0.11,0,0,0,1,0,0,Matches
Reiss Nelson,371,engENG,FW,Arsenal,25-135,1999,0.0,0,0.00,0,0,0,0,0,0,0,0.00,0,0,0,0,0,0,Matches
Remy Rees-Dottin,424,engENG,FW,Bournemouth,19-049,2006,0.0,0,0.00,0,0,0,0,0,0,0,0.00,0,0,0,0,0,0,Matches
Renato Veiga,526,ptPOR,"DF,MF",Chelsea,21-269,2003,2.0,1,0.49,0,0,0,1,0,0,0,0.00,0,0,0,0,0,0,Matches
Ricardo Pereira,406,ptPOR,DF,Leicester City,31-200,1993,3.3,3,0.91,3,0,0,0,0,0,0,0.00,0,0,0,0,0,0,Matches
Riccardo Calafiori,82,itITA,DF,Arsenal,22-340,2002,10.3,13,1.26,11,0,1,1,0,0,2,0.19,2,0,0,0,0,0,Matches
Richarlison,431,brBRA,FW,Tottenham,27-349,1997,4.3,8,1.87,5,0,0,2,1,0,1,0.23,1,0,0,0,0,0,Matches
Rico Henry,232,engENG,DF,Brentford,27-290,1997,0.2,1,4.74,1,0,0,0,0,0,1,4.74,1,0,0,0,0,0,Matches
Rico Lewis,299,engENG,"DF,MF",Manchester City,20-154,2004,20.1,31,1.54,30,0,0,0,1,0,3,0.15,3,0,0,0,0,0,Matches
Robert Sánchez,445,esESP,GK,Chelsea,27-157,1997,27.0,7,0.26,6,1,0,0,0,0,2,0.07,1,1,0,0,0,0,Matches
Robin Olsen,389,seSWE,GK,Aston Villa,35-106,1990,2.0,2,1.00,0,2,0,0,0,0,1,0.50,0,1,0,0,0,0,Matches
Rodri,435,esESP,MF,Manchester City,28-306,1996,0.7,2,2.77,2,0,0,0,0,0,0,0.00,0,0,0,0,0,0,Matches
Rodrigo Bentancur,52,uyURU,MF,Tottenham,27-303,1997,16.9,45,2.67,36,0,1,5,1,2,3,0.18,3,0,0,0,0,0,Matches
Rodrigo Gomes,201,ptPOR,"DF,FW",Wolves,21-291,2003,7.0,18,2.56,16,0,1,1,0,0,0,0.00,0,0,0,0,0,0,Matches
Rodrigo Muniz,362,brBRA,FW,Fulham,23-355,2001,10.7,17,1.59,10,0,2,2,2,1,2,0.19,1,0,1,0,0,0,Matches
Romain Esse,166,engENG,MF,Crystal Palace,19-346,2005,0.4,2,5.14,2,0,0,0,0,0,0,0.00,0,0,0,0,0,0,Matches
Roman Dixon,138,engENG,DF,Everton,20-119,2004,1.0,0,0.00,0,0,0,0,0,0,0,0.00,0,0,0,0,0,0,Matches
Roméo Lavia,295,beBEL,MF,Chelsea,21-108,2004,6.0,11,1.83,11,0,0,0,0,0,2,0.33,2,0,0,0,0,0,Matches
Ronnie Edwards,158,engENG,DF,Southampton,22-027,2003,0.1,0,0.00,0,0,0,0,0,0,0,0.00,0,0,0,0,0,0,Matches
Ross Barkley,45,engENG,MF,Aston Villa,31-140,1993,6.3,17,2.72,14,1,2,0,0,0,3,0.48,3,0,0,0,0,0,Matches
Ross Stewart,485,sctSCO,"FW,MF",Southampton,28-287,1996,2.0,2,1.02,1,0,0,1,0,0,0,0.00,0,0,0,0,0,0,Matches
Ryan Christie,99,sctSCO,MF,Bournemouth,30-061,1995,23.5,85,3.62,72,7,0,3,2,1,9,0.38,8,1,0,0,0,0,Matches
Ryan Fraser,187,sctSCO,"FW,DF",Southampton,31-059,1994,3.4,5,1.47,5,0,0,0,0,0,0,0.00,0,0,0,0,0,0,Matches
Ryan Gravenberch,207,nlNED,MF,Liverpool,22-343,2002,31.5,63,2.00,56,0,4,2,0,1,6,0.19,6,0,0,0,0,0,Matches
Ryan Manning,322,ieIRL,"DF,MF",Southampton,28-314,1996,14.2,41,2.88,21,18,0,1,0,1,1,0.07,0,1,0,0,0,0,Matches
Ryan Sessegnon,462,engENG,"FW,DF",Fulham,24-341,2000,3.6,11,3.05,8,0,0,2,1,0,3,0.83,3,0,0,0,0,0,Matches
Ryan Trevitt,515,engENG,MF,Brentford,22-043,2003,0.0,0,0.00,0,0,0,0,0,0,0,0.00,0,0,0,0,0,0,Matches
Ryan Yates,561,engENG,MF,Nott'ham Forest,27-154,1997,19.7,35,1.77,24,0,1,6,2,2,3,0.15,2,0,0,1,0,0,Matches
Rúben Dias,131,ptPOR,DF,Manchester City,27-345,1997,21.2,22,1.04,15,0,0,5,0,2,1,0.05,1,0,0,0,0,0,Matches
Sam Johnstone,263,engENG,GK,Wolves,32-030,1993,7.0,2,0.29,2,0,0,0,0,0,0,0.00,0,0,0,0,0,0,Matches
Sam Morsy,356,egEGY,MF,Ipswich Town,33-226,1991,25.9,37,1.43,34,3,0,0,0,0,2,0.08,2,0,0,0,0,0,Matches
Sammie Szmodics,492,ieIRL,"FW,MF",Ipswich Town,29-212,1995,10.9,9,0.83,7,0,1,1,0,0,0,0.00,0,0,0,0,0,0,Matches
Samuel Amo-Ameyaw,21,engENG,"FW,DF",Southampton,18-280,2006,0.3,2,6.43,1,0,0,0,1,0,0,0.00,0,0,0,0,0,0,Matches
Samuel Edozie,157,engENG,"DF,FW",Southampton,22-086,2003,0.7,4,5.54,3,0,0,0,1,0,0,0.00,0,0,0,0,0,0,Matches
Sander Berge,54,noNOR,MF,Fulham,27-069,1998,21.9,39,1.78,34,1,1,1,0,2,2,0.09,2,0,0,0,0,0,Matches
Sandro Tonali,509,itITA,MF,Newcastle Utd,24-351,2000,24.2,51,2.10,35,1,3,4,5,3,7,0.29,7,0,0,0,0,0,Matches
Santiago Bueno,73,uyURU,DF,Wolves,26-166,1998,18.6,12,0.65,10,1,0,0,0,1,4,0.22,3,0,0,0,0,1,Matches
Saša Lukić,308,rsSRB,MF,Fulham,28-254,1996,22.6,49,2.17,31,11,0,5,1,1,3,0.13,2,0,0,1,0,0,Matches
Scott McTominay,339,sctSCO,MF,Manchester Utd,28-137,1996,0.2,1,4.74,0,0,0,1,0,0,0,0.00,0,0,0,0,0,0,Matches
Sean Longstaff,307,engENG,MF,Newcastle Utd,27-176,1997,8.9,14,1.58,12,0,1,1,0,0,2,0.23,1,0,0,1,0,0,Matches
Sepp van den Berg,127,nlNED,DF,Brentford,23-125,2001,23.7,20,0.84,19,0,0,0,1,0,2,0.08,1,0,0,0,1,0,Matches
Sergio Reguilón,425,esESP,DF,Tottenham,28-129,1996,1.4,1,0.73,1,0,0,0,0,0,0,0.00,0,0,0,0,0,0,Matches
Shumaira Mheuka,343,engENG,MF,Chelsea,17-186,2007,0.0,0,0.00,0,0,0,0,0,0,0,0.00,0,0,0,0,0,0,Matches
Simon Adingra,5,ciCIV,"FW,MF",Brighton,23-113,2002,9.2,34,3.70,24,0,5,5,0,0,6,0.65,4,0,1,1,0,0,Matches
Solly March,323,engENG,"FW,MF",Brighton,30-278,1994,1.2,7,5.94,6,1,0,0,0,0,2,1.70,2,0,0,0,0,0,Matches
Son Heung-min,234,krKOR,FW,Tottenham,32-290,1992,22.3,116,5.21,86,8,10,7,5,0,15,0.67,13,0,0,1,1,0,Matches
Stefan Ortega,395,deGER,GK,Manchester City,32-169,1992,12.2,0,0.00,0,0,0,0,0,0,0,0.00,0,0,0,0,0,0,Matches
Stephy Mavididi,330,engENG,FW,Leicester City,26-328,1998,17.9,50,2.78,39,2,4,2,2,1,7,0.39,6,0,1,0,0,0,Matches
Sven Botman,63,nlNED,DF,Newcastle Utd,25-102,2000,2.5,0,0.00,0,0,0,0,0,0,0,0.00,0,0,0,0,0,0,Matches
Sávio,451,brBRA,"FW,MF",Manchester City,21-014,2004,19.3,107,5.55,76,2,15,4,7,3,15,0.78,10,0,2,1,1,1,Matches
Séamus Coleman,104,ieIRL,DF,Everton,36-195,1988,2.2,2,0.91,1,0,1,0,0,0,1,0.46,1,0,0,0,0,0,Matches
Taiwo Awoniyi,38,ngNGA,FW,Nott'ham Forest,27-255,1997,4.2,9,2.14,5,0,1,2,1,0,1,0.24,0,0,0,1,0,0,Matches
Takehiro Tomiyasu,508,jpJPN,DF,Arsenal,26-170,1998,0.1,1,12.86,1,0,0,0,0,0,0,0.00,0,0,0,0,0,0,Matches
Tariq Lamptey,293,ghGHA,DF,Brighton,24-206,2000,8.5,15,1.76,12,1,0,0,1,1,3,0.35,2,0,0,0,0,1,Matches
Taylor Harwood-Bellis,226,engENG,DF,Southampton,23-084,2002,27.5,35,1.27,30,0,0,3,1,1,2,0.07,1,0,0,1,0,0,Matches
Thiago,501,brBRA,FW,Brentford,23-302,2001,1.5,2,1.36,1,0,0,0,0,1,0,0.00,0,0,0,0,0,0,Matches
Thomas Partey,403,ghGHA,"MF,DF",Arsenal,31-315,1993,27.1,56,2.07,46,2,1,2,1,4,13,0.48,8,2,0,1,1,1,Matches
Tim Iroegbunam,246,engENG,MF,Everton,21-298,2003,6.3,10,1.59,6,0,1,0,1,2,1,0.16,1,0,0,0,0,0,Matches
Timo Werner,545,deGER,"FW,MF",Tottenham,29-049,1996,5.7,18,3.13,14,0,2,1,1,0,3,0.52,3,0,0,0,0,0,Matches
Timothy Castagne,90,beBEL,DF,Fulham,29-140,1995,18.1,25,1.38,21,0,1,2,1,0,3,0.17,2,0,0,1,0,0,Matches
Toby Collyer,106,engENG,MF,Manchester Utd,21-111,2004,2.0,5,2.50,4,0,0,1,0,0,0,0.00,0,0,0,0,0,0,Matches
Tom Cairney,80,sctSCO,MF,Fulham,34-094,1991,5.4,26,4.77,24,1,0,0,1,0,2,0.37,2,0,0,0,0,0,Matches
Tommy Doyle,148,engENG,MF,Wolves,23-189,2001,5.4,17,3.13,11,4,1,1,0,0,3,0.55,2,0,1,0,0,0,Matches
Tomáš Souček,478,czCZE,MF,West Ham,30-056,1995,24.0,43,1.79,35,0,0,5,2,1,3,0.12,2,0,0,0,1,0,Matches
Tosin Adarabioyo,4,engENG,DF,Chelsea,27-212,1997,13.7,12,0.88,7,0,0,5,0,0,1,0.07,0,0,0,1,0,0,Matches
Toti Gomes,202,ptPOR,DF,Wolves,26-098,1999,24.0,18,0.75,17,0,0,1,0,0,1,0.04,1,0,0,0,0,0,Matches
Trent Alexander-Arnold,15,engENG,DF,Liverpool,26-199,1998,24.1,92,3.82,71,14,4,3,0,0,10,0.42,9,1,0,0,0,0,Matches
Trevoh Chalobah,91,engENG,DF,Crystal Palace,25-293,1999,11.8,11,0.93,10,0,1,0,0,0,0,0.00,0,0,0,0,0,0,Matches
Tyler Adams,3,usUSA,MF,Bournemouth,26-069,1999,17.0,35,2.06,30,0,0,1,0,4,4,0.24,3,0,0,0,0,1,Matches
Tyler Dibling,133,engENG,"FW,MF",Southampton,19-043,2006,18.7,55,2.94,34,1,11,5,4,0,4,0.21,2,0,1,1,0,0,Matches
Tyler Fredricson,188,engENG,DF,Manchester Utd,20-060,2005,1.0,2,2.00,2,0,0,0,0,0,0,0.00,0,0,0,0,0,0,Matches
Tyrell Malacia,319,nlNED,DF,Manchester Utd,25-250,1999,1.1,2,1.80,1,0,0,0,1,0,0,0.00,0,0,0,0,0,0,Matches
Tyrick Mitchell,349,engENG,DF,Crystal Palace,25-235,1999,31.7,66,2.08,61,1,0,3,1,0,5,0.16,5,0,0,0,0,0,Matches
Tyrique George,195,engENG,FW,Chelsea,19-079,2006,1.1,6,5.29,5,0,1,0,0,0,1,0.88,1,0,0,0,0,0,Matches
Tyrone Mings,347,engENG,DF,Aston Villa,32-042,1993,11.7,17,1.45,14,0,0,1,1,1,2,0.17,1,0,0,1,0,0,Matches
Valentino Livramento,306,engENG,DF,Newcastle Utd,22-163,2002,26.6,37,1.39,35,0,0,1,1,0,2,0.08,2,0,0,0,0,0,Matches
Victor Bernth Kristiansen,56,dkDEN,DF,Leicester City,22-129,2002,26.4,41,1.55,32,6,1,0,2,0,3,0.11,3,0,0,0,0,0,Matches
Victor Lindelöf,304,seSWE,DF,Manchester Utd,30-281,1994,4.9,4,0.81,4,0,0,0,0,0,0,0.00,0,0,0,0,0,0,Matches
Virgil van Dijk,524,nlNED,DF,Liverpool,33-290,1991,33.0,44,1.33,37,0,1,3,1,2,4,0.12,4,0,0,0,0,0,Matches
Vitaliy Mykolenko,367,uaUKR,DF,Everton,25-330,1999,29.2,35,1.20,33,0,1,1,0,0,3,0.10,2,0,0,1,0,0,Matches
Vitaly Janelt,252,deGER,MF,Brentford,26-349,1998,25.0,32,1.28,31,1,0,0,0,0,3,0.12,3,0,0,0,0,0,Matches
Vitezslav Jaros,253,czCZE,GK,Liverpool,23-275,2001,0.1,0,0.00,0,0,0,0,0,0,0,0.00,0,0,0,0,0,0,Matches
Vitor Reis,427,brBRA,DF,Manchester City,19-102,2006,0.0,0,0.00,0,0,0,0,0,0,0,0.00,0,0,0,0,0,0,Matches
Vladimír Coufal,110,czCZE,DF,West Ham,32-245,1992,9.6,13,1.36,9,4,0,0,0,0,1,0.10,0,1,0,0,0,0,Matches
Wataru Endo,164,jpJPN,MF,Liverpool,32-074,1993,1.7,3,1.73,3,0,0,0,0,0,0,0.00,0,0,0,0,0,0,Matches
Welington,544,brBRA,"DF,MF",Southampton,24-064,2001,2.4,6,2.51,5,1,0,0,0,0,1,0.42,1,0,0,0,0,0,Matches
Wes Burns,77,wlsWAL,"FW,DF",Ipswich Town,30-152,1994,10.3,16,1.55,12,0,1,1,2,0,1,0.10,1,0,0,0,0,0,Matches
Wesley Fofana,183,frFRA,DF,Chelsea,24-128,2000,13.0,15,1.15,12,1,1,1,0,0,0,0.00,0,0,0,0,0,0,Matches
Wilfred Ndidi,369,ngNGA,MF,Leicester City,28-129,1996,21.9,25,1.14,23,0,1,1,0,0,3,0.14,3,0,0,0,0,0,Matches
Will Alves,19,engENG,FW,Leicester City,20-080,2005,0.0,0,0.00,0,0,0,0,0,0,0,0.00,0,0,0,0,0,0,Matches
Will Hughes,240,engENG,MF,Crystal Palace,30-007,1995,20.8,61,2.94,38,15,1,2,5,0,6,0.29,2,3,0,1,0,0,Matches
Will Lankshear,294,engENG,"FW,MF",Tottenham,20-004,2005,0.1,0,0.00,0,0,0,0,0,0,0,0.00,0,0,0,0,0,0,Matches
William Osula,396,dkDEN,FW,Newcastle Utd,21-263,2003,1.0,2,2.00,1,0,0,0,0,1,0,0.00,0,0,0,0,0,0,Matches
William Saliba,444,frFRA,DF,Arsenal,24-031,2001,31.3,26,0.83,24,0,0,1,0,1,1,0.03,1,0,0,0,0,0,Matches
William Smallbone,471,ieIRL,MF,Southampton,25-062,2000,6.8,15,2.21,11,3,0,1,0,0,0,0.00,0,0,0,0,0,0,Matches
Willian,550,brBRA,"MF,FW",Fulham,36-258,1988,1.8,8,4.47,6,1,0,1,0,0,0,0.00,0,0,0,0,0,0,Matches
Willy Boly,62,ciCIV,DF,Nott'ham Forest,34-080,1991,1.7,0,0.00,0,0,0,0,0,0,0,0.00,0,0,0,0,0,0,Matches
Wilson Odobert,386,frFRA,FW,Tottenham,20-147,2004,5.7,12,2.10,10,0,0,2,0,0,1,0.17,1,0,0,0,0,0,Matches
Wout Faes,173,beBEL,DF,Leicester City,27-021,1998,26.3,13,0.49,11,0,0,1,0,1,0,0.00,0,0,0,0,0,0,Matches
Woyo Coulibaly,111,frFRA,DF,Leicester City,25-339,1999,1.2,0,0.00,0,0,0,0,0,0,0,0.00,0,0,0,0,0,0,Matches
Yankuba Minteh,348,gmGAM,"FW,MF",Brighton,20-276,2004,16.3,52,3.19,31,8,10,1,1,1,10,0.61,5,0,4,1,0,0,Matches
Yasin Ayari,39,seSWE,MF,Brighton,21-200,2003,18.3,52,2.84,29,11,3,3,4,2,6,0.33,4,2,0,0,0,0,Matches
Yehor Yarmoliuk,560,uaUKR,MF,Brentford,21-054,2004,11.5,18,1.56,16,0,1,1,0,0,2,0.17,2,0,0,0,0,0,Matches
Yerson Mosquera,357,coCOL,DF,Wolves,23-357,2001,4.9,5,1.02,5,0,0,0,0,0,0,0.00,0,0,0,0,0,0,Matches
Yoane Wissa,556,cdCOD,FW,Brentford,28-233,1996,27.4,58,2.11,36,0,3,9,9,1,8,0.29,7,0,0,0,1,0,Matches
Youri Tielemans,503,beBEL,MF,Aston Villa,27-352,1997,32.4,116,3.58,75,31,3,4,2,1,12,0.37,9,3,0,0,0,0,Matches
Youssef Chermiti,94,ptPOR,"FW,MF",Everton,20-335,2004,0.2,0,0.00,0,0,0,0,0,0,0,0.00,0,0,0,0,0,0,Matches
Yukinari Sugawara,489,jpJPN,"DF,MF",Southampton,24-300,2000,16.3,39,2.39,30,5,1,3,0,0,1,0.06,1,0,0,0,0,0,Matches
Yunus Emre Konak,161,trTUR,"FW,MF",Brentford,19-104,2006,0.4,0,0.00,0,0,0,0,0,0,0,0.00,0,0,0,0,0,0,Matches
Yves Bissouma,59,mlMLI,MF,Tottenham,28-237,1996,13.4,15,1.12,14,0,0,0,0,1,0,0.00,0,0,0,0,0,0,Matches
Zain Silcott-Duberry,464,msMSR,FW,Bournemouth,19-289,2005,0.0,0,0.00,0,0,0,0,0,0,0,0.00,0,0,0,0,0,0,Matches
Álex Moreno,355,esESP,"DF,MF",Nott'ham Forest,31-320,1993,10.6,16,1.51,15,1,0,0,0,0,2,0.19,2,0,0,0,0,0,Matches
İlkay Gündoğan,218,deGER,MF,Manchester City,34-182,1990,21.9,72,3.29,56,8,4,4,0,0,10,0.46,8,1,0,1,0,0,Matches
Łukasz Fabiański,172,plPOL,GK,West Ham,40-006,1985,11.9,3,0.25,2,1,0,0,0,0,0,0.00,0,0,0,0,0,0,Matches
