Player,Rk,Nation,Pos,Squad,Age,Born,90s,Gls,Sh,SoT,SoT%,Sh/90,SoT/90,G/Sh,G/SoT,Dist,FK,PK,PKatt,xG,npxG,npxG/Sh,G-xG,np:G-xG,Matches
Aaron Cresswell,112,engENG,DF,West Ham,35-130,1989,6.5,0,3,0,0.0,0.46,0.00,0.00,N/a,29.8,2,0,0,0.1,0.1,0.04,-0.1,-0.1,Matches
Aaron Ramsdale,418,engENG,GK,Southampton,26-345,1998,25.0,0,0,0,N/a,0.00,0.00,N/a,N/a,N/a,0,0,0,0.0,0.0,N/a,0.0,0.0,Matches
Aaron Wan-Bissaka,536,engENG,DF,West Ham,27-149,1997,30.0,2,13,4,30.8,0.43,0.13,0.15,0.50,15.5,0,0,0,1.0,1.0,0.08,+1.0,+1.0,Matches
Abdoulaye Doucouré,145,mlMLI,MF,Everton,32-113,1993,25.9,3,28,9,32.1,1.08,0.35,0.11,0.33,13.9,0,0,0,3.7,3.7,0.13,-0.7,-0.7,Matches
Abdukodir Khusanov,278,uzUZB,DF,Manchester City,21-054,2004,5.6,0,1,0,0.0,0.18,0.00,0.00,N/a,23.9,0,0,0,0.0,0.0,0.02,0.0,0.0,Matches
Abdul Fatawu Issahaku,174,ghGHA,FW,Leicester City,21-047,2004,6.4,0,13,5,38.5,2.02,0.78,0.00,0.00,31.2,0,0,0,0.4,0.4,0.03,-0.4,-0.4,Matches
Adam Armstrong,33,engENG,"FW,MF",Southampton,28-073,1997,13.9,2,25,7,28.0,1.80,0.50,0.08,0.29,16.6,0,0,1,3.3,2.3,0.09,-1.3,-0.3,Matches
Adam Lallana,292,engENG,MF,Southampton,36-349,1988,4.0,0,3,0,0.0,0.75,0.00,0.00,N/a,18.1,0,0,0,0.2,0.2,0.06,-0.2,-0.2,Matches
Adam Smith,472,engENG,DF,Bournemouth,33-360,1991,14.7,0,3,0,0.0,0.20,0.00,0.00,N/a,16.9,0,0,0,0.7,0.7,0.22,-0.7,-0.7,Matches
Adam Webster,542,engENG,DF,Brighton,30-110,1995,6.9,0,1,1,100.0,0.15,0.15,0.00,0.00,15.3,0,0,0,0.0,0.0,0.02,0.0,0.0,Matches
Adam Wharton,546,engENG,MF,Crystal Palace,20-326,2004,14.0,0,12,5,41.7,0.86,0.36,0.00,0.00,25.8,0,0,0,0.3,0.3,0.03,-0.3,-0.3,Matches
Adama Traoré,512,esESP,"FW,MF",Fulham,29-089,1996,16.9,2,35,11,31.4,2.07,0.65,0.06,0.18,14.3,0,0,0,3.8,3.8,0.11,-1.8,-1.8,Matches
Albert Grønbaek,212,dkDEN,"FW,MF",Southampton,23-336,2001,1.6,0,2,0,0.0,1.26,0.00,0.00,N/a,22.4,0,0,0,0.1,0.1,0.06,-0.1,-0.1,Matches
Alejandro Garnacho,193,arARG,"MF,FW",Manchester Utd,20-297,2004,21.8,5,73,27,37.0,3.34,1.24,0.07,0.19,16.9,0,0,0,6.2,6.2,0.08,-1.2,-1.2,Matches
Alex Iwobi,249,ngNGA,"FW,MF",Fulham,28-356,1996,29.3,9,60,27,45.0,2.05,0.92,0.15,0.33,18.5,0,0,0,4.3,4.3,0.07,+4.7,+4.7,Matches
Alex McCarthy,336,engENG,GK,Southampton,35-142,1989,5.0,0,0,0,N/a,0.00,0.00,N/a,N/a,N/a,0,0,0,0.0,0.0,N/a,0.0,0.0,Matches
Alex Palmer,399,engENG,GK,Ipswich Town,28-257,1996,9.0,0,0,0,N/a,0.00,0.00,N/a,N/a,N/a,0,0,0,0.0,0.0,N/a,0.0,0.0,Matches
Alex Scott,457,engENG,MF,Bournemouth,21-246,2003,6.8,0,13,5,38.5,1.91,0.74,0.00,0.00,20.0,0,0,0,0.7,0.7,0.05,-0.7,-0.7,Matches
Alexander Isak,248,seSWE,FW,Newcastle Utd,25-215,1999,26.8,21,82,37,45.1,3.06,1.38,0.23,0.51,14.4,3,2,2,17.5,16.0,0.20,+3.5,+3.0,Matches
Alexis Mac Allister,312,arARG,MF,Liverpool,26-121,1998,27.5,4,35,12,34.3,1.27,0.44,0.11,0.33,18.2,1,0,0,2.7,2.7,0.08,+1.3,+1.3,Matches
Alfie Dorrington,144,engENG,DF,Tottenham,20-004,2005,0.2,0,0,0,N/a,0.00,0.00,N/a,N/a,N/a,0,0,0,0.0,0.0,N/a,0.0,0.0,Matches
Alfie Pond,413,engENG,DF,Wolves,21-054,2004,0.0,0,0,0,N/a,0.00,0.00,N/a,N/a,N/a,0,0,0,0.0,0.0,N/a,0.0,0.0,Matches
Ali Al Hamadi,223,iqIRQ,FW,Ipswich Town,23-054,2002,1.5,0,4,0,0.0,2.69,0.00,0.00,N/a,15.7,0,0,0,0.4,0.4,0.09,-0.4,-0.4,Matches
Alisson,16,brBRA,GK,Liverpool,32-204,1992,22.9,0,0,0,N/a,0.00,0.00,N/a,N/a,N/a,0,0,0,0.0,0.0,N/a,0.0,0.0,Matches
Alphonse Areola,31,frFRA,GK,West Ham,32-056,1993,21.1,0,0,0,N/a,0.00,0.00,N/a,N/a,N/a,0,0,0,0.0,0.0,N/a,0.0,0.0,Matches
Altay Bayındır,48,trTUR,GK,Manchester Utd,27-010,1998,1.0,0,0,0,N/a,0.00,0.00,N/a,N/a,N/a,0,0,0,0.0,0.0,N/a,0.0,0.0,Matches
Amad Diallo,130,ciCIV,"FW,MF",Manchester Utd,22-287,2002,17.7,6,40,13,32.5,2.26,0.73,0.15,0.46,17.7,0,0,0,4.1,4.1,0.10,+1.9,+1.9,Matches
Amadou Onana,390,beBEL,MF,Aston Villa,23-251,2001,15.0,3,17,6,35.3,1.14,0.40,0.18,0.50,14.7,0,0,0,2.1,2.1,0.12,+0.9,+0.9,Matches
Andreas Pereira,405,brBRA,MF,Fulham,29-113,1996,20.4,2,34,8,23.5,1.67,0.39,0.06,0.25,22.1,6,0,1,3.4,2.6,0.08,-1.4,-0.6,Matches
Andrew Robertson,432,sctSCO,DF,Liverpool,31-044,1994,24.6,0,12,2,16.7,0.49,0.08,0.00,0.00,15.0,0,0,0,0.9,0.9,0.08,-0.9,-0.9,Matches
André,26,brBRA,MF,Wolves,23-282,2001,23.2,0,7,1,14.3,0.30,0.04,0.00,0.00,22.5,0,0,0,0.3,0.3,0.04,-0.3,-0.3,Matches
André Onana,391,cmCMR,GK,Manchester Utd,29-022,1996,32.0,0,0,0,N/a,0.00,0.00,N/a,N/a,N/a,0,0,0,0.0,0.0,N/a,0.0,0.0,Matches
Andrés García,192,esESP,"DF,MF",Aston Villa,22-076,2003,3.5,0,2,0,0.0,0.57,0.00,0.00,N/a,26.6,0,0,0,0.0,0.0,0.02,0.0,0.0,Matches
Andy Irving,247,sctSCO,MF,West Ham,24-346,2000,1.8,0,4,2,50.0,2.17,1.08,0.00,0.00,26.2,0,0,0,0.1,0.1,0.03,-0.1,-0.1,Matches
Anthony Elanga,159,seSWE,FW,Nott'ham Forest,22-362,2002,22.8,6,35,16,45.7,1.54,0.70,0.17,0.38,16.8,4,0,0,3.9,3.9,0.11,+2.1,+2.1,Matches
Anthony Gordon,206,engENG,FW,Newcastle Utd,24-059,2001,24.2,6,53,15,28.3,2.19,0.62,0.09,0.33,16.3,1,1,2,7.9,6.3,0.12,-1.9,-1.3,Matches
Antoine Semenyo,460,ghGHA,FW,Bournemouth,25-107,2000,31.4,8,116,36,31.0,3.70,1.15,0.07,0.22,17.2,0,0,0,9.1,9.1,0.08,-1.1,-1.1,Matches
Antonee Robinson,433,usUSA,DF,Fulham,27-259,1997,32.2,0,16,2,12.5,0.50,0.06,0.00,0.00,22.1,0,0,0,0.7,0.7,0.04,-0.7,-0.7,Matches
Antony,28,brBRA,"DF,MF",Manchester Utd,25-059,2000,1.6,0,6,3,50.0,3.83,1.91,0.00,0.00,15.8,0,0,0,1.0,1.0,0.17,-1.0,-1.0,Matches
Antonín Kinský,281,czCZE,GK,Tottenham,22-042,2003,4.0,0,0,0,N/a,0.00,0.00,N/a,N/a,N/a,0,0,0,0.0,0.0,N/a,0.0,0.0,Matches
Archie Gray,208,engENG,"DF,MF",Tottenham,19-043,2006,15.0,0,1,1,100.0,0.07,0.07,0.00,0.00,24.6,0,0,0,0.0,0.0,0.02,0.0,0.0,Matches
Arijanet Muric,364,xkKVX,GK,Ipswich Town,26-168,1998,18.0,0,0,0,N/a,0.00,0.00,N/a,N/a,N/a,0,0,0,0.0,0.0,N/a,0.0,0.0,Matches
Armando Broja,70,alALB,FW,Everton,23-226,2001,3.7,0,4,0,0.0,1.08,0.00,0.00,N/a,17.3,0,0,0,0.1,0.1,0.03,-0.1,-0.1,Matches
Armel Bella Kotchap,50,deGER,DF,Southampton,23-134,2001,3.7,0,1,0,0.0,0.27,0.00,0.00,N/a,9.1,0,0,0,0.3,0.3,0.32,-0.3,-0.3,Matches
Asher Agbinone,7,engENG,MF,Crystal Palace,19-208,2005,0.1,0,1,0,0.0,15.00,0.00,0.00,N/a,26.3,0,0,0,0.0,0.0,0.02,0.0,0.0,Matches
Ashley Young,563,engENG,"DF,FW",Everton,39-289,1985,17.6,1,6,3,50.0,0.34,0.17,0.17,0.33,24.5,3,0,0,0.3,0.3,0.04,+0.7,+0.7,Matches
Axel Disasi,136,frFRA,DF,Aston Villa,27-044,1998,5.4,0,2,0,0.0,0.37,0.00,0.00,N/a,19.5,0,0,0,0.1,0.1,0.04,-0.1,-0.1,Matches
Axel Tuanzebe,519,cdCOD,DF,Ipswich Town,27-161,1997,16.1,0,4,0,0.0,0.25,0.00,0.00,N/a,15.7,0,0,0,0.2,0.2,0.05,-0.2,-0.2,Matches
Ayden Heaven,228,engENG,DF,Manchester Utd,18-214,2006,1.1,0,0,0,N/a,0.00,0.00,N/a,N/a,N/a,0,0,0,0.0,0.0,N/a,0.0,0.0,Matches
Bart Verbruggen,529,nlNED,GK,Brighton,22-249,2002,31.0,0,0,0,N/a,0.00,0.00,N/a,N/a,N/a,0,0,0,0.0,0.0,N/a,0.0,0.0,Matches
Ben Brereton,68,clCHI,FW,Southampton,26-006,1999,5.0,0,11,1,9.1,2.20,0.20,0.00,0.00,17.3,0,0,0,0.9,0.9,0.08,-0.9,-0.9,Matches
Ben Chilwell,96,engENG,DF,Crystal Palace,28-124,1996,1.5,0,2,1,50.0,1.29,0.65,0.00,0.00,27.6,1,0,0,0.1,0.1,0.04,-0.1,-0.1,Matches
Ben Davies,122,wlsWAL,DF,Tottenham,32-000,1993,10.5,0,5,1,20.0,0.48,0.10,0.00,0.00,17.0,0,0,0,0.3,0.3,0.06,-0.3,-0.3,Matches
Ben Godfrey,198,engENG,DF,Ipswich Town,27-099,1998,1.2,0,0,0,N/a,0.00,0.00,N/a,N/a,N/a,0,0,0,0.0,0.0,N/a,0.0,0.0,Matches
Ben Johnson,261,engENG,"DF,FW",Ipswich Town,25-090,2000,14.6,1,7,3,42.9,0.48,0.21,0.14,0.33,12.6,0,0,0,1.1,1.1,0.15,-0.1,-0.1,Matches
Ben Mee,340,engENG,DF,Brentford,35-215,1989,2.0,0,0,0,N/a,0.00,0.00,N/a,N/a,N/a,0,0,0,0.0,0.0,N/a,0.0,0.0,Matches
Ben White,547,engENG,DF,Arsenal,27-198,1997,9.5,0,7,1,14.3,0.74,0.11,0.00,0.00,19.1,0,0,0,0.4,0.4,0.06,-0.4,-0.4,Matches
Ben Winterburn,555,engENG,"FW,MF",Bournemouth,20-232,2004,0.3,0,0,0,N/a,0.00,0.00,N/a,N/a,N/a,0,0,0,0.0,0.0,N/a,0.0,0.0,Matches
Benoît Badiashile,42,frFRA,DF,Chelsea,24-029,2001,3.7,0,0,0,N/a,0.00,0.00,N/a,N/a,N/a,0,0,0,0.0,0.0,N/a,0.0,0.0,Matches
Bernardo Silva,465,ptPOR,"MF,FW",Manchester City,30-257,1994,25.7,3,28,10,35.7,1.09,0.39,0.11,0.30,12.9,0,0,0,3.2,3.2,0.12,-0.2,-0.2,Matches
Bernd Leno,297,deGER,GK,Fulham,33-051,1992,33.0,0,0,0,N/a,0.00,0.00,N/a,N/a,N/a,0,0,0,0.0,0.0,N/a,0.0,0.0,Matches
Beto,57,gwGNB,FW,Everton,27-083,1998,12.5,6,34,17,50.0,2.71,1.36,0.18,0.35,13.4,0,0,0,6.1,6.1,0.18,-0.1,-0.1,Matches
Bilal El Khannouss,277,maMAR,MF,Leicester City,20-349,2004,20.4,2,22,6,27.3,1.08,0.29,0.09,0.33,22.6,0,0,0,0.8,0.8,0.04,+1.2,+1.2,Matches
Billy Gilmour,197,sctSCO,MF,Brighton,23-317,2001,1.1,0,1,0,0.0,0.92,0.00,0.00,N/a,25.5,1,0,0,0.1,0.1,0.08,-0.1,-0.1,Matches
Bobby Reid,426,jmJAM,FW,Leicester City,32-081,1993,7.8,1,6,3,50.0,0.77,0.39,0.17,0.33,26.4,0,0,0,0.8,0.8,0.13,+0.2,+0.2,Matches
Boubacar Kamara,271,frFRA,MF,Aston Villa,25-152,1999,15.3,0,7,1,14.3,0.46,0.07,0.00,0.00,21.1,0,0,0,0.4,0.4,0.05,-0.4,-0.4,Matches
Boubacar Traoré,513,mlMLI,MF,Wolves,23-247,2001,0.0,0,0,0,N/a,0.00,0.00,N/a,N/a,N/a,0,0,0,0.0,0.0,N/a,0.0,0.0,Matches
Boubakary Soumaré,479,frFRA,MF,Leicester City,26-056,1999,21.2,0,7,0,0.0,0.33,0.00,0.00,N/a,23.4,0,0,0,0.3,0.3,0.04,-0.3,-0.3,Matches
Brajan Gruda,211,deGER,"FW,MF",Brighton,20-328,2004,5.5,0,4,2,50.0,0.72,0.36,0.00,0.00,16.8,2,0,0,0.4,0.4,0.10,-0.4,-0.4,Matches
Brandon Austin,37,engENG,GK,Tottenham,26-106,1999,1.0,0,0,0,N/a,0.00,0.00,N/a,N/a,N/a,0,0,0,0.0,0.0,N/a,0.0,0.0,Matches
Brennan Johnson,262,wlsWAL,FW,Tottenham,23-336,2001,22.1,11,53,20,37.7,2.39,0.90,0.21,0.55,11.4,0,0,0,9.8,9.8,0.19,+1.2,+1.2,Matches
Bruno Fernandes,178,ptPOR,MF,Manchester Utd,30-228,1994,29.6,8,80,24,30.0,2.70,0.81,0.06,0.21,21.7,12,3,3,9.4,7.1,0.09,-1.4,-2.1,Matches
Bruno Guimarães,216,brBRA,MF,Newcastle Utd,27-159,1997,31.4,4,35,9,25.7,1.12,0.29,0.11,0.44,16.6,0,0,0,3.5,3.5,0.10,+0.5,+0.5,Matches
Bryan Mbeumo,333,cmCMR,FW,Brentford,25-260,1999,32.9,18,66,30,45.5,2.00,0.91,0.20,0.43,17.7,6,5,5,10.6,6.6,0.10,+7.4,+6.4,Matches
Bukayo Saka,442,engENG,"FW,MF",Arsenal,23-231,2001,16.2,6,54,19,35.2,3.34,1.18,0.09,0.26,15.9,1,1,1,5.9,5.1,0.09,+0.1,-0.1,Matches
Caleb Kporha,287,engENG,DF,Crystal Palace,18-283,2006,0.1,0,0,0,N/a,0.00,0.00,N/a,N/a,N/a,0,0,0,0.0,0.0,N/a,0.0,0.0,Matches
Caleb Okoli,388,itITA,DF,Leicester City,23-285,2001,12.5,1,4,2,50.0,0.32,0.16,0.25,0.50,13.5,0,0,0,0.6,0.6,0.15,+0.4,+0.4,Matches
Callum Hudson-Odoi,239,engENG,"FW,MF",Nott'ham Forest,24-168,2000,23.4,5,37,17,45.9,1.58,0.73,0.14,0.29,18.3,0,0,0,2.5,2.5,0.07,+2.5,+2.5,Matches
Callum Wilson,552,engENG,FW,Newcastle Utd,33-056,1992,2.8,0,5,0,0.0,1.77,0.00,0.00,N/a,15.0,0,0,0,0.3,0.3,0.07,-0.3,-0.3,Matches
Calvin Bassey,47,ngNGA,DF,Fulham,25-114,1999,30.2,1,13,4,30.8,0.43,0.13,0.08,0.25,15.0,0,0,0,1.0,1.0,0.08,0.0,0.0,Matches
Cameron Archer,30,engENG,FW,Southampton,23-277,2001,14.8,2,27,9,33.3,1.82,0.61,0.07,0.22,13.1,0,0,1,5.1,4.3,0.16,-3.1,-2.3,Matches
Cameron Burgess,75,auAUS,DF,Ipswich Town,29-185,1995,14.1,0,9,1,11.1,0.64,0.07,0.00,0.00,9.7,0,0,0,0.7,0.7,0.08,-0.7,-0.7,Matches
Caoimhín Kelleher,274,ieIRL,GK,Liverpool,26-152,1998,10.0,0,0,0,N/a,0.00,0.00,N/a,N/a,N/a,0,0,0,0.0,0.0,N/a,0.0,0.0,Matches
Carlos Alcaraz,13,arARG,MF,Southampton,22-145,2002,0.1,0,1,1,100.0,9.00,9.00,0.00,0.00,9.7,0,0,0,0.1,0.1,0.07,-0.1,-0.1,Matches
Carlos Baleba,44,cmCMR,MF,Brighton,21-111,2004,24.7,2,39,10,25.6,1.58,0.40,0.05,0.20,24.9,1,0,0,3.0,3.0,0.08,-1.0,-1.0,Matches
Carlos Forbs,184,ptPOR,"MF,FW",Wolves,21-036,2004,2.6,0,2,0,0.0,0.76,0.00,0.00,N/a,19.1,0,0,0,0.1,0.1,0.07,-0.1,-0.1,Matches
Carlos Soler,475,esESP,"MF,FW",West Ham,28-112,1997,15.0,1,24,7,29.2,1.60,0.47,0.04,0.14,19.1,1,0,0,1.7,1.7,0.07,-0.7,-0.7,Matches
Carlos Vinícius,532,brBRA,"FW,MF",Fulham,30-030,1995,0.1,0,1,1,100.0,8.18,8.18,0.00,0.00,17.4,0,0,0,0.0,0.0,0.04,0.0,0.0,Matches
Casemiro,86,brBRA,MF,Manchester Utd,33-060,1992,14.1,1,27,8,29.6,1.91,0.57,0.04,0.13,19.3,0,0,0,1.5,1.5,0.05,-0.5,-0.5,Matches
Chadi Riad,428,maMAR,DF,Crystal Palace,21-311,2003,1.0,0,0,0,N/a,0.00,0.00,N/a,N/a,N/a,0,0,0,0.0,0.0,N/a,0.0,0.0,Matches
Charlie Taylor,497,engENG,DF,Southampton,31-218,1993,3.0,0,0,0,N/a,0.00,0.00,N/a,N/a,N/a,0,0,0,0.0,0.0,N/a,0.0,0.0,Matches
Cheick Doucouré,146,mlMLI,MF,Crystal Palace,25-106,2000,5.0,0,7,0,0.0,1.39,0.00,0.00,N/a,20.6,0,0,0,0.4,0.4,0.06,-0.4,-0.4,Matches
Chidozie Obi-Martin,385,dkDEN,FW,Manchester Utd,17-146,2007,0.5,0,0,0,N/a,0.00,0.00,N/a,N/a,N/a,0,0,0,0.0,0.0,N/a,0.0,0.0,Matches
Chiedozie Ogbene,387,ieIRL,FW,Ipswich Town,27-358,1997,2.6,0,0,0,N/a,0.00,0.00,N/a,N/a,N/a,0,0,0,0.0,0.0,N/a,0.0,0.0,Matches
Chiquinho,97,ptPOR,MF,Wolves,25-078,2000,0.1,0,0,0,N/a,0.00,0.00,N/a,N/a,N/a,0,0,0,0.0,0.0,N/a,0.0,0.0,Matches
Chris Richards,430,usUSA,DF,Crystal Palace,25-027,2000,17.4,1,10,5,50.0,0.58,0.29,0.10,0.20,11.8,0,0,0,1.2,1.2,0.12,-0.2,-0.2,Matches
Chris Wood,557,nzNZL,FW,Nott'ham Forest,33-138,1991,27.9,19,51,30,58.8,1.83,1.08,0.31,0.53,14.5,0,3,3,11.1,8.8,0.17,+7.9,+7.2,Matches
Christian Eriksen,165,dkDEN,MF,Manchester Utd,33-069,1992,11.0,0,8,1,12.5,0.73,0.09,0.00,0.00,26.2,2,0,0,0.3,0.3,0.03,-0.3,-0.3,Matches
Christian Nørgaard,381,dkDEN,MF,Brentford,31-045,1994,26.3,5,33,11,33.3,1.25,0.42,0.15,0.45,14.9,0,0,0,3.6,3.6,0.11,+1.4,+1.4,Matches
Christian Walton,535,engENG,GK,Ipswich Town,29-166,1995,6.0,0,0,0,N/a,0.00,0.00,N/a,N/a,N/a,0,0,0,0.0,0.0,N/a,0.0,0.0,Matches
Christopher Nkunku,376,frFRA,FW,Chelsea,27-161,1997,10.2,3,25,11,44.0,2.44,1.07,0.12,0.27,12.6,0,0,0,4.8,4.8,0.19,-1.8,-1.8,Matches
Cody Gakpo,190,nlNED,FW,Liverpool,25-352,1999,17.3,8,47,19,40.4,2.71,1.10,0.17,0.42,15.2,0,0,0,6.2,6.2,0.13,+1.8,+1.8,Matches
Cole Palmer,400,engENG,MF,Chelsea,22-353,2002,30.5,14,111,40,36.0,3.64,1.31,0.10,0.28,20.3,12,3,4,15.8,12.7,0.11,-1.8,-1.7,Matches
Conor Bradley,65,nirNIR,DF,Liverpool,21-289,2003,5.9,0,9,3,33.3,1.52,0.51,0.00,0.00,14.3,0,0,0,0.6,0.6,0.07,-0.6,-0.6,Matches
Conor Chaplin,93,engENG,"MF,FW",Ipswich Town,28-067,1997,6.9,1,12,3,25.0,1.73,0.43,0.08,0.33,18.3,0,0,0,1.2,1.2,0.10,-0.2,-0.2,Matches
Conor Coady,103,engENG,DF,Leicester City,32-058,1993,14.0,0,0,0,N/a,0.00,0.00,N/a,N/a,N/a,0,0,0,0.0,0.0,N/a,0.0,0.0,Matches
Conor Townsend,511,engENG,DF,Ipswich Town,32-051,1993,3.7,0,1,0,0.0,0.27,0.00,0.00,N/a,16.7,0,0,0,0.0,0.0,0.03,0.0,0.0,Matches
Craig Dawson,124,engENG,DF,Wolves,34-353,1990,10.8,0,5,1,20.0,0.46,0.09,0.00,0.00,8.5,0,0,0,0.5,0.5,0.10,-0.5,-0.5,Matches
Cristian Romero,439,arARG,DF,Tottenham,26-362,1998,15.7,1,16,8,50.0,1.02,0.51,0.06,0.13,9.1,0,0,0,1.6,1.6,0.10,-0.6,-0.6,Matches
Crysencio Summerville,491,nlNED,"FW,MF",West Ham,23-176,2001,8.7,1,14,4,28.6,1.60,0.46,0.07,0.25,13.4,0,0,0,1.6,1.6,0.12,-0.6,-0.6,Matches
Curtis Jones,264,engENG,"MF,DF",Liverpool,24-084,2001,15.7,3,29,12,41.4,1.84,0.76,0.10,0.25,15.6,0,0,0,4.1,4.1,0.14,-1.1,-1.1,Matches
Daichi Kamada,270,jpJPN,MF,Crystal Palace,28-262,1996,14.9,0,17,4,23.5,1.14,0.27,0.00,0.00,19.4,0,0,0,1.0,1.0,0.06,-1.0,-1.0,Matches
Dan Burn,76,engENG,DF,Newcastle Utd,32-350,1992,32.0,0,19,4,21.1,0.59,0.12,0.00,0.00,10.4,0,0,0,1.3,1.3,0.07,-1.3,-1.3,Matches
Dane Scarlett,453,engENG,"FW,MF",Tottenham,21-031,2004,0.4,0,1,1,100.0,2.65,2.65,0.00,0.00,13.9,0,0,0,0.0,0.0,0.04,0.0,0.0,Matches
Dango Ouattara,397,bfBFA,FW,Bournemouth,23-072,2002,20.5,7,59,20,33.9,2.88,0.98,0.12,0.35,13.4,0,0,0,8.2,8.2,0.14,-1.2,-1.2,Matches
Daniel Bentley,53,engENG,GK,Wolves,31-285,1993,1.0,0,0,0,N/a,0.00,0.00,N/a,N/a,N/a,0,0,0,0.0,0.0,N/a,0.0,0.0,Matches
Daniel Jebbison,254,engENG,FW,Bournemouth,21-254,2003,0.8,0,2,1,50.0,2.40,1.20,0.00,0.00,12.3,0,0,0,0.2,0.2,0.10,-0.2,-0.2,Matches
Daniel Muñoz,363,coCOL,DF,Crystal Palace,28-333,1996,31.9,4,32,12,37.5,1.00,0.38,0.13,0.33,12.3,0,0,0,4.6,4.6,0.14,-0.6,-0.6,Matches
Daniel Podence,412,ptPOR,"MF,FW",Wolves,29-185,1995,0.5,0,1,0,0.0,1.87,0.00,0.00,N/a,24.4,0,0,0,0.0,0.0,0.04,0.0,0.0,Matches
Danilo,119,brBRA,"MF,FW",Nott'ham Forest,23-360,2001,3.0,0,0,0,N/a,0.00,0.00,N/a,N/a,N/a,0,0,0,0.0,0.0,N/a,0.0,0.0,Matches
Danny Ings,245,engENG,"FW,MF",West Ham,32-275,1992,3.2,1,14,5,35.7,4.44,1.58,0.07,0.20,15.5,0,0,0,2.3,2.3,0.16,-1.3,-1.3,Matches
Danny Ward,537,wlsWAL,GK,Leicester City,31-306,1993,1.5,0,0,0,N/a,0.00,0.00,N/a,N/a,N/a,0,0,0,0.0,0.0,N/a,0.0,0.0,Matches
Danny Welbeck,543,engENG,FW,Brighton,34-149,1990,19.6,9,52,20,38.5,2.66,1.02,0.17,0.45,15.1,8,0,0,8.0,8.0,0.15,+1.0,+1.0,Matches
Dara O'Shea,384,ieIRL,DF,Ipswich Town,26-051,1999,29.7,0,19,2,10.5,0.64,0.07,0.00,0.00,13.7,0,0,0,1.1,1.1,0.06,-1.1,-1.1,Matches
Darwin Núñez,379,uyURU,FW,Liverpool,25-304,1999,11.2,5,31,12,38.7,2.76,1.07,0.16,0.42,14.3,0,0,0,5.0,5.0,0.16,0.0,0.0,Matches
David Brooks,71,wlsWAL,"FW,MF",Bournemouth,27-290,1997,9.1,2,22,10,45.5,2.43,1.10,0.09,0.20,16.8,0,0,0,2.2,2.2,0.10,-0.2,-0.2,Matches
David Raya,422,esESP,GK,Arsenal,29-221,1995,34.0,0,0,0,N/a,0.00,0.00,N/a,N/a,N/a,0,0,0,0.0,0.0,N/a,0.0,0.0,Matches
Dean Henderson,231,engENG,GK,Crystal Palace,28-043,1997,34.0,0,1,0,0.0,0.03,0.00,0.00,N/a,14.9,0,0,0,0.0,0.0,0.01,0.0,0.0,Matches
Dean Huijsen,241,esESP,DF,Bournemouth,20-010,2005,22.8,2,17,2,11.8,0.74,0.09,0.12,1.00,12.3,0,0,0,1.7,1.7,0.10,+0.3,+0.3,Matches
Declan Rice,429,engENG,MF,Arsenal,26-100,1999,28.6,2,41,10,24.4,1.43,0.35,0.05,0.20,19.7,2,0,0,2.7,2.7,0.07,-0.7,-0.7,Matches
Dejan Kulusevski,290,seSWE,"MF,FW",Tottenham,24-364,2000,24.8,7,45,17,37.8,1.81,0.68,0.16,0.41,14.6,0,0,0,4.2,4.2,0.09,+2.8,+2.8,Matches
Destiny Udogie,520,itITA,DF,Tottenham,22-147,2002,19.4,0,5,1,20.0,0.26,0.05,0.00,0.00,15.1,0,0,0,0.3,0.3,0.06,-0.3,-0.3,Matches
Diego Carlos,84,brBRA,DF,Aston Villa,32-040,1993,9.2,0,4,1,25.0,0.43,0.11,0.00,0.00,6.7,0,0,0,0.6,0.6,0.16,-0.6,-0.6,Matches
Diego Gómez,203,pyPAR,MF,Brighton,22-028,2003,4.8,0,5,0,0.0,1.04,0.00,0.00,N/a,21.5,2,0,0,0.4,0.4,0.09,-0.4,-0.4,Matches
Diogo Dalot,117,ptPOR,DF,Manchester Utd,26-037,1999,31.0,0,23,5,21.7,0.74,0.16,0.00,0.00,15.6,0,0,0,2.0,2.0,0.09,-2.0,-2.0,Matches
Diogo Jota,266,ptPOR,FW,Liverpool,28-141,1996,11.9,6,45,13,28.9,3.77,1.09,0.13,0.46,12.4,0,0,0,7.3,7.3,0.16,-1.3,-1.3,Matches
Divin Mubama,359,engENG,FW,Manchester City,20-181,2004,0.3,0,1,0,0.0,3.21,0.00,0.00,N/a,17.2,0,0,0,0.0,0.0,0.04,0.0,0.0,Matches
Djed Spence,480,engENG,DF,Tottenham,24-258,2000,15.8,1,9,3,33.3,0.57,0.19,0.11,0.33,22.3,0,0,0,0.5,0.5,0.06,+0.5,+0.5,Matches
Dominic Calvert-Lewin,83,engENG,FW,Everton,28-039,1997,17.5,3,46,17,37.0,2.63,0.97,0.07,0.18,12.3,0,0,0,6.1,6.1,0.13,-3.1,-3.1,Matches
Dominic Solanke,474,engENG,FW,Tottenham,27-222,1997,22.8,7,56,22,39.3,2.46,0.96,0.13,0.32,12.2,0,0,0,9.9,9.9,0.18,-2.9,-2.9,Matches
Dominik Szoboszlai,493,huHUN,MF,Liverpool,24-181,2000,24.3,5,60,19,31.7,2.47,0.78,0.08,0.26,18.6,3,0,0,6.9,6.9,0.11,-1.9,-1.9,Matches
Donyell Malen,320,nlNED,FW,Aston Villa,26-105,1999,3.0,3,12,8,66.7,3.96,2.64,0.25,0.38,16.3,0,0,0,1.7,1.7,0.14,+1.3,+1.3,Matches
Dwight McNeil,338,engENG,"MF,FW",Everton,25-153,1999,12.9,3,23,8,34.8,1.79,0.62,0.13,0.38,22.0,0,0,0,0.9,0.9,0.04,+2.1,+2.1,Matches
Eberechi Eze,171,engENG,"MF,FW",Crystal Palace,26-299,1998,26.0,4,93,24,25.8,3.58,0.92,0.04,0.17,21.5,16,0,1,8.2,7.4,0.08,-4.2,-3.4,Matches
Eddie Nketiah,375,engENG,"FW,MF",Crystal Palace,25-329,1999,9.8,1,36,12,33.3,3.68,1.23,0.03,0.08,14.4,0,0,0,4.3,4.3,0.12,-3.3,-3.3,Matches
Ederson,153,brBRA,GK,Manchester City,31-250,1993,21.8,0,0,0,N/a,0.00,0.00,N/a,N/a,N/a,0,0,0,0.0,0.0,N/a,0.0,0.0,Matches
Edmond-Paris Maghoma,316,engENG,"MF,FW",Brentford,23-351,2001,1.3,0,1,0,0.0,0.76,0.00,0.00,N/a,23.8,0,0,0,0.1,0.1,0.12,-0.1,-0.1,Matches
Edson Álvarez,18,mxMEX,MF,West Ham,27-182,1997,18.1,0,11,1,9.1,0.61,0.06,0.00,0.00,26.7,0,0,0,0.3,0.3,0.03,-0.3,-0.3,Matches
Eiran Cashin,89,ieIRL,DF,Brighton,23-166,2001,0.2,0,0,0,N/a,0.00,0.00,N/a,N/a,N/a,0,0,0,0.0,0.0,N/a,0.0,0.0,Matches
Elliot Anderson,25,engENG,MF,Nott'ham Forest,22-169,2002,25.7,2,34,6,17.6,1.32,0.23,0.06,0.33,19.9,0,0,0,1.7,1.7,0.05,+0.3,+0.3,Matches
Emerson Palmieri,401,itITA,DF,West Ham,30-264,1994,21.4,2,16,7,43.8,0.75,0.33,0.13,0.29,19.0,3,0,0,2.0,2.0,0.12,0.0,0.0,Matches
Emi Buendía,72,arARG,"MF,FW",Aston Villa,28-120,1996,1.1,0,5,0,0.0,4.59,0.00,0.00,N/a,19.1,1,0,0,0.7,0.7,0.13,-0.7,-0.7,Matches
Emil Krafth,288,seSWE,DF,Newcastle Utd,30-265,1994,3.2,0,1,0,0.0,0.31,0.00,0.00,N/a,14.6,0,0,0,0.0,0.0,0.03,0.0,0.0,Matches
Emile Smith Rowe,473,engENG,MF,Fulham,24-270,2000,20.3,5,32,8,25.0,1.58,0.39,0.16,0.63,15.4,0,0,0,4.1,4.1,0.13,+0.9,+0.9,Matches
Emiliano Martínez,326,arARG,GK,Aston Villa,32-234,1992,32.0,0,0,0,N/a,0.00,0.00,N/a,N/a,N/a,0,0,0,0.0,0.0,N/a,0.0,0.0,Matches
Emmanuel Agbadou,6,ciCIV,DF,Wolves,27-311,1997,10.7,0,5,1,20.0,0.47,0.09,0.00,0.00,24.6,1,0,0,0.3,0.3,0.06,-0.3,-0.3,Matches
Enes Ünal,523,trTUR,"FW,MF",Bournemouth,27-349,1997,3.8,2,20,7,35.0,5.22,1.83,0.10,0.29,14.6,3,0,0,2.7,2.7,0.14,-0.7,-0.7,Matches
Enzo Fernández,180,arARG,MF,Chelsea,24-097,2001,27.8,5,48,18,37.5,1.73,0.65,0.10,0.28,18.4,2,0,0,5.3,5.3,0.11,-0.3,-0.3,Matches
Eric da Silva Moreira,467,deGER,"MF,DF",Nott'ham Forest,18-356,2006,0.3,0,0,0,N/a,0.00,0.00,N/a,N/a,N/a,0,0,0,0.0,0.0,N/a,0.0,0.0,Matches
Erling Haaland,221,noNOR,FW,Manchester City,24-277,2000,27.6,21,99,54,54.5,3.59,1.96,0.19,0.35,12.2,1,2,3,20.8,18.4,0.19,+0.2,+0.6,Matches
Ethan Nwaneri,380,engENG,"FW,MF",Arsenal,18-034,2007,9.1,4,22,8,36.4,2.43,0.88,0.18,0.50,18.2,1,0,0,1.1,1.1,0.05,+2.9,+2.9,Matches
Ethan Pinnock,411,jmJAM,DF,Brentford,31-330,1993,21.3,2,10,6,60.0,0.47,0.28,0.20,0.33,11.1,0,0,0,1.1,1.1,0.11,+0.9,+0.9,Matches
Evan Ferguson,176,ieIRL,FW,West Ham,20-187,2004,1.6,0,5,1,20.0,3.10,0.62,0.00,0.00,17.2,0,0,0,0.6,0.6,0.11,-0.6,-0.6,Matches
Evanilson,168,brBRA,FW,Bournemouth,25-200,1999,21.1,9,62,28,45.2,2.93,1.32,0.15,0.32,12.9,0,0,1,11.0,10.2,0.17,-2.0,-1.2,Matches
Ezri Konsa,285,engENG,DF,Aston Villa,27-183,1997,28.6,1,9,3,33.3,0.31,0.10,0.11,0.33,9.1,0,0,0,0.9,0.9,0.10,+0.1,+0.1,Matches
Fabian Schär,455,chSUI,DF,Newcastle Utd,33-125,1991,27.7,4,28,10,35.7,1.01,0.36,0.14,0.40,21.6,3,0,0,2.1,2.1,0.08,+1.9,+1.9,Matches
Fabio Carvalho,85,ptPOR,"FW,MF",Brentford,22-237,2002,5.1,2,12,5,41.7,2.37,0.99,0.17,0.40,14.7,0,0,0,2.5,2.5,0.21,-0.5,-0.5,Matches
Facundo Buonanotte,74,arARG,"FW,MF",Leicester City,20-122,2004,15.9,4,33,10,30.3,2.08,0.63,0.12,0.40,17.9,0,0,0,3.7,3.7,0.11,+0.3,+0.3,Matches
Federico Chiesa,95,itITA,FW,Liverpool,27-181,1997,0.4,0,4,2,50.0,9.73,4.86,0.00,0.00,20.1,0,0,0,0.2,0.2,0.06,-0.2,-0.2,Matches
Ferdi Kadioglu,269,trTUR,"DF,MF",Brighton,25-199,1999,4.3,1,4,1,25.0,0.94,0.23,0.25,1.00,15.1,0,0,0,0.4,0.4,0.11,+0.6,+0.6,Matches
Filip Jørgensen,268,dkDEN,GK,Chelsea,23-008,2002,6.0,0,0,0,N/a,0.00,0.00,N/a,N/a,N/a,0,0,0,0.0,0.0,N/a,0.0,0.0,Matches
Flynn Downes,147,engENG,MF,Southampton,26-094,1999,18.9,1,10,3,30.0,0.53,0.16,0.10,0.33,18.7,0,0,0,0.6,0.6,0.06,+0.4,+0.4,Matches
Frank Onyeka,393,ngNGA,MF,Brentford,27-113,1998,0.3,0,0,0,N/a,0.00,0.00,N/a,N/a,N/a,0,0,0,0.0,0.0,N/a,0.0,0.0,Matches
Fraser Forster,185,engENG,GK,Tottenham,37-038,1988,7.0,0,0,0,N/a,0.00,0.00,N/a,N/a,N/a,0,0,0,0.0,0.0,N/a,0.0,0.0,Matches
Gabriel Jesus,256,brBRA,FW,Arsenal,28-021,1997,6.8,3,20,7,35.0,2.96,1.04,0.15,0.43,11.1,0,0,0,3.0,3.0,0.15,0.0,0.0,Matches
Gabriel Magalhães,315,brBRA,DF,Arsenal,27-126,1997,26.3,3,22,5,22.7,0.84,0.19,0.14,0.60,9.5,0,0,0,2.6,2.6,0.12,+0.4,+0.4,Matches
Gabriel Martinelli,325,brBRA,"FW,MF",Arsenal,23-310,2001,21.7,7,45,19,42.2,2.07,0.87,0.16,0.37,13.0,0,0,0,5.9,5.9,0.13,+1.1,+1.1,Matches
George Edmundson,154,engENG,DF,Ipswich Town,27-236,1997,0.0,0,0,0,N/a,0.00,0.00,N/a,N/a,N/a,0,0,0,0.0,0.0,N/a,0.0,0.0,Matches
George Hirst,237,sctSCO,FW,Ipswich Town,26-068,1999,5.0,2,9,4,44.4,1.80,0.80,0.22,0.50,12.0,0,0,0,1.3,1.3,0.14,+0.7,+0.7,Matches
Georginio Rutter,440,frFRA,"MF,FW",Brighton,23-004,2002,18.4,5,50,12,24.0,2.72,0.65,0.10,0.42,15.5,0,0,0,4.6,4.6,0.09,+0.4,+0.4,Matches
Gonçalo Guedes,213,ptPOR,"MF,FW",Wolves,28-146,1996,8.6,2,18,7,38.9,2.10,0.82,0.11,0.29,19.9,0,0,0,2.2,2.2,0.12,-0.2,-0.2,Matches
Guglielmo Vicario,531,itITA,GK,Tottenham,28-199,1996,21.0,0,0,0,N/a,0.00,0.00,N/a,N/a,N/a,0,0,0,0.0,0.0,N/a,0.0,0.0,Matches
Guido Rodríguez,436,arARG,MF,West Ham,31-012,1994,11.3,0,8,1,12.5,0.71,0.09,0.00,0.00,27.8,0,0,0,0.2,0.2,0.03,-0.2,-0.2,Matches
Gustavo Nunes,377,brBRA,"MF,FW",Brentford,19-155,2005,0.0,0,0,0,N/a,0.00,0.00,N/a,N/a,N/a,0,0,0,0.0,0.0,N/a,0.0,0.0,Matches
Hamza Choudhury,98,bdBAN,"MF,DF",Leicester City,27-205,1997,1.5,0,0,0,N/a,0.00,0.00,N/a,N/a,N/a,0,0,0,0.0,0.0,N/a,0.0,0.0,Matches
Harrison Armstrong,34,engENG,MF,Everton,18-095,2007,0.5,0,1,0,0.0,1.87,0.00,0.00,N/a,5.8,0,0,0,0.4,0.4,0.37,-0.4,-0.4,Matches
Harrison Reed,423,engENG,MF,Fulham,30-087,1995,1.0,0,3,2,66.7,2.90,1.94,0.00,0.00,21.7,0,0,0,0.2,0.2,0.08,-0.2,-0.2,Matches
Harry Amass,20,engENG,DF,Manchester Utd,18-039,2007,1.8,0,1,0,0.0,0.54,0.00,0.00,N/a,29.6,0,0,0,0.0,0.0,0.03,0.0,0.0,Matches
Harry Clarke,100,engENG,DF,Ipswich Town,24-053,2001,4.2,0,1,1,100.0,0.24,0.24,0.00,0.00,4.5,0,0,0,0.1,0.1,0.08,-0.1,-0.1,Matches
Harry Maguire,317,engENG,DF,Manchester Utd,32-050,1993,15.8,1,11,4,36.4,0.70,0.25,0.09,0.25,8.1,0,0,0,1.4,1.4,0.13,-0.4,-0.4,Matches
Harry Toffolo,507,engENG,DF,Nott'ham Forest,29-248,1995,1.5,0,1,0,0.0,0.66,0.00,0.00,N/a,28.5,0,0,0,0.0,0.0,0.02,0.0,0.0,Matches
Harry Wilson,553,wlsWAL,"FW,MF",Fulham,28-033,1997,9.5,5,28,9,32.1,2.96,0.95,0.18,0.56,17.2,1,0,0,3.2,3.2,0.12,+1.8,+1.8,Matches
Harry Winks,554,engENG,MF,Leicester City,29-081,1996,17.1,0,10,4,40.0,0.59,0.23,0.00,0.00,29.2,0,0,0,0.2,0.2,0.02,-0.2,-0.2,Matches
Harvey Barnes,46,engENG,FW,Newcastle Utd,27-136,1997,14.9,9,48,16,33.3,3.23,1.08,0.19,0.56,14.1,0,0,0,6.2,6.2,0.13,+2.8,+2.8,Matches
Harvey Elliott,160,engENG,"MF,FW",Liverpool,22-020,2003,2.0,0,10,2,20.0,4.89,0.98,0.00,0.00,16.8,0,0,0,0.5,0.5,0.05,-0.5,-0.5,Matches
Hwang Hee-chan,230,krKOR,"MF,FW",Wolves,29-088,1996,7.2,2,5,3,60.0,0.70,0.42,0.40,0.67,17.4,0,0,0,0.8,0.8,0.16,+1.2,+1.2,Matches
Hákon Rafn Valdimarsson,417,isISL,GK,Brentford,23-193,2001,1.6,0,0,0,N/a,0.00,0.00,N/a,N/a,N/a,0,0,0,0.0,0.0,N/a,0.0,0.0,Matches
Ian Maatsen,311,nlNED,DF,Aston Villa,23-045,2002,9.9,1,16,5,31.3,1.62,0.51,0.06,0.20,22.7,0,0,0,0.7,0.7,0.05,+0.3,+0.3,Matches
Ibrahim Sangaré,447,ciCIV,MF,Nott'ham Forest,27-143,1997,3.1,0,1,1,100.0,0.32,0.32,0.00,0.00,32.0,0,0,0,0.0,0.0,0.02,0.0,0.0,Matches
Ibrahima Konaté,284,frFRA,DF,Liverpool,25-334,1999,24.8,1,17,3,17.6,0.69,0.12,0.06,0.33,10.4,0,0,0,1.6,1.6,0.10,-0.6,-0.6,Matches
Idrissa Gana Gueye,191,snSEN,MF,Everton,35-210,1989,29.1,0,26,4,15.4,0.89,0.14,0.00,0.00,25.3,0,0,0,1.0,1.0,0.04,-1.0,-1.0,Matches
Igor,244,brBRA,DF,Brighton,27-076,1998,10.0,0,1,0,0.0,0.10,0.00,0.00,N/a,14.1,0,0,0,0.0,0.0,0.05,0.0,0.0,Matches
Iliman Ndiaye,368,snSEN,FW,Everton,25-049,2000,23.5,7,31,13,41.9,1.32,0.55,0.16,0.38,17.3,0,2,2,5.2,3.6,0.12,+1.8,+1.4,Matches
Illia Zabarnyi,564,uaUKR,DF,Bournemouth,22-235,2002,29.6,0,8,0,0.0,0.27,0.00,0.00,N/a,8.8,0,0,0,1.0,1.0,0.12,-1.0,-1.0,Matches
Ismaila Sarr,450,snSEN,"MF,FW",Crystal Palace,27-058,1998,26.6,7,48,24,50.0,1.81,0.90,0.15,0.29,13.3,0,0,0,8.7,8.7,0.19,-1.7,-1.7,Matches
Issa Diop,135,frFRA,DF,Fulham,28-105,1997,14.9,0,5,2,40.0,0.34,0.13,0.00,0.00,10.7,0,0,0,0.5,0.5,0.11,-0.5,-0.5,Matches
Jack Clarke,101,engENG,"FW,MF",Ipswich Town,24-152,2000,11.0,0,14,2,14.3,1.27,0.18,0.00,0.00,19.4,0,0,0,1.0,1.0,0.07,-1.0,-1.0,Matches
Jack Grealish,209,engENG,"FW,MF",Manchester City,29-226,1995,8.0,1,15,5,33.3,1.87,0.62,0.07,0.20,16.3,0,0,0,1.1,1.1,0.08,-0.1,-0.1,Matches
Jack Harrison,225,engENG,FW,Everton,28-155,1996,20.3,1,27,6,22.2,1.33,0.30,0.04,0.17,16.3,0,0,0,3.3,3.3,0.12,-2.3,-2.3,Matches
Jack Hinshelwood,236,engENG,"DF,MF",Brighton,20-013,2005,17.7,2,13,6,46.2,0.73,0.34,0.15,0.33,13.2,0,0,0,1.4,1.4,0.11,+0.6,+0.6,Matches
Jack Stephens,483,engENG,DF,Southampton,31-087,1994,11.9,0,3,1,33.3,0.25,0.08,0.00,0.00,12.1,0,0,0,0.3,0.3,0.10,-0.3,-0.3,Matches
Jack Taylor,498,ieIRL,MF,Ipswich Town,26-305,1998,6.7,1,17,4,23.5,2.55,0.60,0.06,0.25,23.0,0,0,0,0.7,0.7,0.04,+0.3,+0.3,Matches
Jacob Greaves,210,engENG,DF,Ipswich Town,24-224,2000,19.5,1,8,4,50.0,0.41,0.21,0.13,0.25,8.3,0,0,0,1.2,1.2,0.16,-0.2,-0.2,Matches
Jacob Murphy,366,engENG,FW,Newcastle Utd,30-059,1995,22.4,8,39,15,38.5,1.74,0.67,0.21,0.53,17.9,0,0,0,5.5,5.5,0.14,+2.5,+2.5,Matches
Jacob Ramsey,419,engENG,"FW,MF",Aston Villa,23-331,2001,16.5,1,17,4,23.5,1.03,0.24,0.06,0.25,16.1,0,0,0,1.4,1.4,0.08,-0.4,-0.4,Matches
Jaden Philogene Bidace,408,engENG,"FW,MF",Aston Villa,23-075,2002,3.7,0,7,0,0.0,1.90,0.00,0.00,N/a,16.0,0,0,0,0.5,0.5,0.07,-0.5,-0.5,Matches
Jadon Sancho,446,engENG,FW,Chelsea,25-030,2000,18.4,3,23,7,30.4,1.25,0.38,0.13,0.43,15.3,0,0,0,2.0,2.0,0.09,+1.0,+1.0,Matches
Jahmai Simpson-Pusey,468,engENG,DF,Manchester City,19-171,2005,1.1,0,0,0,N/a,0.00,0.00,N/a,N/a,N/a,0,0,0,0.0,0.0,N/a,0.0,0.0,Matches
Jake Evans,169,N/a,FW,Leicester City,N/a,N/a,0.0,0,0,0,N/a,0.00,0.00,N/a,N/a,N/a,0,0,0,0.0,0.0,N/a,0.0,0.0,Matches
Jake O'Brien,382,ieIRL,DF,Everton,23-344,2001,13.5,2,5,3,60.0,0.37,0.22,0.40,0.67,11.5,0,0,0,0.7,0.7,0.14,+1.3,+1.3,Matches
Jakub Kiwior,282,plPOL,DF,Arsenal,25-068,2000,8.5,1,3,1,33.3,0.35,0.12,0.33,1.00,18.5,0,0,0,0.2,0.2,0.06,+0.8,+0.8,Matches
Jakub Moder,351,plPOL,MF,Brighton,26-017,1999,0.1,0,0,0,N/a,0.00,0.00,N/a,N/a,N/a,0,0,0,0.0,0.0,N/a,0.0,0.0,Matches
Jakub Stolarczyk,486,plPOL,GK,Leicester City,24-126,2000,6.0,0,0,0,N/a,0.00,0.00,N/a,N/a,N/a,0,0,0,0.0,0.0,N/a,0.0,0.0,Matches
James Bree,67,engENG,DF,Southampton,27-195,1997,9.9,0,4,1,25.0,0.40,0.10,0.00,0.00,22.7,0,0,0,0.1,0.1,0.03,-0.1,-0.1,Matches
James Garner,194,engENG,"MF,DF",Everton,24-042,2001,12.7,0,7,2,28.6,0.55,0.16,0.00,0.00,24.1,1,0,0,0.3,0.3,0.04,-0.3,-0.3,Matches
James Hill,235,engENG,DF,Bournemouth,23-104,2002,5.0,0,6,0,0.0,1.21,0.00,0.00,N/a,13.9,0,0,0,0.3,0.3,0.05,-0.3,-0.3,Matches
James Justin,267,engENG,DF,Leicester City,27-060,1998,28.2,2,24,6,25.0,0.85,0.21,0.08,0.33,16.0,2,0,0,1.5,1.5,0.06,+0.5,+0.5,Matches
James Maddison,313,engENG,MF,Tottenham,28-152,1996,19.6,9,39,17,43.6,1.99,0.87,0.23,0.53,16.7,6,0,0,5.8,5.8,0.15,+3.2,+3.2,Matches
James Mcatee,334,engENG,"MF,FW",Manchester City,22-188,2002,3.3,3,12,4,33.3,3.64,1.21,0.25,0.75,14.3,0,0,0,2.8,2.8,0.23,+0.2,+0.2,Matches
James Milner,346,engENG,MF,Brighton,39-110,1986,1.9,0,2,0,0.0,1.07,0.00,0.00,N/a,16.0,0,0,0,0.2,0.2,0.08,-0.2,-0.2,Matches
James Tarkowski,495,engENG,DF,Everton,32-156,1992,32.5,1,15,4,26.7,0.46,0.12,0.07,0.25,8.4,0,0,0,1.3,1.3,0.09,-0.3,-0.3,Matches
James Ward-Prowse,539,engENG,MF,West Ham,30-174,1994,8.4,0,6,2,33.3,0.71,0.24,0.00,0.00,20.3,2,0,0,0.5,0.5,0.08,-0.5,-0.5,Matches
Jamie Vardy,525,engENG,FW,Leicester City,38-103,1987,27.6,7,49,20,40.8,1.78,0.73,0.12,0.30,11.8,0,1,1,9.4,8.6,0.18,-2.4,-2.6,Matches
Jan Bednarek,49,plPOL,DF,Southampton,29-012,1996,25.1,2,5,2,40.0,0.20,0.08,0.40,1.00,16.0,0,0,0,0.7,0.7,0.13,+1.3,+1.3,Matches
Jan Paul van Hecke,229,nlNED,DF,Brighton,24-320,2000,28.9,1,16,5,31.3,0.55,0.17,0.06,0.20,14.1,0,0,0,1.3,1.3,0.08,-0.3,-0.3,Matches
Jannik Vestergaard,530,dkDEN,DF,Leicester City,32-264,1992,15.5,0,3,2,66.7,0.19,0.13,0.00,0.00,9.7,0,0,0,0.1,0.1,0.03,-0.1,-0.1,Matches
Jarell Quansah,416,engENG,DF,Liverpool,22-085,2003,3.5,0,1,0,0.0,0.29,0.00,0.00,N/a,8.9,0,0,0,0.1,0.1,0.10,-0.1,-0.1,Matches
Jarrad Branthwaite,66,engENG,DF,Everton,22-301,2002,24.1,0,8,3,37.5,0.33,0.12,0.00,0.00,8.2,0,0,0,1.1,1.1,0.14,-1.1,-1.1,Matches
Jarrod Bowen,64,engENG,"FW,MF",West Ham,28-125,1996,28.2,9,73,30,41.1,2.59,1.06,0.11,0.27,17.7,1,1,1,7.4,6.6,0.09,+1.6,+1.4,Matches
Jason Steele,482,engENG,GK,Brighton,34-249,1990,2.0,0,0,0,N/a,0.00,0.00,N/a,N/a,N/a,0,0,0,0.0,0.0,N/a,0.0,0.0,Matches
Jay Robinson,434,engENG,MF,Southampton,18-040,2007,0.0,0,0,0,N/a,0.00,0.00,N/a,N/a,N/a,0,0,0,0.0,0.0,N/a,0.0,0.0,Matches
Jay Stansfield,481,engENG,MF,Fulham,22-151,2002,0.0,0,0,0,N/a,0.00,0.00,N/a,N/a,N/a,0,0,0,0.0,0.0,N/a,0.0,0.0,Matches
Jayden Danns,120,engENG,MF,Liverpool,19-098,2006,0.1,0,0,0,N/a,0.00,0.00,N/a,N/a,N/a,0,0,0,0.0,0.0,N/a,0.0,0.0,Matches
Jayden Meghoma,341,engENG,DF,Brentford,18-300,2006,0.1,0,0,0,N/a,0.00,0.00,N/a,N/a,N/a,0,0,0,0.0,0.0,N/a,0.0,0.0,Matches
Jean-Clair Todibo,506,frFRA,DF,West Ham,25-115,1999,15.5,0,4,0,0.0,0.26,0.00,0.00,N/a,14.6,0,0,0,0.2,0.2,0.04,-0.2,-0.2,Matches
Jean-Philippe Mateta,329,frFRA,FW,Crystal Palace,27-300,1997,27.1,14,60,25,41.7,2.21,0.92,0.20,0.48,15.6,0,2,2,12.1,10.5,0.18,+1.9,+1.5,Matches
Jean-Ricner Bellegarde,51,frFRA,"MF,FW",Wolves,26-301,1998,16.4,2,20,5,25.0,1.22,0.30,0.10,0.40,21.7,2,0,0,1.3,1.3,0.07,+0.7,+0.7,Matches
Jefferson Lerma,298,coCOL,"MF,DF",Crystal Palace,30-181,1994,22.6,0,24,7,29.2,1.06,0.31,0.00,0.00,19.4,0,0,0,1.0,1.0,0.04,-1.0,-1.0,Matches
Jeffrey Schlupp,456,ghGHA,"MF,DF",Crystal Palace,32-122,1992,1.1,0,4,2,50.0,3.50,1.75,0.00,0.00,17.7,0,0,0,0.2,0.2,0.04,-0.2,-0.2,Matches
Jens Cajuste,81,seSWE,MF,Ipswich Town,25-257,1999,19.7,1,10,1,10.0,0.51,0.05,0.10,1.00,21.3,0,0,0,0.5,0.5,0.05,+0.5,+0.5,Matches
Jeremy Doku,141,beBEL,"FW,MF",Manchester City,22-332,2002,14.5,3,24,9,37.5,1.65,0.62,0.13,0.33,18.2,0,0,0,1.0,1.0,0.04,+2.0,+2.0,Matches
Jeremy Monga,352,N/a,FW,Leicester City,N/a,N/a,0.3,0,0,0,N/a,0.00,0.00,N/a,N/a,N/a,0,0,0,0.0,0.0,N/a,0.0,0.0,Matches
Jeremy Sarmiento,449,ecECU,MF,Brighton,22-312,2002,0.1,0,0,0,N/a,0.00,0.00,N/a,N/a,N/a,0,0,0,0.0,0.0,N/a,0.0,0.0,Matches
Jesper Lindstrøm,305,dkDEN,FW,Everton,25-054,2000,13.8,0,28,10,35.7,2.03,0.73,0.00,0.00,21.0,6,0,0,2.1,2.1,0.08,-2.1,-2.1,Matches
Joachim Andersen,23,dkDEN,DF,Crystal Palace,28-328,1996,1.0,0,1,1,100.0,1.00,1.00,0.00,0.00,25.2,0,0,0,0.0,0.0,0.04,0.0,0.0,Matches
Joe Aribo,32,ngNGA,"MF,DF",Southampton,28-277,1996,21.2,3,17,7,41.2,0.80,0.33,0.18,0.43,14.0,0,0,0,2.7,2.7,0.16,+0.3,+0.3,Matches
Joe Gomez,204,engENG,DF,Liverpool,27-336,1997,5.8,0,3,2,66.7,0.52,0.35,0.00,0.00,11.9,0,0,0,0.3,0.3,0.11,-0.3,-0.3,Matches
Joe Lumley,309,engENG,GK,Southampton,30-068,1995,3.0,0,0,0,N/a,0.00,0.00,N/a,N/a,N/a,0,0,0,0.0,0.0,N/a,0.0,0.0,Matches
Joe Willock,551,engENG,"MF,FW",Newcastle Utd,25-247,1999,9.9,0,14,3,21.4,1.42,0.30,0.00,0.00,16.4,0,0,0,1.2,1.2,0.09,-1.2,-1.2,Matches
Joel Ward,538,engENG,DF,Crystal Palace,35-177,1989,0.0,0,0,0,N/a,0.00,0.00,N/a,N/a,N/a,0,0,0,0.0,0.0,N/a,0.0,0.0,Matches
Joelinton,260,brBRA,"MF,FW",Newcastle Utd,28-253,1996,26.6,4,45,13,28.9,1.69,0.49,0.09,0.31,14.0,0,0,0,3.9,3.9,0.09,+0.1,+0.1,Matches
John McGinn,337,sctSCO,"MF,FW",Aston Villa,30-188,1994,22.1,1,26,5,19.2,1.17,0.23,0.04,0.20,16.2,1,0,0,2.9,2.6,0.10,-1.9,-1.6,Matches
John Stones,487,engENG,"DF,MF",Manchester City,30-331,1994,6.1,2,2,2,100.0,0.33,0.33,1.00,1.00,5.1,0,0,0,0.4,0.4,0.22,+1.6,+1.6,Matches
Jonny Evans,170,nirNIR,DF,Manchester Utd,37-111,1988,3.2,0,1,0,0.0,0.31,0.00,0.00,N/a,8.4,0,0,0,0.1,0.1,0.10,-0.1,-0.1,Matches
Jordan Ayew,40,ghGHA,"FW,MF",Crystal Palace,33-225,1991,0.2,0,1,0,0.0,4.29,0.00,0.00,N/a,5.5,0,0,0,0.5,0.5,0.46,-0.5,-0.5,Matches
Jordan Pickford,410,engENG,GK,Everton,31-048,1994,33.0,0,0,0,N/a,0.00,0.00,N/a,N/a,N/a,0,0,0,0.0,0.0,N/a,0.0,0.0,Matches
Jorge Cuenca,114,esESP,DF,Fulham,25-158,1999,2.9,0,1,0,0.0,0.35,0.00,0.00,N/a,13.1,0,0,0,0.0,0.0,0.02,0.0,0.0,Matches
Jorginho,265,itITA,MF,Arsenal,33-125,1991,7.8,0,2,0,0.0,0.26,0.00,0.00,N/a,23.2,0,0,0,0.1,0.1,0.03,-0.1,-0.1,Matches
Joshua Acheampong,2,engENG,DF,Chelsea,18-354,2006,1.9,0,2,0,0.0,1.06,0.00,0.00,N/a,8.9,0,0,0,0.2,0.2,0.11,-0.2,-0.2,Matches
Joshua King,280,engENG,"MF,FW",Fulham,18-111,2007,0.9,0,1,0,0.0,1.13,0.00,0.00,N/a,5.3,0,0,0,0.2,0.2,0.20,-0.2,-0.2,Matches
Joshua Zirkzee,566,nlNED,"FW,MF",Manchester Utd,23-337,2001,15.6,3,28,11,39.3,1.80,0.71,0.11,0.27,13.1,0,0,0,4.8,4.8,0.17,-1.8,-1.8,Matches
José Sá,441,ptPOR,GK,Wolves,32-097,1993,25.0,0,0,0,N/a,0.00,0.00,N/a,N/a,N/a,0,0,0,0.0,0.0,N/a,0.0,0.0,Matches
Jota Silva,466,ptPOR,"FW,MF",Nott'ham Forest,25-266,1999,9.2,3,21,7,33.3,2.28,0.76,0.14,0.43,14.9,0,0,0,1.9,1.9,0.09,+1.1,+1.1,Matches
João Félix,175,ptPOR,"FW,MF",Chelsea,25-165,1999,4.1,1,20,5,25.0,4.88,1.22,0.05,0.20,15.9,0,0,0,2.2,2.2,0.11,-1.2,-1.2,Matches
João Gomes,200,brBRA,MF,Wolves,24-071,2001,28.9,3,32,7,21.9,1.11,0.24,0.09,0.43,18.3,0,0,0,2.6,2.6,0.08,+0.4,+0.4,Matches
João Pedro,259,brBRA,"FW,MF",Brighton,23-210,2001,21.6,10,42,15,35.7,1.94,0.69,0.12,0.33,17.2,0,5,5,8.9,5.0,0.12,+1.1,0.0,Matches
Joël Veltman,527,nlNED,DF,Brighton,33-099,1992,18.3,0,6,1,16.7,0.33,0.05,0.00,0.00,19.7,0,0,0,0.5,0.5,0.08,-0.5,-0.5,Matches
Joško Gvardiol,220,hrCRO,DF,Manchester City,23-091,2002,32.4,5,37,11,29.7,1.14,0.34,0.14,0.45,13.0,0,0,0,4.4,4.0,0.11,+0.6,+1.0,Matches
Julian Araujo,29,mxMEX,DF,Bournemouth,23-254,2001,4.0,0,0,0,N/a,0.00,0.00,N/a,N/a,N/a,0,0,0,0.0,0.0,N/a,0.0,0.0,Matches
Julio Enciso,162,pyPAR,"MF,FW",Ipswich Town,21-091,2004,6.1,1,19,7,36.8,3.11,1.15,0.05,0.14,22.8,1,0,0,1.2,1.2,0.06,-0.2,-0.2,Matches
Julio Soler,476,arARG,FW,Bournemouth,20-067,2005,0.0,0,0,0,N/a,0.00,0.00,N/a,N/a,N/a,0,0,0,0.0,0.0,N/a,0.0,0.0,Matches
Jurriën Timber,505,nlNED,DF,Arsenal,23-311,2001,26.9,1,14,4,28.6,0.52,0.15,0.07,0.25,14.1,0,0,0,1.2,1.2,0.09,-0.2,-0.2,Matches
Justin Devenny,128,nirNIR,MF,Crystal Palace,21-195,2003,4.8,1,8,4,50.0,1.68,0.84,0.13,0.25,21.2,1,0,0,0.7,0.7,0.08,+0.3,+0.3,Matches
Justin Kluivert,283,nlNED,"MF,FW",Bournemouth,25-354,1999,22.5,12,50,22,44.0,2.22,0.98,0.12,0.27,20.1,0,6,6,9.9,5.1,0.10,+2.1,+0.9,Matches
Jáder Durán,152,coCOL,FW,Aston Villa,21-132,2003,7.1,7,31,15,48.4,4.37,2.12,0.23,0.47,15.6,0,0,0,4.9,4.9,0.16,+2.1,+2.1,Matches
Jørgen Strand Larsen,488,noNOR,FW,Wolves,25-077,2000,26.5,12,49,31,63.3,1.85,1.17,0.24,0.39,11.6,0,0,0,9.3,9.3,0.19,+2.7,+2.7,Matches
Kaelan Casey,87,engENG,DF,West Ham,20-178,2004,0.0,0,0,0,N/a,0.00,0.00,N/a,N/a,N/a,0,0,0,0.0,0.0,N/a,0.0,0.0,Matches
Kai Havertz,227,deGER,"FW,MF",Arsenal,25-317,1999,20.4,9,52,21,40.4,2.54,1.03,0.17,0.43,11.7,0,0,0,9.4,9.4,0.18,-0.4,-0.4,Matches
Kalvin Phillips,407,engENG,MF,Ipswich Town,29-143,1995,13.5,0,10,2,20.0,0.74,0.15,0.00,0.00,24.2,3,0,0,0.4,0.4,0.04,-0.4,-0.4,Matches
Kamaldeen Sulemana,490,ghGHA,"FW,MF",Southampton,23-068,2002,11.6,1,22,7,31.8,1.89,0.60,0.05,0.14,18.1,0,0,0,1.2,1.2,0.06,-0.2,-0.2,Matches
Kaoru Mitoma,350,jpJPN,"FW,MF",Brighton,27-339,1997,27.7,8,53,24,45.3,1.91,0.87,0.15,0.33,14.1,0,0,0,8.2,8.2,0.16,-0.2,-0.2,Matches
Kasey McAteer,335,ieIRL,"FW,MF",Leicester City,23-153,2001,5.4,0,8,3,37.5,1.49,0.56,0.00,0.00,16.7,0,0,0,0.6,0.6,0.08,-0.6,-0.6,Matches
Keane Lewis-Potter,300,engENG,"DF,FW",Brentford,24-061,2001,30.2,1,27,14,51.9,0.90,0.46,0.04,0.07,20.5,1,0,0,2.6,2.6,0.09,-1.6,-1.6,Matches
Kenny Tete,500,nlNED,DF,Fulham,29-197,1995,15.0,0,21,2,9.5,1.40,0.13,0.00,0.00,16.3,0,0,0,1.2,1.2,0.06,-1.2,-1.2,Matches
Kepa Arrizabalaga,35,esESP,GK,Bournemouth,30-203,1994,26.0,0,1,0,0.0,0.04,0.00,0.00,N/a,9.7,0,0,0,0.1,0.1,0.06,-0.1,-0.1,Matches
Kevin Danso,121,atAUT,DF,Tottenham,26-217,1998,4.4,0,5,2,40.0,1.15,0.46,0.00,0.00,15.0,0,0,0,0.4,0.4,0.07,-0.4,-0.4,Matches
Kevin De Bruyne,125,beBEL,"MF,FW",Manchester City,33-300,1991,16.2,3,48,13,27.1,2.97,0.80,0.06,0.23,21.9,6,0,0,3.4,3.4,0.07,-0.4,-0.4,Matches
Kevin Schade,454,deGER,FW,Brentford,23-148,2001,21.5,7,45,19,42.2,2.10,0.89,0.16,0.37,11.9,0,0,0,6.2,6.2,0.14,+0.8,+0.8,Matches
Kieran Tierney,504,sctSCO,"DF,FW",Arsenal,27-323,1997,2.0,0,1,0,0.0,0.50,0.00,0.00,N/a,2.6,0,0,0,0.2,0.2,0.21,-0.2,-0.2,Matches
Kieran Trippier,516,engENG,DF,Newcastle Utd,34-217,1990,12.2,0,3,0,0.0,0.25,0.00,0.00,N/a,22.2,1,0,0,0.1,0.1,0.03,-0.1,-0.1,Matches
Kiernan Dewsbury-Hall,129,engENG,"MF,FW",Chelsea,26-230,1998,2.9,0,1,0,0.0,0.35,0.00,0.00,N/a,7.8,0,0,0,0.2,0.2,0.22,-0.2,-0.2,Matches
Kim Jisoo,258,krKOR,DF,Brentford,20-121,2004,0.3,0,0,0,N/a,0.00,0.00,N/a,N/a,N/a,0,0,0,0.0,0.0,N/a,0.0,0.0,Matches
Kobbie Mainoo,318,engENG,MF,Manchester Utd,20-005,2005,15.0,0,11,1,9.1,0.73,0.07,0.00,0.00,20.4,0,0,0,0.5,0.5,0.05,-0.5,-0.5,Matches
Konstantinos Mavropanos,331,grGRE,DF,West Ham,27-134,1997,20.6,0,17,5,29.4,0.83,0.24,0.00,0.00,15.0,0,0,0,1.5,1.5,0.09,-1.5,-1.5,Matches
Kosta Nedeljković,370,rsSRB,DF,Aston Villa,19-129,2005,1.4,0,0,0,N/a,0.00,0.00,N/a,N/a,N/a,0,0,0,0.0,0.0,N/a,0.0,0.0,Matches
Kostas Tsimikas,518,grGRE,DF,Liverpool,28-347,1996,7.4,0,4,2,50.0,0.54,0.27,0.00,0.00,16.1,0,0,0,0.4,0.4,0.10,-0.4,-0.4,Matches
Kristoffer Ajer,10,noNOR,DF,Brentford,27-007,1998,15.4,0,8,3,37.5,0.52,0.19,0.00,0.00,10.2,0,0,0,0.8,0.8,0.10,-0.8,-0.8,Matches
Kyle Walker,533,engENG,DF,Manchester City,34-331,1990,10.8,0,5,2,40.0,0.46,0.19,0.00,0.00,27.7,0,0,0,0.1,0.1,0.03,-0.1,-0.1,Matches
Kyle Walker-Peters,534,engENG,DF,Southampton,28-011,1997,30.4,0,19,5,26.3,0.62,0.16,0.00,0.00,18.6,0,0,0,0.7,0.7,0.04,-0.7,-0.7,Matches
Lamare Bogarde,61,nlNED,"DF,MF",Aston Villa,21-109,2004,5.3,0,1,1,100.0,0.19,0.19,0.00,0.00,20.2,0,0,0,0.0,0.0,0.04,0.0,0.0,Matches
Leandro Trossard,517,beBEL,FW,Arsenal,30-141,1994,25.2,8,66,20,30.3,2.62,0.80,0.12,0.40,16.0,0,0,0,6.6,6.6,0.10,+1.4,+1.4,Matches
Leif Davis,123,engENG,DF,Ipswich Town,25-102,2000,28.5,1,14,2,14.3,0.49,0.07,0.07,0.50,20.4,2,0,0,0.9,0.9,0.06,+0.1,+0.1,Matches
Leny Yoro,562,frFRA,DF,Manchester Utd,19-162,2005,10.9,0,5,1,20.0,0.46,0.09,0.00,0.00,8.6,0,0,0,0.7,0.7,0.15,-0.7,-0.7,Matches
Leon Bailey,43,jmJAM,"FW,MF",Aston Villa,27-258,1997,12.6,1,28,6,21.4,2.21,0.47,0.04,0.17,17.3,2,0,0,1.7,1.7,0.06,-0.7,-0.7,Matches
Lesley Ugochukwu,522,frFRA,MF,Southampton,21-029,2004,15.1,1,9,1,11.1,0.60,0.07,0.11,1.00,18.4,0,0,0,0.8,0.8,0.09,+0.2,+0.2,Matches
Levi Colwill,107,engENG,DF,Chelsea,22-057,2003,30.0,1,16,3,18.8,0.53,0.10,0.06,0.33,9.9,0,0,0,1.3,1.3,0.08,-0.3,-0.3,Matches
Lewis Cook,108,engENG,"MF,DF",Bournemouth,28-080,1997,30.1,1,14,4,28.6,0.47,0.13,0.07,0.25,23.4,1,0,0,0.9,0.9,0.07,+0.1,+0.1,Matches
Lewis Dunk,151,engENG,DF,Brighton,33-154,1991,21.1,0,10,2,20.0,0.47,0.09,0.00,0.00,13.4,1,0,0,0.7,0.7,0.07,-0.7,-0.7,Matches
Lewis Hall,222,engENG,DF,Newcastle Utd,20-228,2004,24.3,0,11,1,9.1,0.45,0.04,0.00,0.00,18.8,0,0,0,0.4,0.4,0.04,-0.4,-0.4,Matches
Lewis Miley,345,engENG,MF,Newcastle Utd,18-358,2006,2.5,1,3,2,66.7,1.20,0.80,0.33,0.50,14.6,0,0,0,0.5,0.5,0.18,+0.5,+0.5,Matches
Lewis Orford,394,engENG,MF,West Ham,19-065,2006,0.5,0,1,0,0.0,1.84,0.00,0.00,N/a,12.7,0,0,0,0.0,0.0,0.03,0.0,0.0,Matches
Liam Delap,126,engENG,FW,Ipswich Town,22-075,2003,26.2,12,59,27,45.8,2.26,1.03,0.17,0.37,15.8,0,2,2,9.0,7.4,0.13,+3.0,+2.6,Matches
Lisandro Martínez,327,arARG,DF,Manchester Utd,27-096,1998,19.5,2,17,6,35.3,0.87,0.31,0.12,0.33,15.9,0,0,0,1.3,1.3,0.08,+0.7,+0.7,Matches
Lloyd Kelly,275,engENG,DF,Newcastle Utd,26-200,1998,3.4,0,3,0,0.0,0.89,0.00,0.00,N/a,7.3,0,0,0,0.4,0.4,0.14,-0.4,-0.4,Matches
Lucas Bergvall,55,seSWE,MF,Tottenham,19-081,2006,12.5,0,12,2,16.7,0.96,0.16,0.00,0.00,19.9,0,0,0,0.7,0.7,0.06,-0.7,-0.7,Matches
Lucas Digne,134,frFRA,DF,Aston Villa,31-278,1993,24.9,0,13,3,23.1,0.52,0.12,0.00,0.00,22.7,5,0,0,0.8,0.8,0.06,-0.8,-0.8,Matches
Lucas Paquetá,402,brBRA,"MF,FW",West Ham,27-240,1997,24.1,4,37,3,8.1,1.54,0.12,0.05,0.67,19.4,4,2,2,5.2,3.6,0.10,-1.2,-1.6,Matches
Luis Díaz,132,coCOL,FW,Liverpool,28-101,1997,23.9,11,64,26,40.6,2.68,1.09,0.17,0.42,13.7,0,0,0,9.2,9.2,0.14,+1.8,+1.8,Matches
Luis Guilherme,215,brBRA,"MF,FW",West Ham,19-074,2006,1.5,0,3,1,33.3,1.96,0.65,0.00,0.00,14.9,0,0,0,0.3,0.3,0.10,-0.3,-0.3,Matches
Luis Sinisterra,469,coCOL,"FW,MF",Bournemouth,25-311,1999,2.6,1,13,6,46.2,4.96,2.29,0.08,0.17,14.8,0,0,0,1.2,1.2,0.09,-0.2,-0.2,Matches
Luke Shaw,463,engENG,DF,Manchester Utd,29-286,1995,0.9,0,0,0,N/a,0.00,0.00,N/a,N/a,N/a,0,0,0,0.0,0.0,N/a,0.0,0.0,Matches
Luke Thomas,502,engENG,DF,Leicester City,23-318,2001,7.7,0,3,0,0.0,0.39,0.00,0.00,N/a,18.7,0,0,0,0.1,0.1,0.04,-0.1,-0.1,Matches
Luke Woolfenden,559,engENG,DF,Ipswich Town,26-185,1998,11.2,0,1,0,0.0,0.09,0.00,0.00,N/a,12.9,0,0,0,0.0,0.0,0.03,0.0,0.0,Matches
Mads Hermansen,233,dkDEN,GK,Leicester City,24-287,2000,25.5,0,0,0,N/a,0.00,0.00,N/a,N/a,N/a,0,0,0,0.0,0.0,N/a,0.0,0.0,Matches
Mads Roerslev,437,dkDEN,DF,Brentford,25-304,1999,12.2,0,5,2,40.0,0.41,0.16,0.00,0.00,20.8,0,0,0,0.2,0.2,0.04,-0.2,-0.2,Matches
Malo Gusto,219,frFRA,DF,Chelsea,21-340,2003,20.2,0,22,4,18.2,1.09,0.20,0.00,0.00,21.3,0,0,0,1.7,1.7,0.08,-1.7,-1.7,Matches
Manuel Akanji,11,chSUI,DF,Manchester City,29-279,1995,19.0,0,10,1,10.0,0.53,0.05,0.00,0.00,16.3,0,0,0,0.7,0.7,0.07,-0.7,-0.7,Matches
Manuel Ugarte Ribeiro,521,uyURU,MF,Manchester Utd,24-013,2001,17.7,1,16,3,18.8,0.91,0.17,0.06,0.33,22.0,0,0,0,0.8,0.8,0.05,+0.2,+0.2,Matches
Marc Cucurella,113,esESP,DF,Chelsea,26-276,1998,28.2,4,19,7,36.8,0.67,0.25,0.21,0.57,16.6,0,0,0,2.2,2.2,0.12,+1.8,+1.8,Matches
Marc Guiu,217,esESP,FW,Chelsea,19-110,2006,0.8,0,0,0,N/a,0.00,0.00,N/a,N/a,N/a,0,0,0,0.0,0.0,N/a,0.0,0.0,Matches
Marc Guéhi,214,engENG,DF,Crystal Palace,24-285,2000,32.0,3,14,7,50.0,0.44,0.22,0.21,0.43,10.3,0,0,0,1.9,1.9,0.13,+1.1,+1.1,Matches
Marco Asensio,36,esESP,"MF,FW",Aston Villa,29-093,1996,5.3,3,17,8,47.1,3.18,1.50,0.18,0.38,18.9,1,0,2,4.2,2.6,0.15,-1.2,+0.4,Matches
Marcos Senesi,461,arARG,DF,Bournemouth,27-349,1997,11.2,0,2,0,0.0,0.18,0.00,0.00,N/a,6.0,0,0,0,0.8,0.8,0.40,-0.8,-0.8,Matches
Marcus Harness,224,engENG,MF,Ipswich Town,29-059,1996,0.5,0,0,0,N/a,0.00,0.00,N/a,N/a,N/a,0,0,0,0.0,0.0,N/a,0.0,0.0,Matches
Marcus Rashford,420,engENG,"FW,MF",Manchester Utd,27-175,1997,10.9,4,16,9,56.3,1.47,0.83,0.25,0.44,16.4,0,0,0,1.7,1.7,0.11,+2.3,+2.3,Matches
Marcus Tavernier,496,engENG,"FW,MF",Bournemouth,26-033,1999,17.3,3,48,15,31.3,2.77,0.86,0.06,0.20,20.5,4,0,0,5.2,5.2,0.11,-2.2,-2.2,Matches
Mario Lemina,296,gaGAB,"MF,DF",Wolves,31-235,1993,15.2,1,18,5,27.8,1.19,0.33,0.06,0.20,21.9,0,0,0,1.4,1.4,0.08,-0.4,-0.4,Matches
Mark Flekken,181,nlNED,GK,Brentford,31-315,1993,31.4,0,0,0,N/a,0.00,0.00,N/a,N/a,N/a,0,0,0,0.0,0.0,N/a,0.0,0.0,Matches
Mark Travers,514,ieIRL,GK,Bournemouth,25-341,1999,5.0,0,0,0,N/a,0.00,0.00,N/a,N/a,N/a,0,0,0,0.0,0.0,N/a,0.0,0.0,Matches
Marshall Munetsi,361,zwZIM,"MF,FW",Wolves,28-306,1996,7.8,1,15,5,33.3,1.93,0.64,0.07,0.20,14.8,0,0,0,3.0,3.0,0.20,-2.0,-2.0,Matches
Martial Godo,199,engENG,FW,Fulham,22-041,2003,0.2,0,0,0,N/a,0.00,0.00,N/a,N/a,N/a,0,0,0,0.0,0.0,N/a,0.0,0.0,Matches
Martin Dúbravka,150,skSVK,GK,Newcastle Utd,36-099,1989,10.0,0,0,0,N/a,0.00,0.00,N/a,N/a,N/a,0,0,0,0.0,0.0,N/a,0.0,0.0,Matches
Martin Ødegaard,567,noNOR,MF,Arsenal,26-128,1998,22.7,2,41,13,31.7,1.81,0.57,0.02,0.08,18.7,2,1,1,4.4,3.7,0.09,-2.4,-2.7,Matches
Mason Holgate,238,engENG,"FW,DF",Everton,28-184,1996,0.1,0,0,0,N/a,0.00,0.00,N/a,N/a,N/a,0,0,0,0.0,0.0,N/a,0.0,0.0,Matches
Mason Mount,358,engENG,"MF,FW",Manchester Utd,26-104,1999,3.9,0,8,3,37.5,2.07,0.78,0.00,0.00,15.9,0,0,0,1.2,1.2,0.15,-1.2,-1.2,Matches
Massimo Luongo,310,auAUS,MF,Ipswich Town,32-211,1992,2.1,0,0,0,N/a,0.00,0.00,N/a,N/a,N/a,0,0,0,0.0,0.0,N/a,0.0,0.0,Matches
Mateo Kovačić,286,hrCRO,MF,Manchester City,30-353,1994,21.8,6,38,12,31.6,1.74,0.55,0.16,0.50,22.2,0,0,0,1.7,1.7,0.04,+4.3,+4.3,Matches
Mateus Fernandes,179,ptPOR,MF,Southampton,20-288,2004,27.8,2,37,14,37.8,1.33,0.50,0.05,0.14,18.6,3,0,0,3.7,3.7,0.10,-1.7,-1.7,Matches
Matheus Cunha,115,brBRA,"MF,FW",Wolves,25-332,1999,25.0,14,89,37,41.6,3.56,1.48,0.16,0.38,20.7,11,0,0,7.3,7.3,0.08,+6.7,+6.7,Matches
Matheus França,186,brBRA,"FW,MF",Crystal Palace,21-023,2004,0.3,1,3,2,66.7,10.38,6.92,0.33,0.50,12.8,0,0,0,0.1,0.1,0.04,+0.9,+0.9,Matches
Matheus Nunes,378,ptPOR,"DF,MF",Manchester City,26-240,1998,15.6,1,7,3,42.9,0.45,0.19,0.14,0.33,18.3,0,0,0,0.9,0.9,0.13,+0.1,+0.1,Matches
Mathias Jensen,255,dkDEN,MF,Brentford,29-113,1996,8.6,0,6,1,16.7,0.70,0.12,0.00,0.00,23.1,0,0,0,0.2,0.2,0.04,-0.2,-0.2,Matches
Mathis Amougou,22,frFRA,MF,Chelsea,19-096,2006,0.1,0,0,0,N/a,0.00,0.00,N/a,N/a,N/a,0,0,0,0.0,0.0,N/a,0.0,0.0,Matches
Mathys Tel,499,frFRA,FW,Tottenham,19-362,2005,5.5,2,17,6,35.3,3.11,1.10,0.06,0.17,15.8,0,1,1,2.1,1.3,0.08,-0.1,-0.3,Matches
Mats Wieffer,548,nlNED,"MF,DF",Brighton,25-159,1999,6.7,1,6,2,33.3,0.90,0.30,0.17,0.50,12.7,0,0,0,0.5,0.5,0.09,+0.5,+0.5,Matches
Matt Doherty,140,ieIRL,DF,Wolves,33-098,1992,20.2,2,10,3,30.0,0.50,0.15,0.20,0.67,11.4,0,0,0,1.0,1.0,0.10,+1.0,+1.0,Matches
Matt O'Riley,383,dkDEN,MF,Brighton,24-154,2000,7.5,1,19,5,26.3,2.53,0.66,0.05,0.20,16.7,2,0,0,1.9,1.9,0.10,-0.9,-0.9,Matches
Matt Targett,494,engENG,DF,Newcastle Utd,29-218,1995,0.2,0,0,0,N/a,0.00,0.00,N/a,N/a,N/a,0,0,0,0.0,0.0,N/a,0.0,0.0,Matches
Matthijs de Ligt,302,nlNED,DF,Manchester Utd,25-255,1999,23.2,2,18,9,50.0,0.78,0.39,0.11,0.22,7.9,0,0,0,2.5,2.5,0.14,-0.5,-0.5,Matches
Matty Cash,88,plPOL,DF,Aston Villa,27-260,1997,19.0,1,10,4,40.0,0.53,0.21,0.10,0.25,19.0,0,0,0,0.3,0.3,0.03,+0.7,+0.7,Matches
Matz Sels,458,beBEL,GK,Nott'ham Forest,33-057,1992,33.0,0,0,0,N/a,0.00,0.00,N/a,N/a,N/a,0,0,0,0.0,0.0,N/a,0.0,0.0,Matches
Max Aarons,1,engENG,DF,Bournemouth,25-110,2000,1.0,0,0,0,N/a,0.00,0.00,N/a,N/a,N/a,0,0,0,0.0,0.0,N/a,0.0,0.0,Matches
Max Kilman,279,engENG,DF,West Ham,27-336,1997,32.2,0,11,2,18.2,0.34,0.06,0.00,0.00,8.4,0,0,0,1.4,1.4,0.13,-1.4,-1.4,Matches
Maxence Lacroix,291,frFRA,DF,Crystal Palace,25-018,2000,30.6,1,25,5,20.0,0.82,0.16,0.04,0.20,11.8,0,0,0,2.8,2.8,0.11,-1.8,-1.8,Matches
Maxwel Cornet,109,ciCIV,FW,Southampton,28-209,1996,0.8,0,1,0,0.0,1.25,0.00,0.00,N/a,18.8,0,0,0,0.2,0.2,0.16,-0.2,-0.2,Matches
Michael Kayode,272,itITA,DF,Brentford,20-288,2004,1.4,0,0,0,N/a,0.00,0.00,N/a,N/a,N/a,0,0,0,0.0,0.0,N/a,0.0,0.0,Matches
Michael Keane,273,engENG,DF,Everton,32-103,1993,9.5,2,8,3,37.5,0.85,0.32,0.25,0.67,14.8,0,0,0,0.4,0.4,0.05,+1.6,+1.6,Matches
Michail Antonio,27,jmJAM,FW,West Ham,35-027,1990,9.3,1,19,4,21.1,2.05,0.43,0.05,0.25,12.6,0,0,0,2.2,2.2,0.12,-1.2,-1.2,Matches
Micky van de Ven,528,nlNED,DF,Tottenham,24-005,2001,10.6,0,6,2,33.3,0.57,0.19,0.00,0.00,11.1,0,0,0,0.6,0.6,0.09,-0.6,-0.6,Matches
Miguel Almirón,17,pyPAR,FW,Newcastle Utd,31-073,1994,1.7,0,6,2,33.3,3.44,1.15,0.00,0.00,14.2,0,0,0,0.5,0.5,0.09,-0.5,-0.5,Matches
Mikel Merino,342,esESP,"MF,FW",Arsenal,28-306,1996,15.6,6,32,12,37.5,2.06,0.77,0.19,0.50,10.5,0,0,0,4.4,4.4,0.14,+1.6,+1.6,Matches
Mikey Moore,353,engENG,"FW,MF",Tottenham,17-256,2007,2.1,0,3,0,0.0,1.46,0.00,0.00,N/a,19.5,0,0,0,0.2,0.2,0.07,-0.2,-0.2,Matches
Mikkel Damsgaard,118,dkDEN,"MF,FW",Brentford,24-295,2000,27.7,2,31,7,22.6,1.12,0.25,0.06,0.29,17.1,3,0,0,2.6,2.6,0.08,-0.6,-0.6,Matches
Milos Kerkez,276,huHUN,DF,Bournemouth,21-168,2003,32.2,2,17,5,29.4,0.53,0.16,0.12,0.40,20.4,0,0,0,0.5,0.5,0.03,+1.5,+1.5,Matches
Mohamed Salah,443,egEGY,FW,Liverpool,32-313,1992,32.5,27,107,46,43.0,3.30,1.42,0.17,0.39,14.7,1,9,9,23.7,16.7,0.16,+3.3,+1.3,Matches
Mohammed Kudus,289,ghGHA,"FW,MF",West Ham,24-265,2000,24.9,3,65,19,29.2,2.61,0.76,0.05,0.16,15.6,0,0,0,6.2,6.2,0.10,-3.2,-3.2,Matches
Moisés Caicedo,79,ecECU,MF,Chelsea,23-173,2001,32.2,1,17,3,17.6,0.53,0.09,0.06,0.33,25.0,0,0,0,0.7,0.7,0.04,+0.3,+0.3,Matches
Morato,354,brBRA,DF,Nott'ham Forest,23-298,2001,8.9,0,2,1,50.0,0.23,0.11,0.00,0.00,8.6,0,0,0,0.2,0.2,0.09,-0.2,-0.2,Matches
Morgan Gibbs-White,196,engENG,MF,Nott'ham Forest,25-087,2000,26.4,5,52,18,34.6,1.97,0.68,0.10,0.28,17.0,3,0,0,4.6,4.6,0.09,+0.4,+0.4,Matches
Morgan Rogers,438,engENG,"FW,MF",Aston Villa,22-272,2002,30.7,8,52,19,36.5,1.69,0.62,0.15,0.42,15.8,0,0,0,6.1,6.1,0.12,+1.9,+1.9,Matches
Murillo,365,brBRA,DF,Nott'ham Forest,22-294,2002,31.5,1,20,4,20.0,0.63,0.13,0.05,0.25,24.3,3,0,0,1.2,1.2,0.06,-0.2,-0.2,Matches
Mykhailo Mudryk,360,uaUKR,FW,Chelsea,24-109,2001,1.7,0,1,1,100.0,0.60,0.60,0.00,0.00,11.6,0,0,0,0.3,0.3,0.25,-0.3,-0.3,Matches
Myles Lewis-Skelly,301,engENG,DF,Arsenal,18-210,2006,12.0,1,2,1,50.0,0.17,0.08,0.50,1.00,14.3,0,0,0,0.1,0.1,0.06,+0.9,+0.9,Matches
Nasser Djiga,139,bfBFA,"DF,FW",Wolves,22-160,2002,0.2,0,0,0,N/a,0.00,0.00,N/a,N/a,N/a,0,0,0,0.0,0.0,N/a,0.0,0.0,Matches
Nathan Aké,12,nlNED,DF,Manchester City,30-065,1995,7.5,0,3,0,0.0,0.40,0.00,0.00,N/a,10.0,0,0,0,0.2,0.2,0.07,-0.2,-0.2,Matches
Nathan Broadhead,69,wlsWAL,"MF,FW",Ipswich Town,27-019,1998,6.7,1,10,6,60.0,1.49,0.89,0.10,0.17,15.4,0,0,0,1.5,1.5,0.15,-0.5,-0.5,Matches
Nathan Butler-Oyedeji,78,engENG,FW,Arsenal,22-110,2003,0.1,0,1,1,100.0,12.86,12.86,0.00,0.00,15.6,0,0,0,0.1,0.1,0.07,-0.1,-0.1,Matches
Nathan Collins,105,ieIRL,DF,Brentford,23-359,2001,33.0,2,16,6,37.5,0.48,0.18,0.13,0.33,10.8,0,0,0,2.5,2.5,0.15,-0.5,-0.5,Matches
Nathan Patterson,404,sctSCO,"DF,FW",Everton,23-190,2001,2.3,0,1,0,0.0,0.44,0.00,0.00,N/a,16.8,0,0,0,0.1,0.1,0.07,-0.1,-0.1,Matches
Nathan Wood-Gordon,558,engENG,DF,Southampton,22-328,2002,6.9,0,2,0,0.0,0.29,0.00,0.00,N/a,5.9,0,0,0,0.2,0.2,0.12,-0.2,-0.2,Matches
Nathaniel Clyne,102,engENG,"DF,MF",Crystal Palace,34-019,1991,5.4,0,2,0,0.0,0.37,0.00,0.00,N/a,31.4,0,0,0,0.0,0.0,0.01,0.0,0.0,Matches
Neco Williams,549,wlsWAL,DF,Nott'ham Forest,24-011,2001,23.8,1,32,6,18.8,1.34,0.25,0.03,0.17,19.7,1,0,0,2.2,2.2,0.07,-1.2,-1.2,Matches
Neto,373,brBRA,GK,Bournemouth,35-279,1989,2.0,0,0,0,N/a,0.00,0.00,N/a,N/a,N/a,0,0,0,0.0,0.0,N/a,0.0,0.0,Matches
Nick Pope,414,engENG,GK,Newcastle Utd,33-005,1992,23.0,0,0,0,N/a,0.00,0.00,N/a,N/a,N/a,0,0,0,0.0,0.0,N/a,0.0,0.0,Matches
Niclas Füllkrug,189,deGER,FW,West Ham,32-074,1993,6.0,3,13,5,38.5,2.15,0.83,0.23,0.60,10.4,0,0,0,1.9,1.9,0.15,+1.1,+1.1,Matches
Nico O’Reilly,398,engENG,DF,Manchester City,20-034,2005,5.1,2,6,2,33.3,1.18,0.39,0.33,1.00,16.3,0,0,0,1.2,1.2,0.19,+0.8,+0.8,Matches
Nicolas Jackson,250,snSEN,FW,Chelsea,23-308,2001,22.5,9,73,31,42.5,3.24,1.38,0.12,0.29,12.6,0,0,0,12.1,12.1,0.17,-3.1,-3.1,Matches
Nicolás Domínguez,142,arARG,"MF,FW",Nott'ham Forest,26-300,1998,18.0,0,18,7,38.9,1.00,0.39,0.00,0.00,19.0,0,0,0,1.4,1.4,0.08,-1.4,-1.4,Matches
Nicolás González,205,esESP,MF,Manchester City,23-111,2002,7.2,0,7,0,0.0,0.97,0.00,0.00,N/a,19.3,0,0,0,0.3,0.3,0.04,-0.3,-0.3,Matches
Nikola Milenković,344,rsSRB,DF,Nott'ham Forest,27-194,1997,32.0,4,26,7,26.9,0.81,0.22,0.15,0.57,12.1,0,0,0,3.6,3.6,0.14,+0.4,+0.4,Matches
Noni Madueke,314,engENG,FW,Chelsea,23-045,2002,18.3,7,69,26,37.7,3.77,1.42,0.10,0.27,14.6,0,0,0,7.9,7.9,0.11,-0.9,-0.9,Matches
Noussair Mazraoui,332,maMAR,DF,Manchester Utd,27-161,1997,28.5,0,12,3,25.0,0.42,0.11,0.00,0.00,20.8,0,0,0,0.6,0.6,0.05,-0.6,-0.6,Matches
Nélson Semedo,459,ptPOR,DF,Wolves,31-159,1993,27.6,0,15,6,40.0,0.54,0.22,0.00,0.00,24.2,0,0,0,0.8,0.8,0.05,-0.8,-0.8,Matches
Odsonne Édouard,155,frFRA,"MF,FW",Crystal Palace,27-098,1998,1.3,0,5,1,20.0,3.91,0.78,0.00,0.00,20.9,0,0,0,0.4,0.4,0.08,-0.4,-0.4,Matches
Ola Aina,8,ngNGA,DF,Nott'ham Forest,28-198,1996,28.5,2,9,2,22.2,0.32,0.07,0.22,1.00,24.8,0,0,0,0.6,0.6,0.07,+1.4,+1.4,Matches
Oleksandr Zinchenko,565,uaUKR,"DF,MF",Arsenal,28-130,1996,5.0,0,6,0,0.0,1.20,0.00,0.00,N/a,18.0,1,0,0,0.3,0.3,0.05,-0.3,-0.3,Matches
Oliver Scarles,452,engENG,DF,West Ham,19-133,2005,6.6,0,3,0,0.0,0.45,0.00,0.00,N/a,20.2,0,0,0,0.1,0.1,0.04,-0.1,-0.1,Matches
Oliver Skipp,470,engENG,MF,Leicester City,24-220,2000,9.6,0,3,1,33.3,0.31,0.10,0.00,0.00,20.2,0,0,0,0.1,0.1,0.04,-0.1,-0.1,Matches
Ollie Watkins,541,engENG,FW,Aston Villa,29-115,1995,25.1,15,76,32,42.1,3.02,1.27,0.17,0.41,12.2,0,2,2,14.5,13.0,0.17,+0.5,0.0,Matches
Omar Marmoush,324,egEGY,"FW,MF",Manchester City,26-076,1999,10.2,6,36,16,44.4,3.54,1.57,0.17,0.38,18.1,5,0,0,4.7,4.7,0.13,+1.3,+1.3,Matches
Omari Hutchinson,242,engENG,"MF,FW",Ipswich Town,21-176,2003,24.7,3,36,16,44.4,1.46,0.65,0.08,0.19,20.8,4,0,0,2.3,2.3,0.06,+0.7,+0.7,Matches
Orel Mangala,321,beBEL,MF,Everton,27-037,1998,14.0,1,16,6,37.5,1.14,0.43,0.06,0.17,22.1,0,0,0,1.1,1.1,0.07,-0.1,-0.1,Matches
Oscar Bobb,60,noNOR,FW,Manchester City,21-286,2003,0.2,0,0,0,N/a,0.00,0.00,N/a,N/a,N/a,0,0,0,0.0,0.0,N/a,0.0,0.0,Matches
Pablo Sarabia,448,esESP,"MF,FW",Wolves,32-348,1992,7.5,3,16,8,50.0,2.13,1.07,0.19,0.38,19.2,2,0,0,2.8,2.8,0.17,+0.2,+0.2,Matches
Pape Matar Sarr,328,snSEN,MF,Tottenham,22-222,2002,17.7,3,30,12,40.0,1.70,0.68,0.10,0.25,21.4,0,0,0,3.3,3.3,0.11,-0.3,-0.3,Matches
Patrick Dorgu,143,dkDEN,DF,Manchester Utd,20-180,2004,5.5,0,9,2,22.2,1.63,0.36,0.00,0.00,16.2,0,0,0,0.4,0.4,0.04,-0.4,-0.4,Matches
Patson Daka,116,zmZAM,"FW,MF",Leicester City,26-197,1998,7.2,1,15,4,26.7,2.09,0.56,0.07,0.25,14.8,0,0,0,1.3,1.3,0.08,-0.3,-0.3,Matches
Pau Torres,510,esESP,DF,Aston Villa,28-098,1997,19.2,0,8,2,25.0,0.42,0.10,0.00,0.00,11.7,0,0,0,0.5,0.5,0.06,-0.5,-0.5,Matches
Paul Onuachu,392,ngNGA,FW,Southampton,30-331,1994,10.9,4,32,14,43.8,2.93,1.28,0.13,0.29,10.4,0,0,0,3.3,3.3,0.10,+0.7,+0.7,Matches
Pedro Lima,303,brBRA,DF,Wolves,18-297,2006,0.8,0,1,1,100.0,1.29,1.29,0.00,0.00,22.5,0,0,0,0.1,0.1,0.06,-0.1,-0.1,Matches
Pedro Neto,374,ptPOR,FW,Chelsea,25-046,2000,20.4,4,51,16,31.4,2.50,0.79,0.08,0.25,18.9,0,0,0,2.8,2.8,0.05,+1.2,+1.2,Matches
Pedro Porro,415,esESP,DF,Tottenham,25-223,1999,27.4,2,37,8,21.6,1.35,0.29,0.05,0.25,23.1,3,0,0,1.5,1.5,0.04,+0.5,+0.5,Matches
Pervis Estupiñán,167,ecECU,DF,Brighton,27-093,1998,22.7,1,18,5,27.8,0.79,0.22,0.06,0.20,25.3,3,0,0,0.7,0.7,0.04,+0.3,+0.3,Matches
Phil Foden,182,engENG,"MF,FW",Manchester City,24-331,2000,18.7,7,52,16,30.8,2.78,0.85,0.13,0.44,18.5,2,0,0,5.1,5.1,0.10,+1.9,+1.9,Matches
Philip Billing,58,dkDEN,MF,Bournemouth,28-317,1996,2.0,0,5,1,20.0,2.45,0.49,0.00,0.00,17.9,0,0,0,0.6,0.6,0.11,-0.6,-0.6,Matches
Radu Drăgușin,149,roROU,DF,Tottenham,23-080,2002,13.9,0,5,1,20.0,0.36,0.07,0.00,0.00,12.7,0,0,0,0.1,0.1,0.02,-0.1,-0.1,Matches
Raheem Sterling,484,engENG,"FW,MF",Arsenal,30-137,1994,4.8,0,10,0,0.0,2.08,0.00,0.00,N/a,15.0,2,0,0,1.3,1.3,0.13,-1.3,-1.3,Matches
Ramón Sosa,477,pyPAR,"FW,MF",Nott'ham Forest,25-236,1999,2.9,1,10,5,50.0,3.41,1.70,0.10,0.20,18.9,0,0,0,0.9,0.9,0.09,+0.1,+0.1,Matches
Rasmus Højlund,243,dkDEN,FW,Manchester Utd,22-079,2003,18.4,3,24,9,37.5,1.31,0.49,0.13,0.33,13.1,0,0,0,3.4,3.4,0.14,-0.4,-0.4,Matches
Rayan Aït-Nouri,9,dzALG,DF,Wolves,23-322,2001,30.0,4,29,8,27.6,0.97,0.27,0.14,0.50,15.2,0,0,0,2.3,2.3,0.08,+1.7,+1.7,Matches
Raúl Jiménez,257,mxMEX,FW,Fulham,33-354,1991,22.7,10,76,26,34.2,3.35,1.14,0.09,0.27,14.7,0,3,3,10.4,8.1,0.11,-0.4,-1.1,Matches
Reece James,251,engENG,"DF,MF",Chelsea,25-137,1999,9.0,1,8,3,37.5,0.89,0.33,0.13,0.33,23.2,2,0,0,0.3,0.3,0.03,+0.7,+0.7,Matches
Reiss Nelson,371,engENG,FW,Arsenal,25-135,1999,0.0,0,0,0,N/a,0.00,0.00,N/a,N/a,N/a,0,0,0,0.0,0.0,N/a,0.0,0.0,Matches
Remy Rees-Dottin,424,engENG,FW,Bournemouth,19-049,2006,0.0,0,0,0,N/a,0.00,0.00,N/a,N/a,N/a,0,0,0,0.0,0.0,N/a,0.0,0.0,Matches
Renato Veiga,526,ptPOR,"DF,MF",Chelsea,21-269,2003,2.0,0,3,1,33.3,1.49,0.50,0.00,0.00,17.1,0,0,0,0.1,0.1,0.05,-0.1,-0.1,Matches
Ricardo Pereira,406,ptPOR,DF,Leicester City,31-200,1993,3.3,0,2,1,50.0,0.61,0.30,0.00,0.00,17.0,0,0,0,0.1,0.1,0.05,-0.1,-0.1,Matches
Riccardo Calafiori,82,itITA,DF,Arsenal,22-340,2002,10.3,2,10,6,60.0,0.97,0.58,0.20,0.33,14.1,0,0,0,0.9,0.9,0.09,+1.1,+1.1,Matches
Richarlison,431,brBRA,FW,Tottenham,27-349,1997,4.3,4,15,7,46.7,3.51,1.64,0.27,0.57,8.4,0,0,0,3.6,3.6,0.24,+0.4,+0.4,Matches
Rico Henry,232,engENG,DF,Brentford,27-290,1997,0.2,0,0,0,N/a,0.00,0.00,N/a,N/a,N/a,0,0,0,0.0,0.0,N/a,0.0,0.0,Matches
Rico Lewis,299,engENG,"DF,MF",Manchester City,20-154,2004,20.1,1,10,2,20.0,0.50,0.10,0.10,0.50,15.8,0,0,0,1.4,1.4,0.14,-0.4,-0.4,Matches
Robert Sánchez,445,esESP,GK,Chelsea,27-157,1997,27.0,0,0,0,N/a,0.00,0.00,N/a,N/a,N/a,0,0,0,0.0,0.0,N/a,0.0,0.0,Matches
Robin Olsen,389,seSWE,GK,Aston Villa,35-106,1990,2.0,0,0,0,N/a,0.00,0.00,N/a,N/a,N/a,0,0,0,0.0,0.0,N/a,0.0,0.0,Matches
Rodri,435,esESP,MF,Manchester City,28-306,1996,0.7,0,0,0,N/a,0.00,0.00,N/a,N/a,N/a,0,0,0,0.0,0.0,N/a,0.0,0.0,Matches
Rodrigo Bentancur,52,uyURU,MF,Tottenham,27-303,1997,16.9,2,22,5,22.7,1.30,0.30,0.09,0.40,17.4,0,0,0,1.3,1.3,0.06,+0.7,+0.7,Matches
Rodrigo Gomes,201,ptPOR,"DF,FW",Wolves,21-291,2003,7.0,1,4,2,50.0,0.57,0.28,0.25,0.50,15.9,0,0,0,0.4,0.4,0.09,+0.6,+0.6,Matches
Rodrigo Muniz,362,brBRA,FW,Fulham,23-355,2001,10.7,8,39,19,48.7,3.64,1.77,0.21,0.42,12.0,0,0,0,5.8,5.8,0.15,+2.2,+2.2,Matches
Romain Esse,166,engENG,MF,Crystal Palace,19-346,2005,0.4,1,1,1,100.0,2.65,2.65,1.00,1.00,2.8,0,0,0,0.3,0.3,0.32,+0.7,+0.7,Matches
Roman Dixon,138,engENG,DF,Everton,20-119,2004,1.0,0,0,0,N/a,0.00,0.00,N/a,N/a,N/a,0,0,0,0.0,0.0,N/a,0.0,0.0,Matches
Roméo Lavia,295,beBEL,MF,Chelsea,21-108,2004,6.0,0,1,0,0.0,0.17,0.00,0.00,N/a,16.0,0,0,0,0.2,0.2,0.18,-0.2,-0.2,Matches
Ronnie Edwards,158,engENG,DF,Southampton,22-027,2003,0.1,0,0,0,N/a,0.00,0.00,N/a,N/a,N/a,0,0,0,0.0,0.0,N/a,0.0,0.0,Matches
Ross Barkley,45,engENG,MF,Aston Villa,31-140,1993,6.3,3,15,5,33.3,2.40,0.80,0.20,0.60,14.0,0,0,0,1.7,1.7,0.11,+1.3,+1.3,Matches
Ross Stewart,485,sctSCO,"FW,MF",Southampton,28-287,1996,2.0,0,2,0,0.0,1.02,0.00,0.00,N/a,12.5,0,0,0,0.1,0.1,0.06,-0.1,-0.1,Matches
Ryan Christie,99,sctSCO,MF,Bournemouth,30-061,1995,23.5,2,33,12,36.4,1.40,0.51,0.06,0.17,19.6,0,0,0,1.8,1.8,0.06,+0.2,+0.2,Matches
Ryan Fraser,187,sctSCO,"FW,DF",Southampton,31-059,1994,3.4,0,1,1,100.0,0.29,0.29,0.00,0.00,31.6,0,0,0,0.0,0.0,0.03,0.0,0.0,Matches
Ryan Gravenberch,207,nlNED,MF,Liverpool,22-343,2002,31.5,0,17,4,23.5,0.54,0.13,0.00,0.00,24.2,0,0,0,1.0,1.0,0.06,-1.0,-1.0,Matches
Ryan Manning,322,ieIRL,"DF,MF",Southampton,28-314,1996,14.2,0,7,1,14.3,0.49,0.07,0.00,0.00,20.8,1,0,0,0.3,0.3,0.05,-0.3,-0.3,Matches
Ryan Sessegnon,462,engENG,"FW,DF",Fulham,24-341,2000,3.6,3,10,6,60.0,2.78,1.67,0.30,0.50,12.7,0,0,0,1.2,1.2,0.13,+1.8,+1.8,Matches
Ryan Trevitt,515,engENG,MF,Brentford,22-043,2003,0.0,0,0,0,N/a,0.00,0.00,N/a,N/a,N/a,0,0,0,0.0,0.0,N/a,0.0,0.0,Matches
Ryan Yates,561,engENG,MF,Nott'ham Forest,27-154,1997,19.7,2,31,9,29.0,1.57,0.46,0.06,0.22,18.9,0,0,0,2.3,2.3,0.07,-0.3,-0.3,Matches
Rúben Dias,131,ptPOR,DF,Manchester City,27-345,1997,21.2,0,17,5,29.4,0.80,0.24,0.00,0.00,18.4,0,0,0,1.4,1.4,0.08,-1.4,-1.4,Matches
Sam Johnstone,263,engENG,GK,Wolves,32-030,1993,7.0,0,0,0,N/a,0.00,0.00,N/a,N/a,N/a,0,0,0,0.0,0.0,N/a,0.0,0.0,Matches
Sam Morsy,356,egEGY,MF,Ipswich Town,33-226,1991,25.9,1,9,2,22.2,0.35,0.08,0.11,0.50,26.3,0,0,0,0.3,0.3,0.04,+0.7,+0.7,Matches
Sammie Szmodics,492,ieIRL,"FW,MF",Ipswich Town,29-212,1995,10.9,4,21,12,57.1,1.93,1.10,0.19,0.33,14.0,0,0,0,3.4,3.4,0.16,+0.6,+0.6,Matches
Samuel Amo-Ameyaw,21,engENG,"FW,DF",Southampton,18-280,2006,0.3,0,1,0,0.0,3.21,0.00,0.00,N/a,20.7,0,0,0,0.0,0.0,0.02,0.0,0.0,Matches
Samuel Edozie,157,engENG,"DF,FW",Southampton,22-086,2003,0.7,0,0,0,N/a,0.00,0.00,N/a,N/a,N/a,0,0,0,0.0,0.0,N/a,0.0,0.0,Matches
Sander Berge,54,noNOR,MF,Fulham,27-069,1998,21.9,0,2,0,0.0,0.09,0.00,0.00,N/a,7.6,0,0,0,0.2,0.2,0.08,-0.2,-0.2,Matches
Sandro Tonali,509,itITA,MF,Newcastle Utd,24-351,2000,24.2,3,29,10,34.5,1.20,0.41,0.10,0.30,19.4,2,0,0,3.5,3.5,0.12,-0.5,-0.5,Matches
Santiago Bueno,73,uyURU,DF,Wolves,26-166,1998,18.6,0,6,3,50.0,0.32,0.16,0.00,0.00,14.0,0,0,0,0.4,0.4,0.07,-0.4,-0.4,Matches
Saša Lukić,308,rsSRB,MF,Fulham,28-254,1996,22.6,0,14,2,14.3,0.62,0.09,0.00,0.00,21.0,0,0,0,0.9,0.9,0.07,-0.9,-0.9,Matches
Scott McTominay,339,sctSCO,MF,Manchester Utd,28-137,1996,0.2,0,1,0,0.0,4.74,0.00,0.00,N/a,10.7,0,0,0,0.1,0.1,0.07,-0.1,-0.1,Matches
Sean Longstaff,307,engENG,MF,Newcastle Utd,27-176,1997,8.9,0,6,1,16.7,0.68,0.11,0.00,0.00,13.5,0,0,0,0.6,0.6,0.10,-0.6,-0.6,Matches
Sepp van den Berg,127,nlNED,DF,Brentford,23-125,2001,23.7,0,14,4,28.6,0.59,0.17,0.00,0.00,10.9,0,0,0,1.4,1.4,0.10,-1.4,-1.4,Matches
Sergio Reguilón,425,esESP,DF,Tottenham,28-129,1996,1.4,0,1,0,0.0,0.73,0.00,0.00,N/a,5.4,0,0,0,0.1,0.1,0.07,-0.1,-0.1,Matches
Shumaira Mheuka,343,engENG,MF,Chelsea,17-186,2007,0.0,0,1,1,100.0,90.00,90.00,0.00,0.00,7.2,0,0,0,0.1,0.1,0.06,-0.1,-0.1,Matches
Simon Adingra,5,ciCIV,"FW,MF",Brighton,23-113,2002,9.2,2,24,7,29.2,2.62,0.76,0.08,0.29,16.1,0,0,0,2.2,2.2,0.09,-0.2,-0.2,Matches
Solly March,323,engENG,"FW,MF",Brighton,30-278,1994,1.2,0,1,0,0.0,0.85,0.00,0.00,N/a,18.2,0,0,0,0.1,0.1,0.06,-0.1,-0.1,Matches
Son Heung-min,234,krKOR,FW,Tottenham,32-290,1992,22.3,7,53,24,45.3,2.38,1.08,0.11,0.25,17.0,1,1,2,7.0,5.4,0.10,0.0,+0.6,Matches
Stefan Ortega,395,deGER,GK,Manchester City,32-169,1992,12.2,0,0,0,N/a,0.00,0.00,N/a,N/a,N/a,0,0,0,0.0,0.0,N/a,0.0,0.0,Matches
Stephy Mavididi,330,engENG,FW,Leicester City,26-328,1998,17.9,4,26,7,26.9,1.45,0.39,0.15,0.57,16.1,1,0,0,1.8,1.8,0.07,+2.2,+2.2,Matches
Sven Botman,63,nlNED,DF,Newcastle Utd,25-102,2000,2.5,0,1,0,0.0,0.40,0.00,0.00,N/a,11.7,0,0,0,0.0,0.0,0.03,0.0,0.0,Matches
Sávio,451,brBRA,"FW,MF",Manchester City,21-014,2004,19.3,1,54,21,38.9,2.80,1.09,0.02,0.05,17.7,1,0,0,4.9,4.9,0.09,-3.9,-3.9,Matches
Séamus Coleman,104,ieIRL,DF,Everton,36-195,1988,2.2,0,1,1,100.0,0.46,0.46,0.00,0.00,10.5,0,0,0,0.6,0.6,0.57,-0.6,-0.6,Matches
Taiwo Awoniyi,38,ngNGA,FW,Nott'ham Forest,27-255,1997,4.2,1,10,4,40.0,2.38,0.95,0.10,0.25,12.6,0,0,0,2.1,2.1,0.21,-1.1,-1.1,Matches
Takehiro Tomiyasu,508,jpJPN,DF,Arsenal,26-170,1998,0.1,0,1,0,0.0,12.86,0.00,0.00,N/a,1.2,0,0,0,0.2,0.2,0.18,-0.2,-0.2,Matches
Tariq Lamptey,293,ghGHA,DF,Brighton,24-206,2000,8.5,2,6,2,33.3,0.71,0.24,0.33,1.00,18.5,0,0,0,0.4,0.4,0.06,+1.6,+1.6,Matches
Taylor Harwood-Bellis,226,engENG,DF,Southampton,23-084,2002,27.5,1,19,7,36.8,0.69,0.25,0.05,0.14,10.6,0,0,0,1.7,1.7,0.09,-0.7,-0.7,Matches
Thiago,501,brBRA,FW,Brentford,23-302,2001,1.5,0,1,0,0.0,0.68,0.00,0.00,N/a,14.7,0,0,0,0.1,0.1,0.10,-0.1,-0.1,Matches
Thomas Partey,403,ghGHA,"MF,DF",Arsenal,31-315,1993,27.1,4,23,7,30.4,0.85,0.26,0.17,0.57,19.5,0,0,0,2.0,2.0,0.09,+2.0,+2.0,Matches
Tim Iroegbunam,246,engENG,MF,Everton,21-298,2003,6.3,0,5,0,0.0,0.80,0.00,0.00,N/a,22.5,0,0,0,0.2,0.2,0.05,-0.2,-0.2,Matches
Timo Werner,545,deGER,"FW,MF",Tottenham,29-049,1996,5.7,0,8,3,37.5,1.40,0.52,0.00,0.00,18.2,0,0,0,1.0,1.0,0.12,-1.0,-1.0,Matches
Timothy Castagne,90,beBEL,DF,Fulham,29-140,1995,18.1,0,8,3,37.5,0.44,0.17,0.00,0.00,14.0,0,0,0,0.4,0.4,0.05,-0.4,-0.4,Matches
Toby Collyer,106,engENG,MF,Manchester Utd,21-111,2004,2.0,0,1,0,0.0,0.50,0.00,0.00,N/a,6.2,0,0,0,0.2,0.2,0.17,-0.2,-0.2,Matches
Tom Cairney,80,sctSCO,MF,Fulham,34-094,1991,5.4,1,5,2,40.0,0.92,0.37,0.20,0.50,23.3,1,0,0,0.2,0.2,0.04,+0.8,+0.8,Matches
Tommy Doyle,148,engENG,MF,Wolves,23-189,2001,5.4,0,9,2,22.2,1.66,0.37,0.00,0.00,24.5,1,0,0,0.6,0.6,0.06,-0.6,-0.6,Matches
Tomáš Souček,478,czCZE,MF,West Ham,30-056,1995,24.0,7,47,12,25.5,1.96,0.50,0.15,0.58,11.4,0,0,0,5.3,5.3,0.12,+1.7,+1.7,Matches
Tosin Adarabioyo,4,engENG,DF,Chelsea,27-212,1997,13.7,1,12,2,16.7,0.88,0.15,0.08,0.50,12.5,0,0,0,0.9,0.9,0.08,+0.1,+0.1,Matches
Toti Gomes,202,ptPOR,DF,Wolves,26-098,1999,24.0,0,7,2,28.6,0.29,0.08,0.00,0.00,11.6,0,0,0,0.7,0.7,0.10,-0.7,-0.7,Matches
Trent Alexander-Arnold,15,engENG,DF,Liverpool,26-199,1998,24.1,3,39,8,20.5,1.62,0.33,0.08,0.38,23.4,2,0,0,1.6,1.6,0.04,+1.4,+1.4,Matches
Trevoh Chalobah,91,engENG,DF,Crystal Palace,25-293,1999,11.8,3,11,4,36.4,0.93,0.34,0.27,0.75,15.1,0,0,0,1.2,1.2,0.11,+1.8,+1.8,Matches
Tyler Adams,3,usUSA,MF,Bournemouth,26-069,1999,17.0,0,8,2,25.0,0.47,0.12,0.00,0.00,16.1,0,0,0,1.6,1.6,0.19,-1.6,-1.6,Matches
Tyler Dibling,133,engENG,"FW,MF",Southampton,19-043,2006,18.7,2,28,9,32.1,1.50,0.48,0.07,0.22,19.3,0,0,0,2.5,2.5,0.09,-0.5,-0.5,Matches
Tyler Fredricson,188,engENG,DF,Manchester Utd,20-060,2005,1.0,0,0,0,N/a,0.00,0.00,N/a,N/a,N/a,0,0,0,0.0,0.0,N/a,0.0,0.0,Matches
Tyrell Malacia,319,nlNED,DF,Manchester Utd,25-250,1999,1.1,0,0,0,N/a,0.00,0.00,N/a,N/a,N/a,0,0,0,0.0,0.0,N/a,0.0,0.0,Matches
Tyrick Mitchell,349,engENG,DF,Crystal Palace,25-235,1999,31.7,0,11,2,18.2,0.35,0.06,0.00,0.00,13.4,0,0,0,1.2,1.2,0.11,-1.2,-1.2,Matches
Tyrique George,195,engENG,FW,Chelsea,19-079,2006,1.1,1,3,1,33.3,2.65,0.88,0.33,1.00,15.0,0,0,0,0.2,0.2,0.07,+0.8,+0.8,Matches
Tyrone Mings,347,engENG,DF,Aston Villa,32-042,1993,11.7,0,9,1,11.1,0.77,0.09,0.00,0.00,11.8,0,0,0,0.8,0.8,0.09,-0.8,-0.8,Matches
Valentino Livramento,306,engENG,DF,Newcastle Utd,22-163,2002,26.6,0,5,1,20.0,0.19,0.04,0.00,0.00,20.6,0,0,0,0.2,0.2,0.05,-0.2,-0.2,Matches
Victor Bernth Kristiansen,56,dkDEN,DF,Leicester City,22-129,2002,26.4,0,3,0,0.0,0.11,0.00,0.00,N/a,17.7,0,0,0,0.3,0.3,0.11,-0.3,-0.3,Matches
Victor Lindelöf,304,seSWE,DF,Manchester Utd,30-281,1994,4.9,0,0,0,N/a,0.00,0.00,N/a,N/a,N/a,0,0,0,0.0,0.0,N/a,0.0,0.0,Matches
Virgil van Dijk,524,nlNED,DF,Liverpool,33-290,1991,33.0,2,23,7,30.4,0.70,0.21,0.09,0.29,12.7,1,0,0,1.9,1.9,0.08,+0.1,+0.1,Matches
Vitaliy Mykolenko,367,uaUKR,DF,Everton,25-330,1999,29.2,0,12,0,0.0,0.41,0.00,0.00,N/a,20.5,0,0,0,0.4,0.4,0.04,-0.4,-0.4,Matches
Vitaly Janelt,252,deGER,MF,Brentford,26-349,1998,25.0,1,14,4,28.6,0.56,0.16,0.07,0.25,17.7,0,0,0,0.8,0.8,0.06,+0.2,+0.2,Matches
Vitezslav Jaros,253,czCZE,GK,Liverpool,23-275,2001,0.1,0,0,0,N/a,0.00,0.00,N/a,N/a,N/a,0,0,0,0.0,0.0,N/a,0.0,0.0,Matches
Vitor Reis,427,brBRA,DF,Manchester City,19-102,2006,0.0,0,0,0,N/a,0.00,0.00,N/a,N/a,N/a,0,0,0,0.0,0.0,N/a,0.0,0.0,Matches
Vladimír Coufal,110,czCZE,DF,West Ham,32-245,1992,9.6,0,4,1,25.0,0.42,0.10,0.00,0.00,16.7,0,0,0,0.2,0.2,0.05,-0.2,-0.2,Matches
Wataru Endo,164,jpJPN,MF,Liverpool,32-074,1993,1.7,0,0,0,N/a,0.00,0.00,N/a,N/a,N/a,0,0,0,0.0,0.0,N/a,0.0,0.0,Matches
Welington,544,brBRA,"DF,MF",Southampton,24-064,2001,2.4,0,3,0,0.0,1.26,0.00,0.00,N/a,31.3,0,0,0,0.0,0.0,0.01,0.0,0.0,Matches
Wes Burns,77,wlsWAL,"FW,DF",Ipswich Town,30-152,1994,10.3,0,7,1,14.3,0.68,0.10,0.00,0.00,18.3,0,0,0,0.5,0.5,0.07,-0.5,-0.5,Matches
Wesley Fofana,183,frFRA,DF,Chelsea,24-128,2000,13.0,0,3,0,0.0,0.23,0.00,0.00,N/a,10.6,0,0,0,0.4,0.4,0.13,-0.4,-0.4,Matches
Wilfred Ndidi,369,ngNGA,MF,Leicester City,28-129,1996,21.9,0,20,8,40.0,0.92,0.37,0.00,0.00,14.5,0,0,0,1.8,1.8,0.09,-1.8,-1.8,Matches
Will Alves,19,engENG,FW,Leicester City,20-080,2005,0.0,0,0,0,N/a,0.00,0.00,N/a,N/a,N/a,0,0,0,0.0,0.0,N/a,0.0,0.0,Matches
Will Hughes,240,engENG,MF,Crystal Palace,30-007,1995,20.8,0,19,1,5.3,0.91,0.05,0.00,0.00,22.6,0,0,0,1.0,1.0,0.05,-1.0,-1.0,Matches
Will Lankshear,294,engENG,"FW,MF",Tottenham,20-004,2005,0.1,0,0,0,N/a,0.00,0.00,N/a,N/a,N/a,0,0,0,0.0,0.0,N/a,0.0,0.0,Matches
William Osula,396,dkDEN,FW,Newcastle Utd,21-263,2003,1.0,0,1,0,0.0,1.00,0.00,0.00,N/a,13.2,0,0,0,0.0,0.0,0.04,0.0,0.0,Matches
William Saliba,444,frFRA,DF,Arsenal,24-031,2001,31.3,2,6,2,33.3,0.19,0.06,0.33,1.00,5.4,0,0,0,2.3,2.3,0.38,-0.3,-0.3,Matches
William Smallbone,471,ieIRL,MF,Southampton,25-062,2000,6.8,1,6,1,16.7,0.88,0.15,0.17,1.00,19.3,1,0,0,0.4,0.4,0.07,+0.6,+0.6,Matches
Willian,550,brBRA,"MF,FW",Fulham,36-258,1988,1.8,0,3,0,0.0,1.68,0.00,0.00,N/a,22.9,0,0,0,0.1,0.1,0.04,-0.1,-0.1,Matches
Willy Boly,62,ciCIV,DF,Nott'ham Forest,34-080,1991,1.7,0,1,1,100.0,0.60,0.60,0.00,0.00,10.2,0,0,0,0.1,0.1,0.07,-0.1,-0.1,Matches
Wilson Odobert,386,frFRA,FW,Tottenham,20-147,2004,5.7,0,10,2,20.0,1.74,0.35,0.00,0.00,17.3,0,0,0,0.7,0.7,0.07,-0.7,-0.7,Matches
Wout Faes,173,beBEL,DF,Leicester City,27-021,1998,26.3,1,11,1,9.1,0.42,0.04,0.09,1.00,10.0,0,0,0,1.4,1.4,0.12,-0.4,-0.4,Matches
Woyo Coulibaly,111,frFRA,DF,Leicester City,25-339,1999,1.2,0,2,1,50.0,1.65,0.83,0.00,0.00,19.4,0,0,0,0.0,0.0,0.02,0.0,0.0,Matches
Yankuba Minteh,348,gmGAM,"FW,MF",Brighton,20-276,2004,16.3,5,28,13,46.4,1.71,0.80,0.18,0.38,13.6,0,0,0,3.7,3.7,0.13,+1.3,+1.3,Matches
Yasin Ayari,39,seSWE,MF,Brighton,21-200,2003,18.3,0,24,6,25.0,1.31,0.33,0.00,0.00,18.6,2,0,0,2.2,2.2,0.09,-2.2,-2.2,Matches
Yehor Yarmoliuk,560,uaUKR,MF,Brentford,21-054,2004,11.5,0,9,2,22.2,0.78,0.17,0.00,0.00,15.9,0,0,0,0.6,0.6,0.07,-0.6,-0.6,Matches
Yerson Mosquera,357,coCOL,DF,Wolves,23-357,2001,4.9,0,2,0,0.0,0.41,0.00,0.00,N/a,12.4,0,0,0,0.3,0.3,0.17,-0.3,-0.3,Matches
Yoane Wissa,556,cdCOD,FW,Brentford,28-233,1996,27.4,16,74,34,45.9,2.70,1.24,0.22,0.47,13.7,0,0,0,14.9,14.9,0.20,+1.1,+1.1,Matches
Youri Tielemans,503,beBEL,MF,Aston Villa,27-352,1997,32.4,2,36,11,30.6,1.11,0.34,0.06,0.18,20.4,0,0,1,3.0,2.3,0.06,-1.0,-0.3,Matches
Youssef Chermiti,94,ptPOR,"FW,MF",Everton,20-335,2004,0.2,0,2,1,50.0,10.59,5.29,0.00,0.00,12.7,0,0,0,0.1,0.1,0.03,-0.1,-0.1,Matches
Yukinari Sugawara,489,jpJPN,"DF,MF",Southampton,24-300,2000,16.3,1,13,5,38.5,0.80,0.31,0.08,0.20,19.2,1,0,0,0.5,0.5,0.04,+0.5,+0.5,Matches
Yunus Emre Konak,161,trTUR,"FW,MF",Brentford,19-104,2006,0.4,0,1,0,0.0,2.65,0.00,0.00,N/a,21.4,0,0,0,0.2,0.2,0.15,-0.2,-0.2,Matches
Yves Bissouma,59,mlMLI,MF,Tottenham,28-237,1996,13.4,2,10,4,40.0,0.74,0.30,0.20,0.50,23.2,0,0,0,0.6,0.6,0.06,+1.4,+1.4,Matches
Zain Silcott-Duberry,464,msMSR,FW,Bournemouth,19-289,2005,0.0,0,0,0,N/a,0.00,0.00,N/a,N/a,N/a,0,0,0,0.0,0.0,N/a,0.0,0.0,Matches
Álex Moreno,355,esESP,"DF,MF",Nott'ham Forest,31-320,1993,10.6,0,6,0,0.0,0.57,0.00,0.00,N/a,23.7,0,0,0,0.2,0.2,0.03,-0.2,-0.2,Matches
İlkay Gündoğan,218,deGER,MF,Manchester City,34-182,1990,21.9,0,25,5,20.0,1.14,0.23,0.00,0.00,18.3,2,0,0,2.7,2.7,0.11,-2.7,-2.7,Matches
Łukasz Fabiański,172,plPOL,GK,West Ham,40-006,1985,11.9,0,0,0,N/a,0.00,0.00,N/a,N/a,N/a,0,0,0,0.0,0.0,N/a,0.0,0.0,Matches
