Rk,Player,Nation,Pos,Squad,Age,Born,MP,Starts,Min,90s,Gls,Ast,G+A,G-PK,PK,PKatt,CrdY,CrdR,xG,npxG,xAG,npxG+xAG,PrgC,PrgP,PrgR,Gls/90,Ast/90,G+A/90,G-PK/90,G+A-PK/90,xG/90,xAG/90,xG+xAG/90,npxG/90,npxG+xAG/90,Matches
112,Aaron Cresswell,engENG,DF,West Ham,35-127,1989,14,7,589.0,6.5,0,0,0,0,0,0,2,0,0.1,0.1,1.1,1.3,4,24,2,0.00,0.00,0.00,0.00,0.00,0.02,0.17,0.19,0.02,0.19,Matches
418,Aaron Ramsdale,engENG,GK,Southampton,26-342,1998,25,25,2250.0,25.0,0,0,0,0,0,0,2,0,0.0,0.0,0.0,0.0,0,0,0,0.00,0.00,0.00,0.00,0.00,0.00,0.00,0.00,0.00,0.00,Matches
536,Aaron Wan-Bissaka,engENG,DF,West Ham,27-146,1997,31,30,2704.0,30.0,2,2,4,2,0,0,1,0,1.0,1.0,2.7,3.7,93,118,131,0.07,0.07,0.13,0.07,0.13,0.03,0.09,0.12,0.03,0.12,Matches
145,Abdoulaye Doucouré,mlMLI,MF,Everton,32-110,1993,29,28,2335.0,25.9,3,1,4,3,0,0,5,1,3.7,3.7,2.3,6.0,38,74,88,0.12,0.04,0.15,0.12,0.15,0.14,0.09,0.23,0.14,0.23,Matches
278,Abdukodir Khusanov,uzUZB,DF,Manchester City,21-051,2004,6,6,503.0,5.6,0,0,0,0,0,0,1,0,0.0,0.0,0.1,0.1,1,25,2,0.00,0.00,0.00,0.00,0.00,0.00,0.02,0.02,0.00,0.02,Matches
174,Abdul Fatawu Issahaku,ghGHA,FW,Leicester City,21-044,2004,11,6,579.0,6.4,0,2,2,0,0,0,0,0,0.4,0.4,1.6,2.0,42,17,60,0.00,0.31,0.31,0.00,0.31,0.06,0.24,0.31,0.06,0.31,Matches
33,Adam Armstrong,engENG,"FW,MF",Southampton,28-070,1997,20,15,1248.0,13.9,2,2,4,2,0,1,4,0,3.3,2.3,1.2,3.5,25,21,79,0.14,0.14,0.29,0.14,0.29,0.24,0.09,0.32,0.17,0.25,Matches
292,Adam Lallana,engENG,MF,Southampton,36-346,1988,14,5,361.0,4.0,0,2,2,0,0,0,4,0,0.2,0.2,0.9,1.1,6,24,10,0.00,0.50,0.50,0.00,0.50,0.04,0.23,0.27,0.04,0.27,Matches
472,Adam Smith,engENG,DF,Bournemouth,33-357,1991,21,16,1319.0,14.7,0,0,0,0,0,0,5,0,0.7,0.7,0.2,0.9,12,39,31,0.00,0.00,0.00,0.00,0.00,0.04,0.02,0.06,0.04,0.06,Matches
542,Adam Webster,engENG,DF,Brighton,30-107,1995,11,8,617.0,6.9,0,0,0,0,0,0,0,0,0.0,0.0,0.5,0.5,7,40,2,0.00,0.00,0.00,0.00,0.00,0.00,0.07,0.08,0.00,0.08,Matches
546,Adam Wharton,engENG,MF,Crystal Palace,20-323,2004,18,14,1196.0,13.3,0,1,1,0,0,0,2,0,0.3,0.3,2.8,3.1,14,103,10,0.00,0.08,0.08,0.00,0.08,0.02,0.21,0.23,0.02,0.23,Matches
512,Adama Traoré,esESP,"FW,MF",Fulham,29-086,1996,31,16,1523.0,16.9,2,5,7,2,0,0,2,0,3.8,3.8,4.1,7.9,81,57,139,0.12,0.30,0.41,0.12,0.41,0.22,0.24,0.47,0.22,0.47,Matches
212,Albert Grønbaek,dkDEN,"FW,MF",Southampton,23-333,2001,4,2,143.0,1.6,0,0,0,0,0,0,0,0,0.1,0.1,0.0,0.1,1,1,3,0.00,0.00,0.00,0.00,0.00,0.07,0.01,0.08,0.07,0.08,Matches
193,Alejandro Garnacho,arARG,"MF,FW",Manchester Utd,20-294,2004,32,21,1966.0,21.8,5,1,6,5,0,0,2,0,6.2,6.2,3.5,9.7,130,50,260,0.23,0.05,0.27,0.23,0.27,0.28,0.16,0.44,0.28,0.44,Matches
249,Alex Iwobi,ngNGA,"FW,MF",Fulham,28-353,1996,33,31,2636.0,29.3,9,5,14,9,0,0,1,0,4.3,4.3,6.4,10.6,128,185,214,0.31,0.17,0.48,0.31,0.48,0.15,0.22,0.36,0.15,0.36,Matches
336,Alex McCarthy,engENG,GK,Southampton,35-139,1989,5,5,450.0,5.0,0,0,0,0,0,0,0,0,0.0,0.0,0.0,0.0,0,0,0,0.00,0.00,0.00,0.00,0.00,0.00,0.00,0.00,0.00,0.00,Matches
399,Alex Palmer,engENG,GK,Ipswich Town,28-254,1996,9,9,810.0,9.0,0,0,0,0,0,0,2,0,0.0,0.0,0.0,0.0,0,1,0,0.00,0.00,0.00,0.00,0.00,0.00,0.00,0.00,0.00,0.00,Matches
457,Alex Scott,engENG,MF,Bournemouth,21-243,2003,16,6,612.0,6.8,0,0,0,0,0,0,2,0,0.7,0.7,0.8,1.5,12,48,31,0.00,0.00,0.00,0.00,0.00,0.10,0.12,0.21,0.10,0.21,Matches
248,Alexander Isak,seSWE,FW,Newcastle Utd,25-212,1999,30,30,2411.0,26.8,21,6,27,19,2,2,1,0,17.5,16.0,4.0,20.0,76,74,192,0.78,0.22,1.01,0.71,0.93,0.66,0.15,0.81,0.60,0.75,Matches
312,Alexis Mac Allister,arARG,MF,Liverpool,26-118,1998,32,29,2471.0,27.5,4,4,8,4,0,0,6,0,2.7,2.7,4.4,7.0,32,169,75,0.15,0.15,0.29,0.15,0.29,0.10,0.16,0.26,0.10,0.26,Matches
223,Ali Al Hamadi,iqIRQ,FW,Ipswich Town,23-051,2002,11,0,134.0,1.5,0,0,0,0,0,0,3,0,0.4,0.4,0.1,0.4,4,3,14,0.00,0.00,0.00,0.00,0.00,0.24,0.05,0.28,0.24,0.28,Matches
31,Alphonse Areola,frFRA,GK,West Ham,32-053,1993,22,21,1900.0,21.1,0,0,0,0,0,0,0,0,0.0,0.0,0.0,0.0,0,0,0,0.00,0.00,0.00,0.00,0.00,0.00,0.00,0.00,0.00,0.00,Matches
130,Amad Diallo,ciCIV,"FW,MF",Manchester Utd,22-284,2002,22,17,1594.0,17.7,6,6,12,6,0,0,3,0,4.1,4.1,3.9,8.0,92,53,159,0.34,0.34,0.68,0.34,0.68,0.23,0.22,0.45,0.23,0.45,Matches
390,Amadou Onana,beBEL,MF,Aston Villa,23-248,2001,21,16,1273.0,14.1,3,0,3,3,0,0,4,0,1.9,1.9,0.3,2.2,20,58,13,0.21,0.00,0.21,0.21,0.21,0.14,0.02,0.16,0.14,0.16,Matches
405,Andreas Pereira,brBRA,MF,Fulham,29-110,1996,30,22,1834.0,20.4,2,4,6,2,0,1,7,0,3.4,2.6,4.3,7.0,27,98,77,0.10,0.20,0.29,0.10,0.29,0.17,0.21,0.38,0.13,0.34,Matches
432,Andrew Robertson,sctSCO,DF,Liverpool,31-041,1994,30,26,2218.0,24.6,0,0,0,0,0,0,3,1,0.9,0.9,4.1,5.1,57,163,90,0.00,0.00,0.00,0.00,0.00,0.04,0.17,0.21,0.04,0.21,Matches
26,André,brBRA,MF,Wolves,23-279,2001,28,26,2087.0,23.2,0,0,0,0,0,0,7,0,0.3,0.3,0.7,0.9,8,90,11,0.00,0.00,0.00,0.00,0.00,0.01,0.03,0.04,0.01,0.04,Matches
391,André Onana,cmCMR,GK,Manchester Utd,29-019,1996,32,32,2880.0,32.0,0,0,0,0,0,0,0,0,0.0,0.0,0.2,0.2,0,1,0,0.00,0.00,0.00,0.00,0.00,0.00,0.01,0.01,0.00,0.01,Matches
192,Andrés García,esESP,"DF,MF",Aston Villa,22-073,2003,7,5,318.0,3.5,0,0,0,0,0,0,0,0,0.0,0.0,0.2,0.2,26,15,28,0.00,0.00,0.00,0.00,0.00,0.01,0.05,0.06,0.01,0.06,Matches
247,Andy Irving,sctSCO,MF,West Ham,24-343,2000,10,1,166.0,1.8,0,0,0,0,0,0,2,0,0.1,0.1,0.2,0.4,0,9,4,0.00,0.00,0.00,0.00,0.00,0.06,0.13,0.19,0.06,0.19,Matches
159,Anthony Elanga,seSWE,FW,Nott'ham Forest,22-359,2002,32,25,2007.0,22.3,6,8,14,6,0,0,1,0,3.9,3.9,4.3,8.3,79,47,162,0.27,0.36,0.63,0.27,0.63,0.18,0.19,0.37,0.18,0.37,Matches
206,Anthony Gordon,engENG,FW,Newcastle Utd,24-056,2001,29,25,2176.0,24.2,6,5,11,5,1,2,2,0,7.9,6.3,4.9,11.2,108,91,190,0.25,0.21,0.45,0.21,0.41,0.33,0.20,0.53,0.26,0.46,Matches
460,Antoine Semenyo,ghGHA,FW,Bournemouth,25-104,2000,32,32,2823.0,31.4,8,4,12,8,0,0,9,0,9.1,9.1,5.7,14.8,132,103,258,0.26,0.13,0.38,0.26,0.38,0.29,0.18,0.47,0.29,0.47,Matches
433,Antonee Robinson,usUSA,DF,Fulham,27-256,1997,33,32,2899.0,32.2,0,10,10,0,0,0,8,0,0.7,0.7,4.1,4.8,110,120,257,0.00,0.31,0.31,0.00,0.31,0.02,0.13,0.15,0.02,0.15,Matches
28,Antony,brBRA,"DF,MF",Manchester Utd,25-056,2000,8,0,141.0,1.6,0,0,0,0,0,0,0,0,1.0,1.0,0.1,1.1,5,6,7,0.00,0.00,0.00,0.00,0.00,0.65,0.08,0.73,0.65,0.73,Matches
281,Antonín Kinský,czCZE,GK,Tottenham,22-039,2003,4,4,360.0,4.0,0,0,0,0,0,0,0,0,0.0,0.0,0.1,0.1,1,1,0,0.00,0.00,0.00,0.00,0.00,0.00,0.02,0.02,0.00,0.02,Matches
208,Archie Gray,engENG,"DF,MF",Tottenham,19-040,2006,23,14,1346.0,15.0,0,0,0,0,0,0,0,0,0.0,0.0,0.1,0.1,5,31,15,0.00,0.00,0.00,0.00,0.00,0.00,0.01,0.01,0.00,0.01,Matches
364,Arijanet Muric,xkKVX,GK,Ipswich Town,26-165,1998,18,18,1620.0,18.0,0,0,0,0,0,0,1,0,0.0,0.0,0.0,0.0,0,1,0,0.00,0.00,0.00,0.00,0.00,0.00,0.00,0.00,0.00,0.00,Matches
70,Armando Broja,alALB,FW,Everton,23-223,2001,10,4,334.0,3.7,0,0,0,0,0,0,1,0,0.1,0.1,0.2,0.3,12,2,26,0.00,0.00,0.00,0.00,0.00,0.03,0.05,0.08,0.03,0.08,Matches
50,Armel Bella Kotchap,deGER,DF,Southampton,23-131,2001,4,2,331.0,3.7,0,0,0,0,0,0,0,0,0.3,0.3,0.0,0.3,0,5,0,0.00,0.00,0.00,0.00,0.00,0.09,0.00,0.09,0.09,0.09,Matches
136,Axel Disasi,frFRA,DF,Aston Villa,27-041,1998,6,5,460.0,5.1,0,0,0,0,0,0,2,0,0.1,0.1,0.4,0.5,10,15,5,0.00,0.00,0.00,0.00,0.00,0.02,0.08,0.09,0.02,0.09,Matches
137,Axel Disasi,frFRA,DF,Chelsea,27-041,1998,6,4,364.0,4.0,1,0,1,1,0,0,1,0,0.3,0.3,0.1,0.4,6,16,2,0.25,0.00,0.25,0.25,0.25,0.07,0.02,0.09,0.07,0.09,Matches
519,Axel Tuanzebe,cdCOD,DF,Ipswich Town,27-158,1997,18,17,1445.0,16.1,0,1,1,0,0,0,5,1,0.2,0.2,0.3,0.5,9,45,8,0.00,0.06,0.06,0.00,0.06,0.01,0.02,0.03,0.01,0.03,Matches
228,Ayden Heaven,engENG,DF,Manchester Utd,18-211,2006,2,1,95.0,1.1,0,0,0,0,0,0,0,0,0.0,0.0,0.0,0.0,1,2,1,0.00,0.00,0.00,0.00,0.00,0.00,0.00,0.00,0.00,0.00,Matches
529,Bart Verbruggen,nlNED,GK,Brighton,22-246,2002,31,31,2790.0,31.0,0,1,1,0,0,0,5,0,0.0,0.0,0.0,0.0,0,2,0,0.00,0.03,0.03,0.00,0.03,0.00,0.00,0.00,0.00,0.00,Matches
68,Ben Brereton,clCHI,FW,Southampton,26-003,1999,10,4,449.0,5.0,0,0,0,0,0,0,1,0,0.9,0.9,0.1,1.0,12,9,42,0.00,0.00,0.00,0.00,0.00,0.18,0.02,0.20,0.18,0.20,Matches
96,Ben Chilwell,engENG,DF,Crystal Palace,28-121,1996,6,0,139.0,1.5,0,0,0,0,0,0,1,0,0.1,0.1,0.2,0.3,2,3,10,0.00,0.00,0.00,0.00,0.00,0.05,0.13,0.18,0.05,0.18,Matches
122,Ben Davies,wlsWAL,DF,Tottenham,31-362,1993,11,10,901.0,10.0,0,0,0,0,0,0,3,0,0.3,0.3,0.2,0.5,7,43,5,0.00,0.00,0.00,0.00,0.00,0.03,0.02,0.05,0.03,0.05,Matches
198,Ben Godfrey,engENG,DF,Ipswich Town,27-096,1998,2,2,108.0,1.2,0,0,0,0,0,0,1,0,0.0,0.0,0.0,0.0,2,4,1,0.00,0.00,0.00,0.00,0.00,0.00,0.00,0.00,0.00,0.00,Matches
261,Ben Johnson,engENG,"DF,FW",Ipswich Town,25-087,2000,21,13,1312.0,14.6,1,2,3,1,0,0,3,0,1.1,1.1,1.3,2.3,16,25,32,0.07,0.14,0.21,0.07,0.21,0.07,0.09,0.16,0.07,0.16,Matches
340,Ben Mee,engENG,DF,Brentford,35-212,1989,7,2,183.0,2.0,0,0,0,0,0,0,2,0,0.0,0.0,0.0,0.0,3,11,2,0.00,0.00,0.00,0.00,0.00,0.00,0.00,0.00,0.00,0.00,Matches
547,Ben White,engENG,DF,Arsenal,27-195,1997,13,9,856.0,9.5,0,1,1,0,0,0,2,0,0.4,0.4,0.8,1.2,10,42,27,0.00,0.11,0.11,0.00,0.11,0.04,0.09,0.13,0.04,0.13,Matches
42,Benoît Badiashile,frFRA,DF,Chelsea,24-026,2001,5,3,334.0,3.7,0,0,0,0,0,0,0,0,0.0,0.0,0.0,0.0,3,17,2,0.00,0.00,0.00,0.00,0.00,0.00,0.00,0.00,0.00,0.00,Matches
465,Bernardo Silva,ptPOR,"MF,FW",Manchester City,30-254,1994,28,24,2221.0,24.7,2,4,6,2,0,0,6,0,3.0,3.0,4.2,7.2,88,105,179,0.08,0.16,0.24,0.08,0.24,0.12,0.17,0.29,0.12,0.29,Matches
297,Bernd Leno,deGER,GK,Fulham,33-048,1992,33,33,2970.0,33.0,0,1,1,0,0,0,4,0,0.0,0.0,0.1,0.1,0,0,0,0.00,0.03,0.03,0.00,0.03,0.00,0.00,0.00,0.00,0.00,Matches
57,Beto,gwGNB,FW,Everton,27-080,1998,25,10,1129.0,12.5,6,0,6,6,0,0,2,0,6.1,6.1,0.8,6.9,12,9,58,0.48,0.00,0.48,0.48,0.48,0.48,0.06,0.55,0.48,0.55,Matches
277,Bilal El Khannouss,maMAR,MF,Leicester City,20-346,2004,28,23,1838.0,20.4,2,2,4,2,0,0,4,0,0.8,0.8,3.1,3.9,61,112,71,0.10,0.10,0.20,0.10,0.20,0.04,0.15,0.19,0.04,0.19,Matches
197,Billy Gilmour,sctSCO,MF,Brighton,23-314,2001,2,1,98.0,1.1,0,0,0,0,0,0,0,0,0.1,0.1,0.0,0.1,2,11,2,0.00,0.00,0.00,0.00,0.00,0.07,0.00,0.07,0.07,0.07,Matches
426,Bobby Reid,jmJAM,FW,Leicester City,32-078,1993,22,8,700.0,7.8,1,2,3,1,0,0,2,0,0.8,0.8,1.2,2.0,13,14,44,0.13,0.26,0.39,0.13,0.39,0.10,0.15,0.25,0.10,0.25,Matches
271,Boubacar Kamara,frFRA,MF,Aston Villa,25-149,1999,21,15,1283.0,14.3,0,0,0,0,0,0,2,0,0.4,0.4,0.9,1.3,16,68,5,0.00,0.00,0.00,0.00,0.00,0.03,0.06,0.09,0.03,0.09,Matches
479,Boubakary Soumaré,frFRA,MF,Leicester City,26-053,1999,26,22,1908.0,21.2,0,0,0,0,0,0,8,0,0.3,0.3,0.4,0.7,31,93,21,0.00,0.00,0.00,0.00,0.00,0.01,0.02,0.03,0.01,0.03,Matches
211,Brajan Gruda,deGER,"FW,MF",Brighton,20-325,2004,16,6,498.0,5.5,0,1,1,0,0,0,0,0,0.4,0.4,0.7,1.1,15,17,46,0.00,0.18,0.18,0.00,0.18,0.07,0.13,0.20,0.07,0.20,Matches
262,Brennan Johnson,wlsWAL,FW,Tottenham,23-333,2001,29,22,1969.0,21.9,11,3,14,11,0,0,5,0,9.8,9.8,2.3,12.1,56,66,186,0.50,0.14,0.64,0.50,0.64,0.45,0.10,0.55,0.45,0.55,Matches
178,Bruno Fernandes,ptPOR,MF,Manchester Utd,30-225,1994,32,31,2668.0,29.6,8,9,17,5,3,3,4,2,9.4,7.1,6.8,13.8,62,264,114,0.27,0.30,0.57,0.17,0.47,0.32,0.23,0.55,0.24,0.47,Matches
216,Bruno Guimarães,brBRA,MF,Newcastle Utd,27-156,1997,33,33,2822.0,31.4,4,6,10,4,0,0,6,0,3.5,3.5,5.6,9.1,49,227,75,0.13,0.19,0.32,0.13,0.32,0.11,0.18,0.29,0.11,0.29,Matches
333,Bryan Mbeumo,cmCMR,FW,Brentford,25-257,1999,33,33,2964.0,32.9,18,6,24,13,5,5,2,0,10.6,6.6,7.8,14.5,110,125,300,0.55,0.18,0.73,0.39,0.58,0.32,0.24,0.56,0.20,0.44,Matches
442,Bukayo Saka,engENG,"FW,MF",Arsenal,23-228,2001,20,17,1423.0,15.8,6,10,16,5,1,1,3,0,5.7,5.0,6.7,11.6,78,61,220,0.38,0.63,1.01,0.32,0.95,0.36,0.42,0.79,0.31,0.74,Matches
388,Caleb Okoli,itITA,DF,Leicester City,23-282,2001,18,12,1124.0,12.5,1,0,1,1,0,0,4,0,0.6,0.6,0.0,0.6,3,32,2,0.08,0.00,0.08,0.08,0.08,0.05,0.00,0.05,0.05,0.05,Matches
239,Callum Hudson-Odoi,engENG,FW,Nott'ham Forest,24-165,2000,27,24,2074.0,23.0,5,2,7,5,0,0,2,0,2.5,2.5,2.7,5.2,123,66,186,0.22,0.09,0.30,0.22,0.30,0.11,0.12,0.22,0.11,0.22,Matches
552,Callum Wilson,engENG,FW,Newcastle Utd,33-053,1992,13,1,254.0,2.8,0,0,0,0,0,0,1,0,0.3,0.3,0.1,0.4,5,3,9,0.00,0.00,0.00,0.00,0.00,0.12,0.02,0.14,0.12,0.14,Matches
47,Calvin Bassey,ngNGA,DF,Fulham,25-111,1999,31,30,2714.0,30.2,1,0,1,1,0,0,6,0,1.0,1.0,0.1,1.1,25,95,12,0.03,0.00,0.03,0.03,0.03,0.03,0.00,0.03,0.03,0.03,Matches
30,Cameron Archer,engENG,FW,Southampton,23-274,2001,30,13,1336.0,14.8,2,0,2,2,0,1,0,0,5.1,4.3,0.4,4.6,19,14,62,0.13,0.00,0.13,0.13,0.13,0.34,0.02,0.37,0.29,0.31,Matches
75,Cameron Burgess,auAUS,DF,Ipswich Town,29-182,1995,15,13,1271.0,14.1,0,1,1,0,0,0,0,0,0.7,0.7,0.5,1.2,2,38,4,0.00,0.07,0.07,0.00,0.07,0.05,0.04,0.09,0.05,0.09,Matches
274,Caoimhín Kelleher,ieIRL,GK,Liverpool,26-149,1998,10,10,900.0,10.0,0,0,0,0,0,0,0,0,0.0,0.0,0.0,0.0,0,0,0,0.00,0.00,0.00,0.00,0.00,0.00,0.00,0.00,0.00,0.00,Matches
44,Carlos Baleba,cmCMR,MF,Brighton,21-108,2004,29,26,2223.0,24.7,2,1,3,2,0,0,8,1,3.0,3.0,1.3,4.2,39,108,26,0.08,0.04,0.12,0.08,0.12,0.12,0.05,0.17,0.12,0.17,Matches
184,Carlos Forbs,ptPOR,"MF,FW",Wolves,21-033,2004,9,1,237.0,2.6,0,0,0,0,0,0,2,0,0.1,0.1,0.0,0.2,9,8,28,0.00,0.00,0.00,0.00,0.00,0.05,0.01,0.07,0.05,0.07,Matches
475,Carlos Soler,esESP,"MF,FW",West Ham,28-109,1997,28,14,1347.0,15.0,1,1,2,1,0,0,5,0,1.7,1.7,1.2,2.9,16,52,33,0.07,0.07,0.13,0.07,0.13,0.11,0.08,0.19,0.11,0.19,Matches
86,Casemiro,brBRA,MF,Manchester Utd,33-057,1992,21,15,1271.0,14.1,1,0,1,1,0,0,3,0,1.5,1.5,2.2,3.7,4,65,26,0.07,0.00,0.07,0.07,0.07,0.10,0.16,0.26,0.10,0.26,Matches
497,Charlie Taylor,engENG,DF,Southampton,31-215,1993,7,2,266.0,3.0,0,0,0,0,0,0,1,0,0.0,0.0,0.1,0.1,3,8,6,0.00,0.00,0.00,0.00,0.00,0.00,0.03,0.03,0.00,0.03,Matches
146,Cheick Doucouré,mlMLI,MF,Crystal Palace,25-103,2000,13,4,452.0,5.0,0,0,0,0,0,0,1,0,0.4,0.4,0.0,0.4,2,19,7,0.00,0.00,0.00,0.00,0.00,0.08,0.00,0.08,0.08,0.08,Matches
387,Chiedozie Ogbene,ieIRL,FW,Ipswich Town,27-355,1997,5,3,238.0,2.6,0,0,0,0,0,0,0,0,0.0,0.0,0.1,0.1,7,0,15,0.00,0.00,0.00,0.00,0.00,0.00,0.03,0.03,0.00,0.03,Matches
430,Chris Richards,usUSA,DF,Crystal Palace,25-024,2000,20,18,1562.0,17.4,1,0,1,1,0,0,4,1,1.2,1.2,0.1,1.3,5,34,1,0.06,0.00,0.06,0.06,0.06,0.07,0.01,0.08,0.07,0.08,Matches
557,Chris Wood,nzNZL,FW,Nott'ham Forest,33-135,1991,30,29,2434.0,27.0,18,3,21,15,3,3,1,0,11.0,8.7,2.0,10.6,13,33,74,0.67,0.11,0.78,0.55,0.67,0.41,0.07,0.48,0.32,0.39,Matches
165,Christian Eriksen,dkDEN,MF,Manchester Utd,33-066,1992,19,11,993.0,11.0,0,1,1,0,0,0,4,0,0.3,0.3,2.6,2.9,10,49,28,0.00,0.09,0.09,0.00,0.09,0.02,0.24,0.26,0.02,0.26,Matches
381,Christian Nørgaard,dkDEN,MF,Brentford,31-042,1994,29,29,2369.0,26.3,5,2,7,5,0,0,5,1,3.6,3.6,0.8,4.4,12,122,34,0.19,0.08,0.27,0.19,0.27,0.14,0.03,0.17,0.14,0.17,Matches
535,Christian Walton,engENG,GK,Ipswich Town,29-163,1995,6,6,540.0,6.0,0,0,0,0,0,0,0,0,0.0,0.0,0.0,0.0,0,0,0,0.00,0.00,0.00,0.00,0.00,0.00,0.00,0.00,0.00,0.00,Matches
376,Christopher Nkunku,frFRA,FW,Chelsea,27-158,1997,27,9,921.0,10.2,3,2,5,3,0,0,2,0,4.8,4.8,2.1,6.9,17,25,68,0.29,0.20,0.49,0.29,0.49,0.47,0.21,0.68,0.47,0.67,Matches
190,Cody Gakpo,nlNED,FW,Liverpool,25-349,1999,30,18,1560.0,17.3,8,3,11,8,0,0,4,0,6.2,6.2,3.5,9.7,45,49,237,0.46,0.17,0.63,0.46,0.63,0.36,0.20,0.56,0.36,0.56,Matches
400,Cole Palmer,engENG,MF,Chelsea,22-350,2002,32,31,2742.0,30.5,14,8,22,11,3,4,6,0,15.8,12.7,9.2,21.9,101,191,161,0.46,0.26,0.72,0.36,0.62,0.52,0.30,0.82,0.42,0.72,Matches
65,Conor Bradley,nirNIR,DF,Liverpool,21-286,2003,15,4,533.0,5.9,0,1,1,0,0,0,3,0,0.6,0.6,0.5,1.1,26,25,27,0.00,0.17,0.17,0.00,0.17,0.10,0.08,0.18,0.10,0.18,Matches
93,Conor Chaplin,engENG,"MF,FW",Ipswich Town,28-064,1997,17,7,625.0,6.9,1,1,2,1,0,0,1,0,1.2,1.2,0.6,1.8,10,25,20,0.14,0.14,0.29,0.14,0.29,0.17,0.09,0.26,0.17,0.26,Matches
103,Conor Coady,engENG,DF,Leicester City,32-055,1993,17,14,1264.0,14.0,0,0,0,0,0,0,2,0,0.0,0.0,0.1,0.1,2,26,0,0.00,0.00,0.00,0.00,0.00,0.00,0.00,0.00,0.00,0.00,Matches
511,Conor Townsend,engENG,DF,Ipswich Town,32-048,1993,6,3,335.0,3.7,0,1,1,0,0,0,1,0,0.0,0.0,0.7,0.7,2,8,13,0.00,0.27,0.27,0.00,0.27,0.01,0.18,0.18,0.01,0.18,Matches
124,Craig Dawson,engENG,DF,Wolves,34-350,1990,15,10,971.0,10.8,0,0,0,0,0,0,2,0,0.5,0.5,0.0,0.5,6,20,5,0.00,0.00,0.00,0.00,0.00,0.05,0.00,0.05,0.05,0.05,Matches
439,Cristian Romero,arARG,DF,Tottenham,26-359,1998,17,17,1371.0,15.2,1,0,1,1,0,0,2,0,1.5,1.5,0.6,2.1,12,66,3,0.07,0.00,0.07,0.07,0.07,0.10,0.04,0.14,0.10,0.14,Matches
491,Crysencio Summerville,nlNED,"FW,MF",West Ham,23-173,2001,19,7,786.0,8.7,1,1,2,1,0,0,2,0,1.6,1.6,1.7,3.3,29,18,71,0.11,0.11,0.23,0.11,0.23,0.19,0.19,0.38,0.19,0.38,Matches
264,Curtis Jones,engENG,"MF,DF",Liverpool,24-081,2001,28,16,1415.0,15.7,3,3,6,3,0,0,3,1,4.1,4.1,1.0,5.1,21,83,67,0.19,0.19,0.38,0.19,0.38,0.26,0.06,0.32,0.26,0.32,Matches
270,Daichi Kamada,jpJPN,MF,Crystal Palace,28-259,1996,29,12,1248.0,13.9,0,0,0,0,0,0,3,1,0.9,0.9,1.6,2.6,23,71,50,0.00,0.00,0.00,0.00,0.00,0.07,0.12,0.18,0.07,0.18,Matches
76,Dan Burn,engENG,DF,Newcastle Utd,32-347,1992,32,32,2880.0,32.0,0,0,0,0,0,0,9,0,1.3,1.3,0.8,2.1,9,54,9,0.00,0.00,0.00,0.00,0.00,0.04,0.02,0.07,0.04,0.07,Matches
397,Dango Ouattara,bfBFA,FW,Bournemouth,23-069,2002,30,19,1843.0,20.5,7,4,11,7,0,0,2,0,8.2,8.2,5.2,13.3,73,41,184,0.34,0.20,0.54,0.34,0.54,0.40,0.25,0.65,0.40,0.65,Matches
363,Daniel Muñoz,coCOL,DF,Crystal Palace,28-330,1996,32,32,2778.0,30.9,4,4,8,4,0,0,9,0,4.6,4.6,3.9,8.5,48,79,176,0.13,0.13,0.26,0.13,0.26,0.15,0.13,0.27,0.15,0.27,Matches
119,Danilo,brBRA,"MF,FW",Nott'ham Forest,23-357,2001,6,4,210.0,2.3,0,0,0,0,0,0,0,0,0.0,0.0,0.0,0.0,2,10,1,0.00,0.00,0.00,0.00,0.00,0.00,0.00,0.00,0.00,0.00,Matches
245,Danny Ings,engENG,"FW,MF",West Ham,32-272,1992,15,1,284.0,3.2,1,2,3,1,0,0,0,0,2.3,2.3,1.3,3.5,6,5,29,0.32,0.63,0.95,0.32,0.95,0.72,0.41,1.12,0.72,1.12,Matches
537,Danny Ward,wlsWAL,GK,Leicester City,31-303,1993,2,1,135.0,1.5,0,0,0,0,0,0,0,0,0.0,0.0,0.0,0.0,0,0,0,0.00,0.00,0.00,0.00,0.00,0.00,0.00,0.00,0.00,0.00,Matches
543,Danny Welbeck,engENG,FW,Brighton,34-146,1990,26,20,1762.0,19.6,9,4,13,9,0,0,4,0,8.0,8.0,1.1,9.1,18,39,77,0.46,0.20,0.66,0.46,0.66,0.41,0.05,0.47,0.41,0.47,Matches
384,Dara O'Shea,ieIRL,DF,Ipswich Town,26-048,1999,30,30,2672.0,29.7,0,2,2,0,0,0,6,0,1.1,1.1,0.5,1.7,3,70,6,0.00,0.07,0.07,0.00,0.07,0.04,0.02,0.06,0.04,0.06,Matches
379,Darwin Núñez,uyURU,FW,Liverpool,25-301,1999,25,8,1010.0,11.2,5,2,7,5,0,0,8,0,5.0,5.0,1.2,6.2,20,25,67,0.45,0.18,0.62,0.45,0.62,0.44,0.11,0.55,0.44,0.55,Matches
71,David Brooks,wlsWAL,"FW,MF",Bournemouth,27-287,1997,25,8,815.0,9.1,2,0,2,2,0,0,3,0,2.2,2.2,1.7,3.9,25,27,75,0.22,0.00,0.22,0.22,0.22,0.24,0.19,0.43,0.24,0.43,Matches
422,David Raya,esESP,GK,Arsenal,29-218,1995,33,33,2970.0,33.0,0,0,0,0,0,0,2,0,0.0,0.0,0.0,0.0,0,12,0,0.00,0.00,0.00,0.00,0.00,0.00,0.00,0.00,0.00,0.00,Matches
231,Dean Henderson,engENG,GK,Crystal Palace,28-040,1997,33,33,2970.0,33.0,0,0,0,0,0,0,3,0,0.0,0.0,0.1,0.1,0,0,0,0.00,0.00,0.00,0.00,0.00,0.00,0.00,0.00,0.00,0.00,Matches
241,Dean Huijsen,esESP,DF,Bournemouth,20-007,2005,27,22,2054.0,22.8,2,1,3,2,0,0,7,0,1.7,1.7,2.0,3.7,35,107,10,0.09,0.04,0.13,0.09,0.13,0.08,0.09,0.16,0.08,0.16,Matches
429,Declan Rice,engENG,MF,Arsenal,26-097,1999,31,29,2482.0,27.6,2,7,9,2,0,0,6,1,2.6,2.6,6.4,8.9,86,171,85,0.07,0.25,0.33,0.07,0.33,0.09,0.23,0.32,0.09,0.32,Matches
290,Dejan Kulusevski,seSWE,"MF,FW",Tottenham,24-361,2000,28,24,2170.0,24.1,7,4,11,7,0,0,3,0,4.1,4.1,6.1,10.2,115,118,201,0.29,0.17,0.46,0.29,0.46,0.17,0.25,0.42,0.17,0.42,Matches
520,Destiny Udogie,itITA,DF,Tottenham,22-144,2002,23,22,1744.0,19.4,0,1,1,0,0,0,2,0,0.3,0.3,1.4,1.7,51,117,92,0.00,0.05,0.05,0.00,0.05,0.02,0.07,0.09,0.02,0.09,Matches
84,Diego Carlos,brBRA,DF,Aston Villa,32-037,1993,10,8,830.0,9.2,0,0,0,0,0,0,1,0,0.6,0.6,0.0,0.6,3,34,0,0.00,0.00,0.00,0.00,0.00,0.07,0.00,0.07,0.07,0.07,Matches
203,Diego Gómez,pyPAR,MF,Brighton,22-025,2003,11,4,431.0,4.8,0,0,0,0,0,0,0,0,0.4,0.4,0.5,0.9,5,18,13,0.00,0.00,0.00,0.00,0.00,0.09,0.11,0.20,0.09,0.20,Matches
117,Diogo Dalot,ptPOR,DF,Manchester Utd,26-034,1999,32,31,2788.0,31.0,0,3,3,0,0,0,5,0,2.0,2.0,2.0,4.0,62,102,164,0.00,0.10,0.10,0.00,0.10,0.06,0.07,0.13,0.06,0.13,Matches
266,Diogo Jota,ptPOR,FW,Liverpool,28-138,1996,22,13,1074.0,11.9,6,3,9,6,0,0,2,0,7.3,7.3,1.8,9.1,36,33,85,0.50,0.25,0.75,0.50,0.75,0.61,0.15,0.76,0.61,0.76,Matches
480,Djed Spence,engENG,DF,Tottenham,24-255,2000,19,14,1334.0,14.8,1,2,3,1,0,0,4,1,0.5,0.5,1.7,2.2,45,88,63,0.07,0.13,0.20,0.07,0.20,0.03,0.11,0.15,0.03,0.15,Matches
83,Dominic Calvert-Lewin,engENG,FW,Everton,28-036,1997,22,19,1574.0,17.5,3,1,4,3,0,0,2,0,6.1,6.1,0.6,6.7,22,19,105,0.17,0.06,0.23,0.17,0.23,0.35,0.04,0.39,0.35,0.39,Matches
474,Dominic Solanke,engENG,FW,Tottenham,27-219,1997,23,23,2028.0,22.5,7,3,10,7,0,0,0,0,9.9,9.9,2.9,12.8,29,45,85,0.31,0.13,0.44,0.31,0.44,0.44,0.13,0.57,0.44,0.57,Matches
493,Dominik Szoboszlai,huHUN,MF,Liverpool,24-178,2000,31,25,2190.0,24.3,5,3,8,5,0,0,6,0,6.9,6.9,5.1,11.9,64,110,118,0.21,0.12,0.33,0.21,0.33,0.28,0.21,0.49,0.28,0.49,Matches
320,Donyell Malen,nlNED,FW,Aston Villa,26-102,1999,10,2,268.0,3.0,3,0,3,3,0,0,0,0,1.6,1.6,0.1,1.7,8,5,23,1.01,0.00,1.01,1.01,1.01,0.55,0.02,0.57,0.55,0.57,Matches
338,Dwight McNeil,engENG,"MF,FW",Everton,25-150,1999,16,13,1157.0,12.9,3,4,7,3,0,0,1,0,0.9,0.9,3.8,4.7,32,61,66,0.23,0.31,0.54,0.23,0.54,0.07,0.29,0.36,0.07,0.36,Matches
171,Eberechi Eze,engENG,"MF,FW",Crystal Palace,26-296,1998,29,27,2275.0,25.3,3,8,11,3,0,1,1,0,7.9,7.1,4.7,11.8,65,85,140,0.12,0.32,0.44,0.12,0.44,0.31,0.19,0.50,0.28,0.47,Matches
375,Eddie Nketiah,engENG,"FW,MF",Crystal Palace,25-326,1999,24,7,801.0,8.9,1,1,2,1,0,0,5,1,3.7,3.7,1.5,5.2,35,15,65,0.11,0.11,0.22,0.11,0.22,0.42,0.17,0.59,0.42,0.59,Matches
153,Ederson,brBRA,GK,Manchester City,31-247,1993,22,22,1960.0,21.8,0,4,4,0,0,0,3,0,0.0,0.0,1.5,1.5,0,1,0,0.00,0.18,0.18,0.00,0.18,0.00,0.07,0.07,0.00,0.07,Matches
316,Edmond-Paris Maghoma,engENG,"MF,FW",Brentford,23-348,2001,8,0,119.0,1.3,0,0,0,0,0,0,0,0,0.1,0.1,0.1,0.2,4,13,4,0.00,0.00,0.00,0.00,0.00,0.09,0.08,0.17,0.09,0.17,Matches
25,Elliot Anderson,engENG,MF,Nott'ham Forest,22-166,2002,31,27,2227.0,24.7,1,6,7,1,0,0,6,0,1.6,1.6,3.1,4.7,36,112,77,0.04,0.24,0.28,0.04,0.28,0.07,0.12,0.19,0.07,0.19,Matches
401,Emerson Palmieri,itITA,DF,West Ham,30-261,1994,28,24,1930.0,21.4,2,1,3,2,0,0,5,0,2.0,2.0,1.5,3.4,42,60,75,0.09,0.05,0.14,0.09,0.14,0.09,0.07,0.16,0.09,0.16,Matches
72,Emi Buendía,arARG,"MF,FW",Aston Villa,28-117,1996,12,0,98.0,1.1,0,0,0,0,0,0,1,0,0.7,0.7,0.0,0.7,3,7,6,0.00,0.00,0.00,0.00,0.00,0.60,0.02,0.62,0.60,0.62,Matches
288,Emil Krafth,seSWE,DF,Newcastle Utd,30-262,1994,9,2,288.0,3.2,0,0,0,0,0,0,0,0,0.0,0.0,0.1,0.1,3,7,1,0.00,0.00,0.00,0.00,0.00,0.01,0.03,0.04,0.01,0.04,Matches
473,Emile Smith Rowe,engENG,MF,Fulham,24-267,2000,29,23,1827.0,20.3,5,2,7,5,0,0,2,0,4.1,4.1,1.1,5.2,50,116,109,0.25,0.10,0.34,0.25,0.34,0.20,0.05,0.26,0.20,0.26,Matches
326,Emiliano Martínez,arARG,GK,Aston Villa,32-231,1992,32,32,2790.0,31.0,0,0,0,0,0,0,4,0,0.0,0.0,0.5,0.5,0,3,0,0.00,0.00,0.00,0.00,0.00,0.00,0.02,0.02,0.00,0.02,Matches
523,Enes Ünal,trTUR,"FW,MF",Bournemouth,27-346,1997,17,2,345.0,3.8,2,1,3,2,0,0,2,0,2.7,2.7,0.4,3.1,4,12,22,0.52,0.26,0.78,0.52,0.78,0.72,0.10,0.82,0.72,0.82,Matches
180,Enzo Fernández,arARG,MF,Chelsea,24-094,2001,31,27,2500.0,27.8,5,6,11,5,0,0,7,0,5.3,5.3,6.0,11.3,56,193,107,0.18,0.22,0.40,0.18,0.40,0.19,0.22,0.41,0.19,0.41,Matches
221,Erling Haaland,noNOR,FW,Manchester City,24-274,2000,28,28,2480.0,27.6,21,3,24,19,2,3,2,0,20.8,18.4,2.8,21.2,19,18,103,0.76,0.11,0.87,0.69,0.80,0.76,0.10,0.86,0.67,0.77,Matches
380,Ethan Nwaneri,engENG,"FW,MF",Arsenal,18-031,2007,23,10,811.0,9.0,4,2,6,4,0,0,1,0,1.1,1.1,1.0,2.2,44,30,101,0.44,0.22,0.67,0.44,0.67,0.13,0.11,0.24,0.13,0.24,Matches
411,Ethan Pinnock,jmJAM,DF,Brentford,31-327,1993,22,21,1913.0,21.3,2,0,2,2,0,0,2,0,1.1,1.1,1.2,2.3,3,41,9,0.09,0.00,0.09,0.09,0.09,0.05,0.05,0.11,0.05,0.11,Matches
176,Evan Ferguson,ieIRL,FW,West Ham,20-184,2004,7,1,145.0,1.6,0,0,0,0,0,0,0,0,0.6,0.6,0.3,0.9,1,0,6,0.00,0.00,0.00,0.00,0.00,0.35,0.19,0.53,0.35,0.53,Matches
177,Evan Ferguson,ieIRL,FW,Brighton,20-184,2004,13,2,246.0,2.7,1,0,1,1,0,0,0,0,0.5,0.5,0.4,1.0,2,1,9,0.37,0.00,0.37,0.37,0.37,0.20,0.15,0.35,0.20,0.35,Matches
168,Evanilson,brBRA,FW,Bournemouth,25-197,1999,26,23,1903.0,21.1,9,0,9,9,0,1,0,0,11.0,10.2,1.5,11.7,25,19,86,0.43,0.00,0.43,0.43,0.43,0.52,0.07,0.59,0.48,0.56,Matches
285,Ezri Konsa,engENG,DF,Aston Villa,27-180,1997,29,28,2486.0,27.6,1,0,1,1,0,0,0,0,0.9,0.9,0.4,1.2,16,72,11,0.04,0.00,0.04,0.04,0.04,0.03,0.01,0.04,0.03,0.04,Matches
455,Fabian Schär,chSUI,DF,Newcastle Utd,33-122,1991,29,28,2493.0,27.7,4,0,4,4,0,0,7,1,2.1,2.1,0.4,2.5,14,87,17,0.14,0.00,0.14,0.14,0.14,0.08,0.01,0.09,0.08,0.09,Matches
85,Fabio Carvalho,ptPOR,"FW,MF",Brentford,22-234,2002,19,3,455.0,5.1,2,1,3,2,0,0,1,0,2.5,2.5,0.7,3.2,9,17,23,0.40,0.20,0.59,0.40,0.59,0.49,0.13,0.62,0.49,0.62,Matches
74,Facundo Buonanotte,arARG,"FW,MF",Leicester City,20-119,2004,28,13,1429.0,15.9,4,2,6,4,0,0,7,0,3.7,3.7,3.1,6.8,38,51,66,0.25,0.13,0.38,0.25,0.38,0.23,0.19,0.43,0.23,0.43,Matches
269,Ferdi Kadioglu,trTUR,"DF,MF",Brighton,25-196,1999,6,5,385.0,4.3,1,0,1,1,0,0,1,0,0.4,0.4,0.2,0.6,1,15,27,0.23,0.00,0.23,0.23,0.23,0.10,0.04,0.14,0.10,0.14,Matches
268,Filip Jørgensen,dkDEN,GK,Chelsea,23-005,2002,6,6,540.0,6.0,0,0,0,0,0,0,0,0,0.0,0.0,0.0,0.0,0,0,0,0.00,0.00,0.00,0.00,0.00,0.00,0.00,0.00,0.00,0.00,Matches
147,Flynn Downes,engENG,MF,Southampton,26-091,1999,22,20,1701.0,18.9,1,0,1,1,0,0,10,0,0.6,0.6,0.9,1.6,23,56,28,0.05,0.00,0.05,0.05,0.05,0.03,0.05,0.08,0.03,0.08,Matches
185,Fraser Forster,engENG,GK,Tottenham,37-035,1988,7,7,630.0,7.0,0,0,0,0,0,0,0,0,0.0,0.0,0.0,0.0,0,0,0,0.00,0.00,0.00,0.00,0.00,0.00,0.00,0.00,0.00,0.00,Matches
256,Gabriel Jesus,brBRA,FW,Arsenal,28-018,1997,17,6,608.0,6.8,3,0,3,3,0,0,4,0,3.0,3.0,0.7,3.7,15,19,57,0.44,0.00,0.44,0.44,0.44,0.44,0.10,0.54,0.44,0.54,Matches
315,Gabriel Magalhães,brBRA,DF,Arsenal,27-123,1997,28,28,2363.0,26.3,3,1,4,3,0,0,4,0,2.6,2.6,0.9,3.5,10,126,11,0.11,0.04,0.15,0.11,0.15,0.10,0.03,0.13,0.10,0.13,Matches
325,Gabriel Martinelli,brBRA,"FW,MF",Arsenal,23-307,2001,28,20,1866.0,20.7,7,4,11,7,0,0,1,0,5.8,5.8,4.3,10.1,104,43,248,0.34,0.19,0.53,0.34,0.53,0.28,0.21,0.49,0.28,0.49,Matches
237,George Hirst,sctSCO,FW,Ipswich Town,26-065,1999,21,3,451.0,5.0,2,1,3,2,0,0,1,0,1.3,1.3,0.3,1.5,9,11,25,0.40,0.20,0.60,0.40,0.60,0.26,0.05,0.31,0.26,0.31,Matches
440,Georginio Rutter,frFRA,"MF,FW",Brighton,23-001,2002,28,19,1656.0,18.4,5,3,8,5,0,0,2,0,4.6,4.6,2.5,7.1,42,67,79,0.27,0.16,0.43,0.27,0.43,0.25,0.14,0.39,0.25,0.39,Matches
213,Gonçalo Guedes,ptPOR,"MF,FW",Wolves,28-143,1996,24,7,770.0,8.6,2,4,6,2,0,0,1,0,2.2,2.2,1.1,3.3,31,30,58,0.23,0.47,0.70,0.23,0.70,0.25,0.13,0.38,0.25,0.38,Matches
531,Guglielmo Vicario,itITA,GK,Tottenham,28-196,1996,20,20,1800.0,20.0,0,0,0,0,0,0,1,0,0.0,0.0,0.0,0.0,0,1,0,0.00,0.00,0.00,0.00,0.00,0.00,0.00,0.00,0.00,0.00,Matches
436,Guido Rodríguez,arARG,MF,West Ham,31-009,1994,20,14,1018.0,11.3,0,0,0,0,0,0,5,0,0.2,0.2,0.1,0.3,2,31,5,0.00,0.00,0.00,0.00,0.00,0.02,0.01,0.03,0.02,0.03,Matches
98,Hamza Choudhury,bdBAN,"MF,DF",Leicester City,27-202,1997,4,1,131.0,1.5,0,0,0,0,0,0,0,0,0.0,0.0,0.4,0.4,4,3,6,0.00,0.00,0.00,0.00,0.00,0.00,0.27,0.27,0.00,0.27,Matches
423,Harrison Reed,engENG,MF,Fulham,30-084,1995,11,0,93.0,1.0,0,0,0,0,0,0,2,0,0.2,0.2,0.1,0.3,1,4,7,0.00,0.00,0.00,0.00,0.00,0.22,0.07,0.30,0.22,0.30,Matches
100,Harry Clarke,engENG,DF,Ipswich Town,24-050,2001,7,4,379.0,4.2,0,0,0,0,0,0,3,1,0.1,0.1,0.0,0.1,5,14,2,0.00,0.00,0.00,0.00,0.00,0.02,0.01,0.03,0.02,0.03,Matches
317,Harry Maguire,engENG,DF,Manchester Utd,32-047,1993,22,16,1418.0,15.8,1,0,1,1,0,0,7,0,1.4,1.4,0.3,1.6,6,42,5,0.06,0.00,0.06,0.06,0.06,0.09,0.02,0.10,0.09,0.10,Matches
553,Harry Wilson,wlsWAL,"FW,MF",Fulham,28-030,1997,20,8,851.0,9.5,5,1,6,5,0,0,2,0,3.2,3.2,1.0,4.2,16,43,71,0.53,0.11,0.63,0.53,0.63,0.34,0.10,0.45,0.34,0.45,Matches
554,Harry Winks,engENG,MF,Leicester City,29-078,1996,22,17,1538.0,17.1,0,2,2,0,0,0,4,0,0.2,0.2,1.2,1.5,19,101,11,0.00,0.12,0.12,0.00,0.12,0.01,0.07,0.09,0.01,0.09,Matches
46,Harvey Barnes,engENG,FW,Newcastle Utd,27-133,1997,28,12,1337.0,14.9,9,4,13,9,0,0,0,0,6.2,6.2,3.4,9.6,68,63,143,0.61,0.27,0.88,0.61,0.88,0.41,0.23,0.65,0.41,0.65,Matches
160,Harvey Elliott,engENG,"MF,FW",Liverpool,22-017,2003,13,0,184.0,2.0,0,1,1,0,0,0,0,0,0.5,0.5,0.9,1.3,7,24,23,0.00,0.49,0.49,0.00,0.49,0.23,0.42,0.64,0.23,0.64,Matches
230,Hwang Hee-chan,krKOR,"MF,FW",Wolves,29-085,1996,19,5,645.0,7.2,2,0,2,2,0,0,0,0,0.8,0.8,0.1,0.9,15,12,40,0.28,0.00,0.28,0.28,0.28,0.11,0.02,0.13,0.11,0.13,Matches
417,Hákon Rafn Valdimarsson,isISL,GK,Brentford,23-190,2001,2,1,145.0,1.6,0,0,0,0,0,0,0,0,0.0,0.0,0.0,0.0,0,0,0,0.00,0.00,0.00,0.00,0.00,0.00,0.00,0.00,0.00,0.00,Matches
311,Ian Maatsen,nlNED,DF,Aston Villa,23-042,2002,25,7,887.0,9.9,1,2,3,1,0,0,2,0,0.7,0.7,2.7,3.4,26,39,84,0.10,0.20,0.30,0.10,0.30,0.08,0.27,0.35,0.08,0.35,Matches
447,Ibrahim Sangaré,ciCIV,MF,Nott'ham Forest,27-140,1997,8,3,279.0,3.1,0,1,1,0,0,0,2,0,0.0,0.0,0.4,0.4,0,12,2,0.00,0.32,0.32,0.00,0.32,0.01,0.11,0.12,0.01,0.12,Matches
284,Ibrahima Konaté,frFRA,DF,Liverpool,25-331,1999,27,26,2230.0,24.8,1,2,3,1,0,0,5,0,1.6,1.6,1.0,2.6,21,102,2,0.04,0.08,0.12,0.04,0.12,0.07,0.04,0.11,0.07,0.11,Matches
191,Idrissa Gana Gueye,snSEN,MF,Everton,35-207,1989,32,30,2615.0,29.1,0,3,3,0,0,0,8,0,1.0,1.0,1.7,2.7,23,122,21,0.00,0.10,0.10,0.00,0.10,0.04,0.06,0.09,0.04,0.09,Matches
244,Igor,brBRA,DF,Brighton,27-073,1998,12,9,903.0,10.0,0,0,0,0,0,0,4,0,0.0,0.0,0.2,0.2,9,44,0,0.00,0.00,0.00,0.00,0.00,0.00,0.02,0.02,0.00,0.02,Matches
368,Iliman Ndiaye,snSEN,FW,Everton,25-046,2000,28,25,2117.0,23.5,7,0,7,5,2,2,3,0,5.2,3.6,1.6,5.2,78,44,105,0.30,0.00,0.30,0.21,0.21,0.22,0.07,0.29,0.15,0.22,Matches
450,Ismaila Sarr,snSEN,"MF,FW",Crystal Palace,27-055,1998,33,26,2364.0,26.3,7,4,11,7,0,0,4,0,8.3,8.3,6.9,15.1,63,76,160,0.27,0.15,0.42,0.27,0.42,0.31,0.26,0.58,0.31,0.58,Matches
135,Issa Diop,frFRA,DF,Fulham,28-102,1997,21,15,1339.0,14.9,0,0,0,0,0,0,2,0,0.5,0.5,0.1,0.6,6,25,3,0.00,0.00,0.00,0.00,0.00,0.04,0.01,0.04,0.04,0.04,Matches
101,Jack Clarke,engENG,"FW,MF",Ipswich Town,24-149,2000,27,10,994.0,11.0,0,4,4,0,0,0,2,0,1.0,1.0,2.0,2.9,29,32,47,0.00,0.36,0.36,0.00,0.36,0.09,0.18,0.27,0.09,0.27,Matches
209,Jack Grealish,engENG,"FW,MF",Manchester City,29-223,1995,19,7,720.0,8.0,1,1,2,1,0,0,3,0,1.1,1.1,1.8,3.0,69,52,118,0.12,0.12,0.25,0.12,0.25,0.14,0.23,0.37,0.14,0.37,Matches
225,Jack Harrison,engENG,FW,Everton,28-152,1996,29,21,1825.0,20.3,1,0,1,1,0,0,0,0,3.3,3.3,3.7,7.0,60,43,114,0.05,0.00,0.05,0.05,0.05,0.16,0.18,0.34,0.16,0.34,Matches
236,Jack Hinshelwood,engENG,"DF,MF",Brighton,20-010,2005,21,19,1595.0,17.7,2,1,3,2,0,0,4,0,1.4,1.4,1.2,2.6,16,55,44,0.11,0.06,0.17,0.11,0.17,0.08,0.07,0.15,0.08,0.15,Matches
483,Jack Stephens,engENG,DF,Southampton,31-084,1994,15,13,1074.0,11.9,0,0,0,0,0,0,2,2,0.3,0.3,0.2,0.5,13,49,2,0.00,0.00,0.00,0.00,0.00,0.03,0.01,0.04,0.03,0.04,Matches
498,Jack Taylor,ieIRL,MF,Ipswich Town,26-302,1998,27,1,600.0,6.7,1,0,1,1,0,0,3,0,0.7,0.7,0.5,1.2,11,37,18,0.15,0.00,0.15,0.15,0.15,0.10,0.08,0.19,0.10,0.19,Matches
210,Jacob Greaves,engENG,DF,Ipswich Town,24-221,2000,20,20,1755.0,19.5,1,0,1,1,0,0,4,0,1.2,1.2,0.0,1.3,6,48,5,0.05,0.00,0.05,0.05,0.05,0.06,0.00,0.07,0.06,0.07,Matches
366,Jacob Murphy,engENG,FW,Newcastle Utd,30-056,1995,30,26,2018.0,22.4,8,11,19,8,0,0,3,0,5.5,5.5,7.8,13.3,67,61,187,0.36,0.49,0.85,0.36,0.85,0.25,0.35,0.59,0.25,0.59,Matches
419,Jacob Ramsey,engENG,"FW,MF",Aston Villa,23-328,2001,25,17,1425.0,15.8,1,3,4,1,0,0,2,0,1.4,1.4,2.1,3.5,55,62,101,0.06,0.19,0.25,0.06,0.25,0.09,0.13,0.22,0.09,0.22,Matches
409,Jaden Philogene Bidace,engENG,"FW,DF",Ipswich Town,23-072,2002,10,5,474.0,5.3,2,0,2,2,0,0,1,0,2.0,2.0,0.2,2.2,13,10,36,0.38,0.00,0.38,0.38,0.38,0.37,0.05,0.42,0.37,0.42,Matches
408,Jaden Philogene Bidace,engENG,"FW,MF",Aston Villa,23-072,2002,11,2,332.0,3.7,0,0,0,0,0,0,4,1,0.5,0.5,0.3,0.8,7,4,17,0.00,0.00,0.00,0.00,0.00,0.13,0.08,0.20,0.13,0.20,Matches
446,Jadon Sancho,engENG,FW,Chelsea,25-027,2000,27,18,1655.0,18.4,3,4,7,3,0,0,1,0,2.0,2.0,3.4,5.4,95,86,214,0.16,0.22,0.38,0.16,0.38,0.11,0.18,0.29,0.11,0.29,Matches
468,Jahmai Simpson-Pusey,engENG,DF,Manchester City,19-168,2005,2,1,96.0,1.1,0,0,0,0,0,0,1,0,0.0,0.0,0.0,0.0,1,3,0,0.00,0.00,0.00,0.00,0.00,0.00,0.00,0.00,0.00,0.00,Matches
382,Jake O'Brien,ieIRL,DF,Everton,23-341,2001,16,13,1211.0,13.5,2,0,2,2,0,0,4,0,0.7,0.7,0.6,1.3,7,39,24,0.15,0.00,0.15,0.15,0.15,0.05,0.04,0.09,0.05,0.09,Matches
282,Jakub Kiwior,plPOL,DF,Arsenal,25-065,2000,12,5,672.0,7.5,0,0,0,0,0,0,0,0,0.1,0.1,0.3,0.4,4,23,0,0.00,0.00,0.00,0.00,0.00,0.02,0.03,0.05,0.02,0.05,Matches
486,Jakub Stolarczyk,plPOL,GK,Leicester City,24-123,2000,6,6,540.0,6.0,0,0,0,0,0,0,1,0,0.0,0.0,0.0,0.0,0,1,0,0.00,0.00,0.00,0.00,0.00,0.00,0.00,0.00,0.00,0.00,Matches
67,James Bree,engENG,DF,Southampton,27-192,1997,14,11,890.0,9.9,0,1,1,0,0,0,0,0,0.1,0.1,0.9,1.0,9,30,34,0.00,0.10,0.10,0.00,0.10,0.01,0.09,0.10,0.01,0.10,Matches
194,James Garner,engENG,"MF,DF",Everton,24-039,2001,16,12,1144.0,12.7,0,1,1,0,0,0,3,0,0.3,0.3,1.3,1.6,9,33,22,0.00,0.08,0.08,0.00,0.08,0.02,0.10,0.12,0.02,0.12,Matches
235,James Hill,engENG,DF,Bournemouth,23-101,2002,10,6,448.0,5.0,0,1,1,0,0,0,1,0,0.3,0.3,0.3,0.6,3,16,8,0.00,0.20,0.20,0.00,0.20,0.06,0.05,0.11,0.06,0.11,Matches
267,James Justin,engENG,DF,Leicester City,27-057,1998,31,30,2534.0,28.2,2,1,3,2,0,0,5,0,1.5,1.5,0.5,2.0,36,80,90,0.07,0.04,0.11,0.07,0.11,0.05,0.02,0.07,0.05,0.07,Matches
313,James Maddison,engENG,MF,Tottenham,28-149,1996,30,20,1764.0,19.6,9,6,15,9,0,0,6,0,5.8,5.8,4.1,9.9,43,160,92,0.46,0.31,0.77,0.46,0.77,0.30,0.21,0.51,0.30,0.51,Matches
334,James Mcatee,engENG,"MF,FW",Manchester City,22-185,2002,12,1,224.0,2.5,3,0,3,3,0,0,1,0,2.7,2.7,0.3,3.1,7,6,18,1.21,0.00,1.21,1.21,1.21,1.10,0.13,1.24,1.10,1.24,Matches
346,James Milner,engENG,MF,Brighton,39-107,1986,3,3,169.0,1.9,0,0,0,0,0,0,1,0,0.2,0.2,0.2,0.4,1,10,10,0.00,0.00,0.00,0.00,0.00,0.09,0.12,0.21,0.09,0.21,Matches
495,James Tarkowski,engENG,DF,Everton,32-153,1992,33,33,2922.0,32.5,1,1,2,1,0,0,6,0,1.3,1.3,2.9,4.2,9,75,3,0.03,0.03,0.06,0.03,0.06,0.04,0.09,0.13,0.04,0.13,Matches
539,James Ward-Prowse,engENG,MF,West Ham,30-171,1994,10,8,757.0,8.4,0,1,1,0,0,0,2,0,0.5,0.5,1.1,1.6,9,43,3,0.00,0.12,0.12,0.00,0.12,0.06,0.13,0.19,0.06,0.19,Matches
540,James Ward-Prowse,engENG,MF,Nott'ham Forest,30-171,1994,9,5,400.0,4.4,0,1,1,0,0,0,2,1,0.1,0.1,1.1,1.2,1,16,3,0.00,0.23,0.23,0.00,0.23,0.01,0.25,0.26,0.01,0.26,Matches
525,Jamie Vardy,engENG,FW,Leicester City,38-100,1987,31,31,2482.0,27.6,7,3,10,6,1,1,5,0,9.4,8.6,2.9,11.5,27,20,104,0.25,0.11,0.36,0.22,0.33,0.34,0.11,0.45,0.31,0.42,Matches
49,Jan Bednarek,plPOL,DF,Southampton,29-009,1996,27,27,2261.0,25.1,2,0,2,2,0,0,7,0,0.7,0.7,0.5,1.2,4,58,1,0.08,0.00,0.08,0.08,0.08,0.03,0.02,0.05,0.03,0.05,Matches
229,Jan Paul van Hecke,nlNED,DF,Brighton,24-317,2000,30,29,2598.0,28.9,1,1,2,1,0,0,8,1,1.3,1.3,1.5,2.7,53,209,5,0.03,0.03,0.07,0.03,0.07,0.04,0.05,0.09,0.04,0.09,Matches
530,Jannik Vestergaard,dkDEN,DF,Leicester City,32-261,1992,18,16,1391.0,15.5,0,0,0,0,0,0,5,0,0.1,0.1,0.1,0.2,3,32,2,0.00,0.00,0.00,0.00,0.00,0.01,0.01,0.01,0.01,0.01,Matches
416,Jarell Quansah,engENG,DF,Liverpool,22-082,2003,11,2,315.0,3.5,0,0,0,0,0,0,1,0,0.1,0.1,0.1,0.2,2,12,4,0.00,0.00,0.00,0.00,0.00,0.03,0.02,0.05,0.03,0.05,Matches
66,Jarrad Branthwaite,engENG,DF,Everton,22-298,2002,26,24,2168.0,24.1,0,1,1,0,0,0,4,0,1.1,1.1,0.6,1.6,9,54,1,0.00,0.04,0.04,0.00,0.04,0.05,0.02,0.07,0.05,0.07,Matches
64,Jarrod Bowen,engENG,"FW,MF",West Ham,28-122,1996,29,29,2541.0,28.2,9,5,14,8,1,1,1,0,7.4,6.6,5.4,12.0,93,84,176,0.32,0.18,0.50,0.28,0.46,0.26,0.19,0.45,0.24,0.43,Matches
482,Jason Steele,engENG,GK,Brighton,34-246,1990,2,2,180.0,2.0,0,0,0,0,0,0,0,0,0.0,0.0,0.0,0.0,0,0,0,0.00,0.00,0.00,0.00,0.00,0.00,0.00,0.00,0.00,0.00,Matches
506,Jean-Clair Todibo,frFRA,DF,West Ham,25-112,1999,22,15,1395.0,15.5,0,0,0,0,0,0,2,0,0.2,0.2,0.0,0.2,9,27,4,0.00,0.00,0.00,0.00,0.00,0.01,0.00,0.01,0.01,0.01,Matches
329,Jean-Philippe Mateta,frFRA,FW,Crystal Palace,27-297,1997,32,30,2431.0,27.0,13,2,15,11,2,2,2,0,12.0,10.4,3.0,13.4,36,45,114,0.48,0.07,0.56,0.41,0.48,0.45,0.11,0.56,0.39,0.50,Matches
51,Jean-Ricner Bellegarde,frFRA,"MF,FW",Wolves,26-298,1998,30,18,1479.0,16.4,2,6,8,2,0,0,3,0,1.3,1.3,3.6,4.9,46,35,80,0.12,0.37,0.49,0.12,0.49,0.08,0.22,0.30,0.08,0.30,Matches
298,Jefferson Lerma,coCOL,"MF,DF",Crystal Palace,30-178,1994,28,22,1940.0,21.6,0,1,1,0,0,0,8,0,1.0,1.0,1.5,2.5,11,83,24,0.00,0.05,0.05,0.00,0.05,0.05,0.07,0.11,0.05,0.11,Matches
456,Jeffrey Schlupp,ghGHA,"MF,DF",Crystal Palace,32-119,1992,12,0,103.0,1.1,0,0,0,0,0,0,0,0,0.2,0.2,0.2,0.3,4,5,9,0.00,0.00,0.00,0.00,0.00,0.14,0.14,0.28,0.14,0.28,Matches
81,Jens Cajuste,seSWE,MF,Ipswich Town,25-254,1999,26,23,1774.0,19.7,1,0,1,1,0,0,2,0,0.5,0.5,0.6,1.1,23,46,16,0.05,0.00,0.05,0.05,0.05,0.02,0.03,0.06,0.02,0.06,Matches
141,Jeremy Doku,beBEL,"FW,MF",Manchester City,22-329,2002,24,14,1290.0,14.3,3,4,7,3,0,0,1,0,1.0,1.0,3.5,4.6,172,62,231,0.21,0.28,0.49,0.21,0.49,0.07,0.25,0.32,0.07,0.32,Matches
305,Jesper Lindstrøm,dkDEN,FW,Everton,25-051,2000,25,15,1239.0,13.8,0,1,1,0,0,0,2,0,2.1,2.1,2.0,4.1,30,25,81,0.00,0.07,0.07,0.00,0.07,0.15,0.15,0.30,0.15,0.30,Matches
24,Joachim Andersen,dkDEN,DF,Fulham,28-325,1996,24,24,2133.0,23.7,0,0,0,0,0,0,5,1,0.5,0.5,0.3,0.8,13,100,1,0.00,0.00,0.00,0.00,0.00,0.02,0.01,0.03,0.02,0.03,Matches
32,Joe Aribo,ngNGA,"MF,DF",Southampton,28-274,1996,30,20,1909.0,21.2,3,0,3,3,0,0,1,0,2.7,2.7,1.6,4.3,35,71,64,0.14,0.00,0.14,0.14,0.14,0.13,0.07,0.20,0.13,0.20,Matches
204,Joe Gomez,engENG,DF,Liverpool,27-333,1997,9,6,519.0,5.8,0,0,0,0,0,0,1,0,0.3,0.3,0.1,0.4,5,35,2,0.00,0.00,0.00,0.00,0.00,0.06,0.02,0.08,0.06,0.08,Matches
309,Joe Lumley,engENG,GK,Southampton,30-065,1995,3,3,270.0,3.0,0,0,0,0,0,0,0,0,0.0,0.0,0.0,0.0,0,0,0,0.00,0.00,0.00,0.00,0.00,0.00,0.00,0.00,0.00,0.00,Matches
551,Joe Willock,engENG,"MF,FW",Newcastle Utd,25-244,1999,28,9,887.0,9.9,0,2,2,0,0,0,2,0,1.2,1.2,1.6,2.9,31,34,68,0.00,0.20,0.20,0.00,0.20,0.12,0.17,0.29,0.12,0.29,Matches
260,Joelinton,brBRA,"MF,FW",Newcastle Utd,28-250,1996,29,29,2393.0,26.6,4,3,7,4,0,0,10,0,3.9,3.9,2.5,6.4,40,116,110,0.15,0.11,0.26,0.15,0.26,0.15,0.09,0.24,0.15,0.24,Matches
337,John McGinn,sctSCO,"MF,FW",Aston Villa,30-185,1994,29,24,1962.0,21.8,1,3,4,1,0,0,7,0,2.9,2.6,3.4,6.0,30,89,68,0.05,0.14,0.18,0.05,0.18,0.13,0.15,0.29,0.12,0.27,Matches
487,John Stones,engENG,"DF,MF",Manchester City,30-328,1994,11,6,548.0,6.1,2,0,2,2,0,0,1,0,0.4,0.4,0.1,0.5,10,21,2,0.33,0.00,0.33,0.33,0.33,0.07,0.01,0.08,0.07,0.08,Matches
170,Jonny Evans,nirNIR,DF,Manchester Utd,37-108,1988,6,3,290.0,3.2,0,0,0,0,0,0,1,0,0.1,0.1,0.0,0.1,1,8,2,0.00,0.00,0.00,0.00,0.00,0.03,0.00,0.03,0.03,0.03,Matches
41,Jordan Ayew,ghGHA,"FW,MF",Leicester City,33-222,1991,25,15,1310.0,14.6,4,0,4,3,1,1,5,0,2.8,2.0,0.8,2.8,38,31,68,0.27,0.00,0.27,0.21,0.21,0.19,0.05,0.25,0.14,0.19,Matches
410,Jordan Pickford,engENG,GK,Everton,31-045,1994,33,33,2970.0,33.0,0,1,1,0,0,0,7,0,0.0,0.0,0.4,0.4,0,0,0,0.00,0.03,0.03,0.00,0.03,0.00,0.01,0.01,0.00,0.01,Matches
114,Jorge Cuenca,esESP,DF,Fulham,25-155,1999,6,3,259.0,2.9,0,0,0,0,0,0,0,0,0.0,0.0,0.0,0.0,0,9,0,0.00,0.00,0.00,0.00,0.00,0.01,0.00,0.01,0.01,0.01,Matches
265,Jorginho,itITA,MF,Arsenal,33-122,1991,14,9,703.0,7.8,0,0,0,0,0,0,5,0,0.1,0.1,0.4,0.5,12,48,6,0.00,0.00,0.00,0.00,0.00,0.01,0.05,0.06,0.01,0.06,Matches
441,José Sá,ptPOR,GK,Wolves,32-094,1993,25,25,2250.0,25.0,0,0,0,0,0,0,2,0,0.0,0.0,0.1,0.1,0,2,0,0.00,0.00,0.00,0.00,0.00,0.00,0.01,0.01,0.00,0.01,Matches
466,Jota Silva,ptPOR,"FW,MF",Nott'ham Forest,25-263,1999,27,5,828.0,9.2,3,1,4,3,0,0,5,0,1.9,1.9,2.9,4.8,19,16,54,0.33,0.11,0.43,0.33,0.43,0.20,0.31,0.52,0.20,0.52,Matches
175,João Félix,ptPOR,"FW,MF",Chelsea,25-162,1999,12,3,369.0,4.1,1,1,2,1,0,0,2,0,2.2,2.2,1.0,3.2,21,26,30,0.24,0.24,0.49,0.24,0.49,0.54,0.23,0.78,0.54,0.78,Matches
200,João Gomes,brBRA,MF,Wolves,24-068,2001,31,31,2601.0,28.9,3,1,4,3,0,0,10,1,2.6,2.6,1.1,3.7,51,142,63,0.10,0.03,0.14,0.10,0.14,0.09,0.04,0.13,0.09,0.13,Matches
259,João Pedro,brBRA,"FW,MF",Brighton,23-207,2001,27,23,1948.0,21.6,10,6,16,5,5,5,4,1,8.9,5.0,5.0,10.0,66,78,128,0.46,0.28,0.74,0.23,0.51,0.41,0.23,0.64,0.23,0.46,Matches
527,Joël Veltman,nlNED,DF,Brighton,33-096,1992,19,19,1643.0,18.3,0,0,0,0,0,0,4,0,0.5,0.5,0.5,0.9,29,79,32,0.00,0.00,0.00,0.00,0.00,0.03,0.03,0.05,0.03,0.05,Matches
220,Joško Gvardiol,hrCRO,DF,Manchester City,23-088,2002,32,31,2827.0,31.4,5,0,5,5,0,0,1,0,4.2,3.9,2.0,5.9,77,231,96,0.16,0.00,0.16,0.16,0.16,0.13,0.06,0.20,0.12,0.19,Matches
29,Julian Araujo,mxMEX,DF,Bournemouth,23-251,2001,9,5,362.0,4.0,0,0,0,0,0,0,1,0,0.0,0.0,0.0,0.0,3,14,18,0.00,0.00,0.00,0.00,0.00,0.00,0.00,0.00,0.00,0.00,Matches
163,Julio Enciso,pyPAR,"MF,FW",Brighton,21-088,2004,12,2,294.0,3.3,0,0,0,0,0,0,0,0,1.0,1.0,0.2,1.2,11,14,17,0.00,0.00,0.00,0.00,0.00,0.31,0.07,0.38,0.31,0.38,Matches
162,Julio Enciso,pyPAR,"MF,FW",Ipswich Town,21-088,2004,9,8,550.0,6.1,1,3,4,1,0,0,3,0,1.2,1.2,1.2,2.4,12,22,28,0.16,0.49,0.65,0.16,0.65,0.19,0.20,0.39,0.19,0.39,Matches
505,Jurriën Timber,nlNED,DF,Arsenal,23-308,2001,29,26,2327.0,25.9,1,2,3,1,0,0,7,0,1.2,1.2,0.8,2.0,53,141,104,0.04,0.08,0.12,0.04,0.12,0.05,0.03,0.08,0.05,0.08,Matches
128,Justin Devenny,nirNIR,MF,Crystal Palace,21-192,2003,19,3,350.0,3.9,1,0,1,1,0,0,0,0,0.5,0.5,0.4,0.9,3,13,10,0.26,0.00,0.26,0.26,0.26,0.13,0.10,0.24,0.13,0.24,Matches
283,Justin Kluivert,nlNED,"MF,FW",Bournemouth,25-351,1999,29,25,2026.0,22.5,12,6,18,6,6,6,7,0,9.9,5.1,4.8,9.9,68,94,142,0.53,0.27,0.80,0.27,0.53,0.44,0.21,0.65,0.23,0.44,Matches
152,Jáder Durán,coCOL,FW,Aston Villa,21-129,2003,20,4,638.0,7.1,7,0,7,7,0,0,3,1,4.9,4.9,0.2,5.1,7,13,44,0.99,0.00,0.99,0.99,0.99,0.69,0.03,0.71,0.69,0.71,Matches
488,Jørgen Strand Larsen,noNOR,FW,Wolves,25-074,2000,31,28,2387.0,26.5,12,2,14,12,0,0,4,0,9.3,9.3,2.4,11.6,15,26,99,0.45,0.08,0.53,0.45,0.53,0.35,0.09,0.44,0.35,0.44,Matches
227,Kai Havertz,deGER,"FW,MF",Arsenal,25-314,1999,21,21,1839.0,20.4,9,3,12,9,0,0,4,0,9.4,9.4,2.4,11.8,34,59,110,0.44,0.15,0.59,0.44,0.59,0.46,0.12,0.58,0.46,0.58,Matches
407,Kalvin Phillips,engENG,MF,Ipswich Town,29-140,1995,18,14,1214.0,13.5,0,0,0,0,0,0,6,1,0.4,0.4,0.2,0.6,4,49,4,0.00,0.00,0.00,0.00,0.00,0.03,0.02,0.05,0.03,0.05,Matches
490,Kamaldeen Sulemana,ghGHA,"FW,MF",Southampton,23-065,2002,21,12,1045.0,11.6,1,1,2,1,0,0,0,0,1.2,1.2,0.7,1.9,53,24,69,0.09,0.09,0.17,0.09,0.17,0.11,0.06,0.17,0.11,0.17,Matches
350,Kaoru Mitoma,jpJPN,"FW,MF",Brighton,27-336,1997,32,28,2493.0,27.7,8,3,11,8,0,0,1,0,8.2,8.2,4.4,12.6,136,81,274,0.29,0.11,0.40,0.29,0.40,0.30,0.16,0.46,0.30,0.46,Matches
335,Kasey McAteer,ieIRL,"FW,MF",Leicester City,23-150,2001,13,5,484.0,5.4,0,1,1,0,0,0,1,0,0.6,0.6,0.5,1.1,13,9,42,0.00,0.19,0.19,0.00,0.19,0.11,0.09,0.20,0.11,0.20,Matches
300,Keane Lewis-Potter,engENG,"DF,FW",Brentford,24-058,2001,33,31,2714.0,30.2,1,3,4,1,0,0,5,0,2.6,2.6,3.0,5.6,92,88,143,0.03,0.10,0.13,0.03,0.13,0.08,0.10,0.18,0.08,0.18,Matches
500,Kenny Tete,nlNED,DF,Fulham,29-194,1995,17,16,1348.0,15.0,0,2,2,0,0,0,3,0,1.2,1.2,0.7,1.9,33,42,40,0.00,0.13,0.13,0.00,0.13,0.08,0.05,0.13,0.08,0.13,Matches
35,Kepa Arrizabalaga,esESP,GK,Bournemouth,30-200,1994,26,26,2340.0,26.0,0,0,0,0,0,0,3,0,0.1,0.1,0.0,0.1,0,2,0,0.00,0.00,0.00,0.00,0.00,0.00,0.00,0.00,0.00,0.00,Matches
121,Kevin Danso,atAUT,DF,Tottenham,26-214,1998,4,4,347.0,3.9,0,0,0,0,0,0,0,0,0.3,0.3,0.0,0.4,2,7,0,0.00,0.00,0.00,0.00,0.00,0.09,0.01,0.10,0.09,0.10,Matches
125,Kevin De Bruyne,beBEL,MF,Manchester City,33-297,1991,23,15,1366.0,15.2,3,7,10,3,0,0,2,0,3.4,3.4,7.2,10.6,44,124,128,0.20,0.46,0.66,0.20,0.66,0.22,0.47,0.70,0.22,0.70,Matches
454,Kevin Schade,deGER,FW,Brentford,23-145,2001,33,21,1931.0,21.5,7,2,9,7,0,0,3,0,6.2,6.2,3.3,9.5,54,32,139,0.33,0.09,0.42,0.33,0.42,0.29,0.16,0.44,0.29,0.44,Matches
504,Kieran Tierney,sctSCO,"DF,FW",Arsenal,27-320,1997,9,1,176.0,2.0,0,0,0,0,0,0,0,0,0.2,0.2,0.8,1.0,5,10,18,0.00,0.00,0.00,0.00,0.00,0.11,0.42,0.53,0.11,0.53,Matches
516,Kieran Trippier,engENG,DF,Newcastle Utd,34-214,1990,22,12,1102.0,12.2,0,1,1,0,0,0,1,0,0.1,0.1,0.7,0.8,21,78,39,0.00,0.08,0.08,0.00,0.08,0.01,0.06,0.07,0.01,0.07,Matches
129,Kiernan Dewsbury-Hall,engENG,"MF,FW",Chelsea,26-227,1998,11,2,258.0,2.9,0,1,1,0,0,0,0,0,0.2,0.2,1.1,1.3,5,14,11,0.00,0.35,0.35,0.00,0.35,0.08,0.37,0.45,0.08,0.45,Matches
318,Kobbie Mainoo,engENG,MF,Manchester Utd,20-002,2005,20,16,1352.0,15.0,0,0,0,0,0,0,5,0,0.5,0.5,1.5,2.1,19,55,36,0.00,0.00,0.00,0.00,0.00,0.04,0.10,0.14,0.04,0.14,Matches
331,Konstantinos Mavropanos,grGRE,DF,West Ham,27-131,1997,29,19,1854.0,20.6,0,0,0,0,0,0,5,1,1.5,1.5,0.5,2.0,16,58,2,0.00,0.00,0.00,0.00,0.00,0.07,0.02,0.09,0.07,0.09,Matches
370,Kosta Nedeljković,rsSRB,DF,Aston Villa,19-126,2005,5,0,126.0,1.4,0,0,0,0,0,0,0,0,0.0,0.0,0.0,0.0,1,6,0,0.00,0.00,0.00,0.00,0.00,0.00,0.00,0.00,0.00,0.00,Matches
518,Kostas Tsimikas,grGRE,DF,Liverpool,28-344,1996,16,7,666.0,7.4,0,1,1,0,0,0,2,0,0.4,0.4,1.8,2.2,15,67,38,0.00,0.14,0.14,0.00,0.14,0.05,0.25,0.30,0.05,0.30,Matches
533,Kyle Walker,engENG,DF,Manchester City,34-328,1990,15,9,970.0,10.8,0,0,0,0,0,0,3,0,0.1,0.1,0.4,0.6,12,64,11,0.00,0.00,0.00,0.00,0.00,0.01,0.04,0.05,0.01,0.05,Matches
534,Kyle Walker-Peters,engENG,DF,Southampton,28-008,1997,31,31,2738.0,30.4,0,2,2,0,0,0,5,0,0.7,0.7,2.7,3.4,110,132,132,0.00,0.07,0.07,0.00,0.07,0.02,0.09,0.11,0.02,0.11,Matches
61,Lamare Bogarde,nlNED,"DF,MF",Aston Villa,21-106,2004,8,5,476.0,5.3,0,0,0,0,0,0,2,0,0.0,0.0,0.1,0.2,12,14,9,0.00,0.00,0.00,0.00,0.00,0.01,0.02,0.03,0.01,0.03,Matches
517,Leandro Trossard,beBEL,FW,Arsenal,30-138,1994,33,24,2174.0,24.2,7,5,12,7,0,0,4,1,5.9,5.9,5.1,11.1,70,88,195,0.29,0.21,0.50,0.29,0.50,0.25,0.21,0.46,0.25,0.46,Matches
123,Leif Davis,engENG,DF,Ipswich Town,25-099,2000,31,30,2563.0,28.5,1,2,3,1,0,0,5,1,0.9,0.9,4.3,5.2,48,55,117,0.04,0.07,0.11,0.04,0.11,0.03,0.15,0.18,0.03,0.18,Matches
43,Leon Bailey,jmJAM,"FW,MF",Aston Villa,27-255,1997,23,14,1138.0,12.6,1,2,3,1,0,0,3,0,1.7,1.7,1.5,3.3,57,35,121,0.08,0.16,0.24,0.08,0.24,0.14,0.12,0.26,0.14,0.26,Matches
522,Lesley Ugochukwu,frFRA,MF,Southampton,21-026,2004,22,14,1357.0,15.1,1,1,2,1,0,0,5,0,0.8,0.8,1.0,1.8,24,47,19,0.07,0.07,0.13,0.07,0.13,0.05,0.07,0.12,0.05,0.12,Matches
107,Levi Colwill,engENG,DF,Chelsea,22-054,2003,30,30,2699.0,30.0,1,1,2,1,0,0,8,0,1.3,1.3,1.1,2.5,13,122,11,0.03,0.03,0.07,0.03,0.07,0.04,0.04,0.08,0.04,0.08,Matches
108,Lewis Cook,engENG,"MF,DF",Bournemouth,28-077,1997,32,29,2707.0,30.1,1,3,4,1,0,0,8,0,0.9,0.9,4.1,5.0,33,152,48,0.03,0.10,0.13,0.03,0.13,0.03,0.14,0.17,0.03,0.17,Matches
151,Lewis Dunk,engENG,DF,Brighton,33-151,1991,23,21,1903.0,21.1,0,0,0,0,0,0,5,0,0.7,0.7,0.5,1.2,20,137,3,0.00,0.00,0.00,0.00,0.00,0.03,0.03,0.06,0.03,0.06,Matches
222,Lewis Hall,engENG,DF,Newcastle Utd,20-225,2004,27,24,2189.0,24.3,0,4,4,0,0,0,3,0,0.4,0.4,4.3,4.7,41,123,80,0.00,0.16,0.16,0.00,0.16,0.02,0.18,0.19,0.02,0.19,Matches
345,Lewis Miley,engENG,MF,Newcastle Utd,18-355,2006,11,1,225.0,2.5,1,0,1,1,0,0,0,0,0.5,0.5,0.0,0.6,1,13,6,0.40,0.00,0.40,0.40,0.40,0.22,0.01,0.23,0.22,0.23,Matches
126,Liam Delap,engENG,FW,Ipswich Town,22-072,2003,32,29,2353.0,26.1,12,2,14,10,2,2,8,0,9.0,7.4,1.9,9.3,58,30,101,0.46,0.08,0.54,0.38,0.46,0.35,0.07,0.42,0.28,0.36,Matches
327,Lisandro Martínez,arARG,DF,Manchester Utd,27-093,1998,20,20,1751.0,19.5,2,1,3,2,0,0,7,0,1.3,1.3,1.1,2.4,23,117,7,0.10,0.05,0.15,0.10,0.15,0.07,0.06,0.13,0.07,0.13,Matches
275,Lloyd Kelly,engENG,DF,Newcastle Utd,26-197,1998,10,4,303.0,3.4,0,1,1,0,0,0,2,0,0.4,0.4,0.5,0.9,0,9,5,0.00,0.30,0.30,0.00,0.30,0.12,0.14,0.26,0.12,0.26,Matches
55,Lucas Bergvall,seSWE,MF,Tottenham,19-078,2006,25,10,1112.0,12.4,0,1,1,0,0,0,3,0,0.7,0.7,0.6,1.3,30,48,28,0.00,0.08,0.08,0.00,0.08,0.06,0.05,0.10,0.06,0.10,Matches
134,Lucas Digne,frFRA,DF,Aston Villa,31-275,1993,29,26,2151.0,23.9,0,4,4,0,0,0,3,0,0.8,0.8,4.1,4.9,21,51,135,0.00,0.17,0.17,0.00,0.17,0.03,0.17,0.21,0.03,0.21,Matches
402,Lucas Paquetá,brBRA,"MF,FW",West Ham,27-237,1997,29,25,2167.0,24.1,4,0,4,2,2,2,8,0,5.2,3.6,3.0,6.6,20,129,81,0.17,0.00,0.17,0.08,0.08,0.21,0.13,0.34,0.15,0.27,Matches
132,Luis Díaz,coCOL,FW,Liverpool,28-098,1997,32,25,2150.0,23.9,11,5,16,11,0,0,2,0,9.2,9.2,4.9,14.1,102,102,265,0.46,0.21,0.67,0.46,0.67,0.39,0.20,0.59,0.39,0.59,Matches
215,Luis Guilherme,brBRA,"MF,FW",West Ham,19-071,2006,11,1,138.0,1.5,0,0,0,0,0,0,0,0,0.3,0.3,0.1,0.4,3,3,13,0.00,0.00,0.00,0.00,0.00,0.19,0.05,0.24,0.19,0.24,Matches
469,Luis Sinisterra,coCOL,"FW,MF",Bournemouth,25-308,1999,12,1,236.0,2.6,1,1,2,1,0,0,0,0,1.2,1.2,1.4,2.6,19,6,38,0.38,0.38,0.76,0.38,0.76,0.46,0.54,1.00,0.46,1.00,Matches
502,Luke Thomas,engENG,DF,Leicester City,23-315,2001,9,8,693.0,7.7,0,0,0,0,0,0,1,0,0.1,0.1,0.1,0.3,2,23,9,0.00,0.00,0.00,0.00,0.00,0.02,0.02,0.03,0.02,0.03,Matches
233,Mads Hermansen,dkDEN,GK,Leicester City,24-284,2000,26,26,2295.0,25.5,0,0,0,0,0,0,1,0,0.0,0.0,0.0,0.0,0,1,0,0.00,0.00,0.00,0.00,0.00,0.00,0.00,0.00,0.00,0.00,Matches
437,Mads Roerslev,dkDEN,DF,Brentford,25-301,1999,19,11,1101.0,12.2,0,2,2,0,0,0,2,0,0.2,0.2,3.0,3.2,17,51,54,0.00,0.16,0.16,0.00,0.16,0.02,0.24,0.26,0.02,0.26,Matches
219,Malo Gusto,frFRA,DF,Chelsea,21-337,2003,28,19,1819.0,20.2,0,1,1,0,0,0,4,0,1.7,1.7,1.2,2.9,48,118,84,0.00,0.05,0.05,0.00,0.05,0.08,0.06,0.15,0.08,0.15,Matches
521,Manuel Ugarte Ribeiro,uyURU,MF,Manchester Utd,24-010,2001,25,20,1590.0,17.7,1,0,1,1,0,0,9,0,0.8,0.8,0.6,1.4,10,53,19,0.06,0.00,0.06,0.06,0.06,0.05,0.03,0.08,0.05,0.08,Matches
113,Marc Cucurella,esESP,DF,Chelsea,26-273,1998,31,28,2538.0,28.2,4,1,5,4,0,0,10,1,2.2,2.2,1.8,4.0,30,97,106,0.14,0.04,0.18,0.14,0.18,0.08,0.06,0.14,0.08,0.14,Matches
214,Marc Guéhi,engENG,DF,Crystal Palace,24-282,2000,31,31,2789.0,31.0,3,2,5,3,0,0,9,1,1.7,1.7,1.2,2.9,22,124,8,0.10,0.06,0.16,0.10,0.16,0.05,0.04,0.09,0.05,0.09,Matches
36,Marco Asensio,esESP,"MF,FW",Aston Villa,29-090,1996,8,5,466.0,5.2,3,1,4,3,0,2,1,0,4.2,2.6,0.8,3.4,15,30,23,0.58,0.19,0.77,0.58,0.77,0.81,0.16,0.96,0.50,0.66,Matches
461,Marcos Senesi,arARG,DF,Bournemouth,27-346,1997,14,12,1008.0,11.2,0,0,0,0,0,0,5,0,0.8,0.8,0.2,1.0,12,51,5,0.00,0.00,0.00,0.00,0.00,0.07,0.02,0.09,0.07,0.09,Matches
421,Marcus Rashford,engENG,FW,Aston Villa,27-172,1997,9,3,369.0,4.1,1,2,3,1,0,0,0,0,1.6,1.6,2.1,3.7,20,13,40,0.24,0.49,0.73,0.24,0.73,0.38,0.51,0.89,0.38,0.89,Matches
420,Marcus Rashford,engENG,"FW,MF",Manchester Utd,27-172,1997,15,12,978.0,10.9,4,1,5,4,0,0,2,0,1.7,1.7,2.1,3.8,20,21,79,0.37,0.09,0.46,0.37,0.46,0.16,0.19,0.35,0.16,0.35,Matches
496,Marcus Tavernier,engENG,"FW,MF",Bournemouth,26-030,1999,24,16,1561.0,17.3,3,5,8,3,0,0,5,0,5.2,5.2,2.8,8.1,37,99,103,0.17,0.29,0.46,0.17,0.46,0.30,0.16,0.46,0.30,0.46,Matches
296,Mario Lemina,gaGAB,"MF,DF",Wolves,31-232,1993,17,15,1364.0,15.2,1,3,4,1,0,0,4,0,1.4,1.4,1.1,2.5,8,48,21,0.07,0.20,0.26,0.07,0.26,0.09,0.07,0.17,0.09,0.17,Matches
181,Mark Flekken,nlNED,GK,Brentford,31-312,1993,32,32,2825.0,31.4,0,1,1,0,0,0,1,0,0.0,0.0,0.2,0.2,0,0,0,0.00,0.03,0.03,0.00,0.03,0.00,0.01,0.01,0.00,0.01,Matches
514,Mark Travers,ieIRL,GK,Bournemouth,25-338,1999,5,5,450.0,5.0,0,0,0,0,0,0,0,0,0.0,0.0,0.0,0.0,0,0,0,0.00,0.00,0.00,0.00,0.00,0.00,0.00,0.00,0.00,0.00,Matches
361,Marshall Munetsi,zwZIM,"MF,FW",Wolves,28-303,1996,9,8,698.0,7.8,1,1,2,1,0,0,0,0,3.0,3.0,0.9,3.8,4,7,23,0.13,0.13,0.26,0.13,0.26,0.38,0.11,0.50,0.38,0.50,Matches
150,Martin Dúbravka,skSVK,GK,Newcastle Utd,36-096,1989,10,10,900.0,10.0,0,0,0,0,0,0,0,0,0.0,0.0,0.0,0.0,0,0,0,0.00,0.00,0.00,0.00,0.00,0.00,0.00,0.00,0.00,0.00,Matches
358,Mason Mount,engENG,"MF,FW",Manchester Utd,26-101,1999,12,4,348.0,3.9,0,0,0,0,0,0,3,0,1.2,1.2,0.2,1.4,7,15,15,0.00,0.00,0.00,0.00,0.00,0.32,0.05,0.37,0.32,0.37,Matches
310,Massimo Luongo,auAUS,MF,Ipswich Town,32-208,1992,8,2,191.0,2.1,0,0,0,0,0,0,0,0,0.0,0.0,0.0,0.0,0,5,1,0.00,0.00,0.00,0.00,0.00,0.00,0.00,0.00,0.00,0.00,Matches
286,Mateo Kovačić,hrCRO,MF,Manchester City,30-350,1994,27,21,1870.0,20.8,6,1,7,6,0,0,5,0,1.7,1.7,3.5,5.2,49,136,14,0.29,0.05,0.34,0.29,0.34,0.08,0.17,0.25,0.08,0.25,Matches
179,Mateus Fernandes,ptPOR,MF,Southampton,20-285,2004,31,29,2499.0,27.8,2,3,5,2,0,0,8,0,3.7,3.7,2.6,6.3,71,127,97,0.07,0.11,0.18,0.07,0.18,0.13,0.09,0.23,0.13,0.23,Matches
115,Matheus Cunha,brBRA,"MF,FW",Wolves,25-329,1999,28,25,2253.0,25.0,14,4,18,14,0,0,3,0,7.3,7.3,6.8,14.1,95,119,141,0.56,0.16,0.72,0.56,0.72,0.29,0.27,0.56,0.29,0.56,Matches
378,Matheus Nunes,ptPOR,"DF,MF",Manchester City,26-237,1998,22,15,1314.0,14.6,0,5,5,0,0,0,3,0,0.5,0.5,4.2,4.8,53,63,143,0.00,0.34,0.34,0.00,0.34,0.04,0.29,0.33,0.04,0.33,Matches
255,Mathias Jensen,dkDEN,MF,Brentford,29-110,1996,19,8,770.0,8.6,0,2,2,0,0,0,2,0,0.2,0.2,1.6,1.8,6,55,26,0.00,0.23,0.23,0.00,0.23,0.03,0.19,0.22,0.03,0.22,Matches
499,Mathys Tel,frFRA,FW,Tottenham,19-359,2005,7,5,402.0,4.5,2,0,2,1,1,1,0,0,1.8,1.0,0.6,1.6,11,9,35,0.45,0.00,0.45,0.22,0.22,0.41,0.13,0.54,0.23,0.36,Matches
548,Mats Wieffer,nlNED,"MF,DF",Brighton,25-156,1999,20,5,602.0,6.7,1,2,3,1,0,0,4,0,0.5,0.5,1.3,1.8,6,40,10,0.15,0.30,0.45,0.15,0.45,0.08,0.19,0.27,0.08,0.27,Matches
140,Matt Doherty,ieIRL,DF,Wolves,33-095,1992,26,21,1818.0,20.2,2,1,3,2,0,0,6,0,1.0,1.0,1.5,2.5,29,73,39,0.10,0.05,0.15,0.10,0.15,0.05,0.08,0.13,0.05,0.13,Matches
383,Matt O'Riley,dkDEN,MF,Brighton,24-151,2000,16,8,677.0,7.5,1,1,2,1,0,0,1,0,1.9,1.9,1.3,3.2,16,29,40,0.13,0.13,0.27,0.13,0.27,0.26,0.17,0.43,0.26,0.43,Matches
302,Matthijs de Ligt,nlNED,DF,Manchester Utd,25-252,1999,28,24,2089.0,23.2,2,0,2,2,0,0,3,0,2.5,2.5,0.3,2.8,7,55,6,0.09,0.00,0.09,0.09,0.09,0.11,0.01,0.12,0.11,0.12,Matches
88,Matty Cash,plPOL,DF,Aston Villa,27-257,1997,22,19,1650.0,18.3,1,1,2,1,0,0,6,0,0.3,0.3,1.1,1.4,43,38,67,0.05,0.05,0.11,0.05,0.11,0.02,0.06,0.08,0.02,0.08,Matches
458,Matz Sels,beBEL,GK,Nott'ham Forest,33-054,1992,32,32,2880.0,32.0,0,0,0,0,0,0,2,0,0.0,0.0,0.0,0.0,0,1,0,0.00,0.00,0.00,0.00,0.00,0.00,0.00,0.00,0.00,0.00,Matches
279,Max Kilman,engENG,DF,West Ham,27-333,1997,33,33,2898.0,32.2,0,1,1,0,0,0,4,0,1.4,1.4,1.1,2.6,28,103,5,0.00,0.03,0.03,0.00,0.03,0.04,0.04,0.08,0.04,0.08,Matches
291,Maxence Lacroix,frFRA,DF,Crystal Palace,25-015,2000,30,30,2666.0,29.6,1,1,2,1,0,0,5,0,2.8,2.8,0.8,3.6,8,58,7,0.03,0.03,0.07,0.03,0.07,0.10,0.03,0.12,0.10,0.12,Matches
272,Michael Kayode,itITA,DF,Brentford,20-285,2004,7,1,128.0,1.4,0,0,0,0,0,0,1,0,0.0,0.0,0.2,0.2,3,2,10,0.00,0.00,0.00,0.00,0.00,0.00,0.11,0.11,0.00,0.11,Matches
273,Michael Keane,engENG,DF,Everton,32-100,1993,11,9,852.0,9.5,2,0,2,2,0,0,5,0,0.4,0.4,0.1,0.5,1,12,3,0.21,0.00,0.21,0.21,0.21,0.05,0.01,0.06,0.05,0.06,Matches
27,Michail Antonio,jmJAM,FW,West Ham,35-024,1990,14,11,836.0,9.3,1,1,2,1,0,0,1,0,2.2,2.2,1.6,3.8,29,18,59,0.11,0.11,0.22,0.11,0.22,0.24,0.17,0.41,0.24,0.41,Matches
528,Micky van de Ven,nlNED,DF,Tottenham,24-002,2001,11,10,905.0,10.1,0,2,2,0,0,0,4,0,0.6,0.6,1.2,1.7,8,47,1,0.00,0.20,0.20,0.00,0.20,0.06,0.12,0.17,0.06,0.17,Matches
342,Mikel Merino,esESP,"MF,FW",Arsenal,28-303,1996,25,15,1401.0,15.6,6,2,8,6,0,0,2,0,4.4,4.4,1.9,6.3,9,61,86,0.39,0.13,0.51,0.39,0.51,0.28,0.12,0.40,0.28,0.40,Matches
353,Mikey Moore,engENG,"FW,MF",Tottenham,17-253,2007,7,2,185.0,2.1,0,1,1,0,0,0,0,0,0.2,0.2,0.3,0.5,9,7,30,0.00,0.49,0.49,0.00,0.49,0.10,0.16,0.26,0.10,0.26,Matches
118,Mikkel Damsgaard,dkDEN,"MF,FW",Brentford,24-292,2000,33,29,2495.0,27.7,2,10,12,2,0,0,2,0,2.6,2.6,7.3,9.9,62,204,115,0.07,0.36,0.43,0.07,0.43,0.09,0.26,0.36,0.09,0.36,Matches
276,Milos Kerkez,huHUN,DF,Bournemouth,21-165,2003,33,33,2897.0,32.2,2,5,7,2,0,0,4,0,0.5,0.5,3.3,3.8,89,141,161,0.06,0.16,0.22,0.06,0.22,0.02,0.10,0.12,0.01,0.12,Matches
443,Mohamed Salah,egEGY,FW,Liverpool,32-310,1992,33,33,2921.0,32.5,27,18,45,18,9,9,1,0,23.7,16.7,12.1,28.8,138,127,407,0.83,0.55,1.39,0.55,1.11,0.73,0.37,1.10,0.51,0.89,Matches
289,Mohammed Kudus,ghGHA,"FW,MF",West Ham,24-262,2000,27,27,2241.0,24.9,3,2,5,3,0,0,1,1,6.2,6.2,2.3,8.5,87,71,189,0.12,0.08,0.20,0.12,0.20,0.25,0.09,0.34,0.25,0.34,Matches
79,Moisés Caicedo,ecECU,MF,Chelsea,23-170,2001,33,33,2901.0,32.2,1,2,3,1,0,0,10,0,0.7,0.7,2.9,3.6,37,188,32,0.03,0.06,0.09,0.03,0.09,0.02,0.09,0.11,0.02,0.11,Matches
354,Morato,brBRA,DF,Nott'ham Forest,23-295,2001,22,5,754.0,8.4,0,0,0,0,0,0,2,0,0.2,0.2,0.0,0.2,0,14,1,0.00,0.00,0.00,0.00,0.00,0.02,0.00,0.02,0.02,0.02,Matches
196,Morgan Gibbs-White,engENG,MF,Nott'ham Forest,25-084,2000,28,28,2288.0,25.4,5,7,12,5,0,0,8,1,4.3,4.3,4.4,8.7,62,139,112,0.20,0.28,0.47,0.20,0.47,0.17,0.17,0.34,0.17,0.34,Matches
438,Morgan Rogers,engENG,"FW,MF",Aston Villa,22-269,2002,32,32,2678.0,29.8,8,8,16,8,0,0,8,0,6.1,6.1,6.5,12.6,102,111,166,0.27,0.27,0.54,0.27,0.54,0.21,0.22,0.42,0.21,0.42,Matches
365,Murillo,brBRA,DF,Nott'ham Forest,22-291,2002,31,31,2748.0,30.5,1,0,1,1,0,0,5,0,1.2,1.2,1.1,2.3,19,99,4,0.03,0.00,0.03,0.03,0.03,0.04,0.04,0.08,0.04,0.08,Matches
360,Mykhailo Mudryk,uaUKR,FW,Chelsea,24-106,2001,7,1,151.0,1.7,0,0,0,0,0,0,0,0,0.3,0.3,1.0,1.2,7,5,12,0.00,0.00,0.00,0.00,0.00,0.15,0.58,0.73,0.15,0.73,Matches
301,Myles Lewis-Skelly,engENG,DF,Arsenal,18-207,2006,18,11,993.0,11.0,1,0,1,1,0,0,2,2,0.1,0.1,0.2,0.4,26,55,24,0.09,0.00,0.09,0.09,0.09,0.01,0.02,0.03,0.01,0.03,Matches
69,Nathan Broadhead,wlsWAL,"MF,FW",Ipswich Town,27-016,1998,16,6,605.0,6.7,1,0,1,1,0,0,1,0,1.5,1.5,0.6,2.1,17,12,27,0.15,0.00,0.15,0.15,0.15,0.22,0.10,0.32,0.22,0.32,Matches
105,Nathan Collins,ieIRL,DF,Brentford,23-356,2001,33,33,2970.0,33.0,2,2,4,2,0,0,5,0,2.5,2.5,1.5,4.0,25,112,18,0.06,0.06,0.12,0.06,0.12,0.08,0.05,0.12,0.08,0.12,Matches
404,Nathan Patterson,sctSCO,"DF,FW",Everton,23-187,2001,8,1,203.0,2.3,0,0,0,0,0,0,0,0,0.1,0.1,0.3,0.4,4,7,7,0.00,0.00,0.00,0.00,0.00,0.03,0.15,0.18,0.03,0.18,Matches
558,Nathan Wood-Gordon,engENG,DF,Southampton,22-325,2002,9,7,624.0,6.9,0,0,0,0,0,0,2,0,0.2,0.2,0.0,0.3,2,17,0,0.00,0.00,0.00,0.00,0.00,0.03,0.00,0.04,0.03,0.04,Matches
102,Nathaniel Clyne,engENG,"DF,MF",Crystal Palace,34-016,1991,13,5,483.0,5.4,0,0,0,0,0,0,1,0,0.0,0.0,0.3,0.3,6,7,8,0.00,0.00,0.00,0.00,0.00,0.00,0.06,0.06,0.00,0.06,Matches
549,Neco Williams,wlsWAL,DF,Nott'ham Forest,24-008,2001,29,22,2054.0,22.8,1,2,3,1,0,0,5,0,2.2,2.2,1.4,3.6,53,70,77,0.04,0.09,0.13,0.04,0.13,0.10,0.06,0.16,0.10,0.16,Matches
373,Neto,brBRA,GK,Bournemouth,35-276,1989,2,2,180.0,2.0,0,0,0,0,0,0,0,0,0.0,0.0,0.0,0.0,0,0,0,0.00,0.00,0.00,0.00,0.00,0.00,0.00,0.00,0.00,0.00,Matches
414,Nick Pope,engENG,GK,Newcastle Utd,33-002,1992,23,23,2070.0,23.0,0,0,0,0,0,0,2,0,0.0,0.0,0.0,0.0,0,1,0,0.00,0.00,0.00,0.00,0.00,0.00,0.00,0.00,0.00,0.00,Matches
189,Niclas Füllkrug,deGER,FW,West Ham,32-071,1993,13,4,544.0,6.0,3,2,5,3,0,0,2,0,1.9,1.9,1.9,3.8,5,9,21,0.50,0.33,0.83,0.50,0.83,0.32,0.31,0.63,0.32,0.63,Matches
398,Nico O’Reilly,engENG,DF,Manchester City,20-031,2005,6,4,366.0,4.1,2,0,2,2,0,0,0,0,1.1,1.1,0.2,1.3,11,12,17,0.49,0.00,0.49,0.49,0.49,0.27,0.04,0.32,0.27,0.32,Matches
250,Nicolas Jackson,snSEN,FW,Chelsea,23-305,2001,27,25,2025.0,22.5,9,5,14,9,0,0,7,0,12.1,12.1,4.3,16.4,44,35,114,0.40,0.22,0.62,0.40,0.62,0.54,0.19,0.73,0.54,0.73,Matches
142,Nicolás Domínguez,arARG,"MF,FW",Nott'ham Forest,26-297,1998,28,18,1567.0,17.4,0,0,0,0,0,0,8,0,1.4,1.4,1.3,2.7,12,60,24,0.00,0.00,0.00,0.00,0.00,0.08,0.07,0.15,0.08,0.15,Matches
205,Nicolás González,esESP,MF,Manchester City,23-108,2002,8,8,647.0,7.2,0,0,0,0,0,0,3,0,0.3,0.3,0.1,0.3,5,46,10,0.00,0.00,0.00,0.00,0.00,0.04,0.01,0.05,0.04,0.05,Matches
344,Nikola Milenković,rsSRB,DF,Nott'ham Forest,27-191,1997,31,31,2790.0,31.0,4,2,6,4,0,0,4,0,3.6,3.6,0.8,4.4,3,45,5,0.13,0.06,0.19,0.13,0.19,0.12,0.03,0.14,0.12,0.14,Matches
314,Noni Madueke,engENG,FW,Chelsea,23-042,2002,27,22,1646.0,18.3,7,3,10,7,0,0,3,0,7.9,7.9,3.9,11.8,124,60,198,0.38,0.16,0.55,0.38,0.55,0.43,0.21,0.65,0.43,0.65,Matches
332,Noussair Mazraoui,maMAR,DF,Manchester Utd,27-158,1997,33,30,2565.0,28.5,0,1,1,0,0,0,2,0,0.6,0.6,1.3,1.9,36,102,47,0.00,0.04,0.04,0.00,0.04,0.02,0.05,0.07,0.02,0.07,Matches
459,Nélson Semedo,ptPOR,DF,Wolves,31-156,1993,29,28,2488.0,27.6,0,4,4,0,0,0,7,0,0.8,0.8,2.6,3.4,61,66,103,0.00,0.14,0.14,0.00,0.14,0.03,0.09,0.12,0.03,0.12,Matches
155,Odsonne Édouard,frFRA,"MF,FW",Crystal Palace,27-095,1998,2,1,115.0,1.3,0,0,0,0,0,0,0,0,0.4,0.4,0.0,0.4,2,4,7,0.00,0.00,0.00,0.00,0.00,0.31,0.04,0.34,0.31,0.34,Matches
452,Oliver Scarles,engENG,DF,West Ham,19-130,2005,14,6,594.0,6.6,0,0,0,0,0,0,1,0,0.1,0.1,0.0,0.1,11,21,39,0.00,0.00,0.00,0.00,0.00,0.02,0.00,0.02,0.02,0.02,Matches
470,Oliver Skipp,engENG,MF,Leicester City,24-217,2000,19,7,862.0,9.6,0,0,0,0,0,0,6,0,0.1,0.1,0.3,0.4,15,25,18,0.00,0.00,0.00,0.00,0.00,0.01,0.03,0.04,0.01,0.04,Matches
541,Ollie Watkins,engENG,FW,Aston Villa,29-112,1995,33,27,2248.0,25.0,15,7,22,13,2,2,1,0,14.5,13.0,2.9,15.9,49,27,142,0.60,0.28,0.88,0.52,0.80,0.58,0.12,0.70,0.52,0.64,Matches
324,Omar Marmoush,egEGY,"FW,MF",Manchester City,26-073,1999,11,10,826.0,9.2,6,0,6,6,0,0,0,0,4.4,4.4,1.6,6.0,19,23,61,0.65,0.00,0.65,0.65,0.65,0.48,0.18,0.66,0.48,0.66,Matches
242,Omari Hutchinson,engENG,"MF,FW",Ipswich Town,21-173,2003,27,26,2223.0,24.7,3,2,5,3,0,0,5,0,2.3,2.3,2.5,4.8,71,69,131,0.12,0.08,0.20,0.12,0.20,0.09,0.10,0.19,0.09,0.19,Matches
321,Orel Mangala,beBEL,MF,Everton,27-034,1998,19,14,1261.0,14.0,1,0,1,1,0,0,2,0,1.1,1.1,0.6,1.8,6,34,19,0.07,0.00,0.07,0.07,0.07,0.08,0.05,0.13,0.08,0.13,Matches
448,Pablo Sarabia,esESP,"MF,FW",Wolves,32-345,1992,19,6,676.0,7.5,3,2,5,3,0,0,3,0,2.8,2.8,1.6,4.4,12,47,49,0.40,0.27,0.67,0.40,0.67,0.37,0.22,0.59,0.37,0.59,Matches
328,Pape Matar Sarr,snSEN,MF,Tottenham,22-219,2002,30,17,1511.0,16.8,3,2,5,3,0,0,6,0,3.2,3.2,1.5,4.7,29,75,43,0.18,0.12,0.30,0.18,0.30,0.19,0.09,0.28,0.19,0.28,Matches
143,Patrick Dorgu,dkDEN,DF,Manchester Utd,20-177,2004,7,6,496.0,5.5,0,0,0,0,0,0,2,1,0.4,0.4,0.4,0.8,21,20,44,0.00,0.00,0.00,0.00,0.00,0.07,0.08,0.15,0.07,0.15,Matches
116,Patson Daka,zmZAM,"FW,MF",Leicester City,26-194,1998,20,5,646.0,7.2,1,0,1,1,0,0,0,0,1.3,1.3,0.1,1.3,9,8,33,0.14,0.00,0.14,0.14,0.14,0.17,0.01,0.18,0.17,0.18,Matches
510,Pau Torres,esESP,DF,Aston Villa,28-095,1997,19,19,1639.0,18.2,0,0,0,0,0,0,1,0,0.5,0.5,0.0,0.5,31,72,4,0.00,0.00,0.00,0.00,0.00,0.03,0.00,0.03,0.03,0.03,Matches
392,Paul Onuachu,ngNGA,FW,Southampton,30-328,1994,23,11,984.0,10.9,4,1,5,4,0,0,4,0,3.3,3.3,0.5,3.8,7,12,39,0.37,0.09,0.46,0.37,0.46,0.30,0.04,0.35,0.30,0.35,Matches
374,Pedro Neto,ptPOR,FW,Chelsea,25-043,2000,30,19,1833.0,20.4,4,4,8,4,0,0,8,0,2.8,2.8,5.4,8.2,106,52,216,0.20,0.20,0.39,0.20,0.39,0.14,0.26,0.40,0.14,0.40,Matches
415,Pedro Porro,esESP,DF,Tottenham,25-220,1999,30,25,2373.0,26.4,2,5,7,2,0,0,4,0,1.5,1.5,3.5,5.0,58,136,95,0.08,0.19,0.27,0.08,0.27,0.06,0.13,0.19,0.06,0.19,Matches
167,Pervis Estupiñán,ecECU,DF,Brighton,27-090,1998,26,22,2042.0,22.7,1,1,2,1,0,0,5,0,0.7,0.7,2.1,2.8,53,101,101,0.04,0.04,0.09,0.04,0.09,0.03,0.09,0.12,0.03,0.12,Matches
182,Phil Foden,engENG,"MF,FW",Manchester City,24-328,2000,25,19,1686.0,18.7,7,2,9,7,0,0,2,0,5.1,5.1,4.7,9.8,47,95,119,0.37,0.11,0.48,0.37,0.48,0.27,0.25,0.52,0.27,0.52,Matches
58,Philip Billing,dkDEN,MF,Bournemouth,28-314,1996,10,1,184.0,2.0,0,0,0,0,0,0,1,0,0.6,0.6,1.1,1.7,3,15,13,0.00,0.00,0.00,0.00,0.00,0.28,0.54,0.82,0.28,0.82,Matches
149,Radu Drăgușin,roROU,DF,Tottenham,23-077,2002,16,14,1252.0,13.9,0,0,0,0,0,0,1,0,0.1,0.1,0.4,0.5,7,37,2,0.00,0.00,0.00,0.00,0.00,0.01,0.03,0.04,0.01,0.04,Matches
484,Raheem Sterling,engENG,"FW,MF",Arsenal,30-134,1994,14,5,373.0,4.1,0,2,2,0,0,0,1,0,1.3,1.3,0.4,1.7,24,17,66,0.00,0.48,0.48,0.00,0.48,0.32,0.10,0.42,0.32,0.42,Matches
477,Ramón Sosa,pyPAR,"FW,MF",Nott'ham Forest,25-233,1999,16,1,263.0,2.9,1,0,1,1,0,0,1,0,0.9,0.9,0.5,1.4,11,4,15,0.34,0.00,0.34,0.34,0.34,0.32,0.17,0.49,0.32,0.49,Matches
243,Rasmus Højlund,dkDEN,FW,Manchester Utd,22-076,2003,28,19,1654.0,18.4,3,0,3,3,0,0,2,0,3.4,3.4,1.2,4.5,26,16,82,0.16,0.00,0.16,0.16,0.16,0.18,0.06,0.25,0.18,0.25,Matches
257,Raúl Jiménez,mxMEX,FW,Fulham,33-351,1991,33,25,2044.0,22.7,10,3,13,7,3,3,3,0,10.4,8.1,2.9,11.0,31,51,113,0.44,0.13,0.57,0.31,0.44,0.46,0.13,0.59,0.36,0.48,Matches
251,Reece James,engENG,"DF,MF",Chelsea,25-134,1999,14,10,811.0,9.0,1,0,1,1,0,0,1,0,0.3,0.3,0.5,0.8,6,50,9,0.11,0.00,0.11,0.11,0.11,0.03,0.06,0.09,0.03,0.09,Matches
372,Reiss Nelson,engENG,FW,Fulham,25-132,1999,11,5,487.0,5.4,1,1,2,1,0,0,1,0,1.1,1.1,1.0,2.1,45,35,63,0.18,0.18,0.37,0.18,0.37,0.20,0.18,0.39,0.20,0.39,Matches
526,Renato Veiga,ptPOR,"DF,MF",Chelsea,21-266,2003,7,1,181.0,2.0,0,0,0,0,0,0,2,0,0.1,0.1,0.0,0.1,4,7,3,0.00,0.00,0.00,0.00,0.00,0.07,0.00,0.07,0.07,0.07,Matches
406,Ricardo Pereira,ptPOR,DF,Leicester City,31-197,1993,7,3,297.0,3.3,0,0,0,0,0,0,1,0,0.1,0.1,0.0,0.1,3,13,5,0.00,0.00,0.00,0.00,0.00,0.03,0.00,0.03,0.03,0.03,Matches
82,Riccardo Calafiori,itITA,DF,Arsenal,22-337,2002,17,11,925.0,10.3,2,1,3,2,0,0,4,0,0.9,0.9,0.3,1.1,21,54,29,0.19,0.10,0.29,0.19,0.29,0.08,0.03,0.11,0.08,0.11,Matches
431,Richarlison,brBRA,FW,Tottenham,27-346,1997,10,2,295.0,3.3,3,1,4,3,0,0,1,0,2.1,2.1,0.9,3.0,8,10,17,0.92,0.31,1.22,0.92,1.22,0.64,0.28,0.92,0.64,0.92,Matches
299,Rico Lewis,engENG,"DF,MF",Manchester City,20-151,2004,26,20,1810.0,20.1,1,2,3,1,0,0,5,1,1.4,1.4,0.3,1.7,36,103,68,0.05,0.10,0.15,0.05,0.15,0.07,0.02,0.08,0.07,0.08,Matches
445,Robert Sánchez,esESP,GK,Chelsea,27-154,1997,27,27,2430.0,27.0,0,0,0,0,0,0,5,0,0.0,0.0,0.0,0.0,0,1,0,0.00,0.00,0.00,0.00,0.00,0.00,0.00,0.00,0.00,0.00,Matches
389,Robin Olsen,seSWE,GK,Aston Villa,35-103,1990,3,1,180.0,2.0,0,0,0,0,0,0,0,0,0.0,0.0,0.0,0.0,0,0,0,0.00,0.00,0.00,0.00,0.00,0.00,0.00,0.00,0.00,0.00,Matches
52,Rodrigo Bentancur,uyURU,MF,Tottenham,27-300,1997,22,18,1428.0,15.9,2,0,2,2,0,0,7,0,1.3,1.3,0.4,1.7,22,89,32,0.13,0.00,0.13,0.13,0.13,0.08,0.03,0.11,0.08,0.11,Matches
201,Rodrigo Gomes,ptPOR,"DF,FW",Wolves,21-288,2003,20,6,633.0,7.0,1,0,1,1,0,0,0,0,0.4,0.4,0.8,1.2,21,24,62,0.14,0.00,0.14,0.14,0.14,0.05,0.12,0.17,0.05,0.17,Matches
362,Rodrigo Muniz,brBRA,FW,Fulham,23-352,2001,31,8,964.0,10.7,8,1,9,8,0,0,1,0,5.8,5.8,0.7,6.5,6,27,31,0.75,0.09,0.84,0.75,0.84,0.54,0.07,0.61,0.54,0.61,Matches
295,Roméo Lavia,beBEL,MF,Chelsea,21-105,2004,11,8,541.0,6.0,0,1,1,0,0,0,4,0,0.2,0.2,0.7,0.9,3,18,6,0.00,0.17,0.17,0.00,0.17,0.03,0.11,0.14,0.03,0.14,Matches
45,Ross Barkley,engENG,MF,Aston Villa,31-137,1993,17,3,563.0,6.3,3,1,4,3,0,0,3,0,1.7,1.7,0.6,2.3,14,33,9,0.48,0.16,0.64,0.48,0.64,0.27,0.10,0.37,0.27,0.37,Matches
485,Ross Stewart,sctSCO,"FW,MF",Southampton,28-284,1996,7,1,176.0,2.0,0,0,0,0,0,0,1,0,0.1,0.1,0.0,0.1,1,1,5,0.00,0.00,0.00,0.00,0.00,0.06,0.00,0.06,0.06,0.06,Matches
99,Ryan Christie,sctSCO,MF,Bournemouth,30-058,1995,29,27,2117.0,23.5,2,3,5,2,0,0,9,0,1.8,1.8,3.5,5.4,34,137,44,0.09,0.13,0.21,0.09,0.21,0.08,0.15,0.23,0.08,0.23,Matches
187,Ryan Fraser,sctSCO,"FW,DF",Southampton,31-056,1994,8,4,306.0,3.4,0,0,0,0,0,0,0,1,0.0,0.0,0.1,0.1,10,8,18,0.00,0.00,0.00,0.00,0.00,0.01,0.03,0.04,0.01,0.04,Matches
207,Ryan Gravenberch,nlNED,MF,Liverpool,22-340,2002,33,33,2831.0,31.5,0,3,3,0,0,0,5,0,1.0,1.0,2.8,3.8,62,160,54,0.00,0.10,0.10,0.00,0.10,0.03,0.09,0.12,0.03,0.12,Matches
322,Ryan Manning,ieIRL,"DF,MF",Southampton,28-311,1996,21,16,1279.0,14.2,0,0,0,0,0,0,2,0,0.3,0.3,2.7,3.1,12,31,68,0.00,0.00,0.00,0.00,0.00,0.02,0.19,0.21,0.02,0.21,Matches
462,Ryan Sessegnon,engENG,"FW,DF",Fulham,24-338,2000,11,4,325.0,3.6,3,2,5,3,0,0,0,0,1.2,1.2,0.6,1.8,9,4,26,0.83,0.55,1.38,0.83,1.38,0.34,0.17,0.51,0.34,0.51,Matches
131,Rúben Dias,ptPOR,DF,Manchester City,27-342,1997,22,20,1821.0,20.2,0,0,0,0,0,0,4,0,1.3,1.3,0.3,1.5,33,115,6,0.00,0.00,0.00,0.00,0.00,0.06,0.01,0.07,0.06,0.07,Matches
263,Sam Johnstone,engENG,GK,Wolves,32-027,1993,7,7,630.0,7.0,0,0,0,0,0,0,0,0,0.0,0.0,0.0,0.0,0,0,0,0.00,0.00,0.00,0.00,0.00,0.00,0.00,0.00,0.00,0.00,Matches
356,Sam Morsy,egEGY,MF,Ipswich Town,33-223,1991,28,26,2329.0,25.9,1,1,2,1,0,0,9,0,0.3,0.3,0.8,1.1,14,101,9,0.04,0.04,0.08,0.04,0.08,0.01,0.03,0.04,0.01,0.04,Matches
492,Sammie Szmodics,ieIRL,"FW,MF",Ipswich Town,29-209,1995,19,13,979.0,10.9,4,0,4,4,0,0,2,0,3.4,3.4,0.2,3.6,16,18,46,0.37,0.00,0.37,0.37,0.37,0.31,0.02,0.33,0.31,0.33,Matches
54,Sander Berge,noNOR,MF,Fulham,27-066,1998,26,22,1972.0,21.9,0,0,0,0,0,0,4,0,0.2,0.2,0.6,0.8,25,105,8,0.00,0.00,0.00,0.00,0.00,0.01,0.03,0.04,0.01,0.04,Matches
509,Sandro Tonali,itITA,MF,Newcastle Utd,24-348,2000,31,23,2180.0,24.2,3,2,5,3,0,0,5,0,3.5,3.5,1.0,4.5,32,96,43,0.12,0.08,0.21,0.12,0.21,0.15,0.04,0.19,0.15,0.19,Matches
73,Santiago Bueno,uyURU,DF,Wolves,26-163,1998,26,18,1671.0,18.6,0,0,0,0,0,0,2,0,0.4,0.4,0.0,0.4,1,28,1,0.00,0.00,0.00,0.00,0.00,0.02,0.00,0.02,0.02,0.02,Matches
308,Saša Lukić,rsSRB,MF,Fulham,28-251,1996,26,25,2034.0,22.6,0,2,2,0,0,0,12,0,0.9,0.9,2.6,3.5,37,83,28,0.00,0.09,0.09,0.00,0.09,0.04,0.11,0.16,0.04,0.16,Matches
307,Sean Longstaff,engENG,MF,Newcastle Utd,27-173,1997,24,8,797.0,8.9,0,0,0,0,0,0,2,0,0.6,0.6,0.2,0.8,4,40,22,0.00,0.00,0.00,0.00,0.00,0.07,0.02,0.09,0.07,0.09,Matches
127,Sepp van den Berg,nlNED,DF,Brentford,23-122,2001,26,24,2136.0,23.7,0,0,0,0,0,0,2,0,1.4,1.4,0.2,1.6,8,66,27,0.00,0.00,0.00,0.00,0.00,0.06,0.01,0.07,0.06,0.07,Matches
425,Sergio Reguilón,esESP,DF,Tottenham,28-126,1996,3,0,123.0,1.4,0,0,0,0,0,0,2,0,0.1,0.1,0.0,0.1,4,12,10,0.00,0.00,0.00,0.00,0.00,0.05,0.02,0.07,0.05,0.07,Matches
323,Solly March,engENG,"FW,MF",Brighton,30-275,1994,7,0,106.0,1.2,0,0,0,0,0,0,2,0,0.1,0.1,0.3,0.3,2,1,14,0.00,0.00,0.00,0.00,0.00,0.06,0.23,0.29,0.06,0.29,Matches
234,Son Heung-min,krKOR,FW,Tottenham,32-287,1992,28,23,2004.0,22.3,7,9,16,6,1,2,1,0,7.0,5.4,8.2,13.7,87,104,259,0.31,0.40,0.72,0.27,0.67,0.31,0.37,0.68,0.24,0.61,Matches
395,Stefan Ortega,deGER,GK,Manchester City,32-166,1992,12,11,1010.0,11.2,0,0,0,0,0,0,1,0,0.0,0.0,0.0,0.0,0,0,0,0.00,0.00,0.00,0.00,0.00,0.00,0.00,0.00,0.00,0.00,Matches
330,Stephy Mavididi,engENG,FW,Leicester City,26-325,1998,30,16,1615.0,17.9,4,1,5,4,0,0,2,0,1.8,1.8,2.6,4.4,91,57,138,0.22,0.06,0.28,0.22,0.28,0.10,0.15,0.25,0.10,0.25,Matches
63,Sven Botman,nlNED,DF,Newcastle Utd,25-099,2000,3,3,224.0,2.5,0,0,0,0,0,0,1,0,0.0,0.0,0.0,0.0,0,3,0,0.00,0.00,0.00,0.00,0.00,0.01,0.00,0.01,0.01,0.01,Matches
451,Sávio,brBRA,"FW,MF",Manchester City,21-011,2004,27,21,1734.0,19.3,1,8,9,1,0,0,3,0,4.9,4.9,6.8,11.6,133,66,239,0.05,0.42,0.47,0.05,0.47,0.25,0.35,0.60,0.25,0.60,Matches
104,Séamus Coleman,ieIRL,DF,Everton,36-192,1988,3,2,197.0,2.2,0,0,0,0,0,0,1,0,0.6,0.6,0.0,0.6,1,8,2,0.00,0.00,0.00,0.00,0.00,0.26,0.00,0.26,0.26,0.26,Matches
38,Taiwo Awoniyi,ngNGA,FW,Nott'ham Forest,27-252,1997,23,3,363.0,4.0,1,0,1,1,0,0,0,0,2.1,2.1,0.1,2.2,6,7,19,0.25,0.00,0.25,0.25,0.25,0.52,0.03,0.55,0.52,0.55,Matches
293,Tariq Lamptey,ghGHA,DF,Brighton,24-203,2000,13,9,765.0,8.5,2,2,4,2,0,0,0,0,0.4,0.4,0.8,1.2,25,12,40,0.24,0.24,0.47,0.24,0.47,0.05,0.09,0.14,0.05,0.14,Matches
226,Taylor Harwood-Bellis,engENG,DF,Southampton,23-081,2002,30,28,2474.0,27.5,1,0,1,1,0,0,8,0,1.7,1.7,1.0,2.7,28,112,8,0.04,0.00,0.04,0.04,0.04,0.06,0.04,0.10,0.06,0.10,Matches
501,Thiago,brBRA,FW,Brentford,23-299,2001,4,1,132.0,1.5,0,0,0,0,0,0,0,0,0.1,0.1,0.1,0.2,3,2,4,0.00,0.00,0.00,0.00,0.00,0.07,0.05,0.11,0.07,0.11,Matches
403,Thomas Partey,ghGHA,"MF,DF",Arsenal,31-312,1993,30,26,2347.0,26.1,4,2,6,4,0,0,4,0,2.0,2.0,1.9,4.0,30,156,43,0.15,0.08,0.23,0.15,0.23,0.08,0.07,0.15,0.08,0.15,Matches
246,Tim Iroegbunam,engENG,MF,Everton,21-295,2003,16,5,566.0,6.3,0,1,1,0,0,0,4,0,0.2,0.2,0.2,0.4,8,14,9,0.00,0.16,0.16,0.00,0.16,0.04,0.03,0.07,0.04,0.07,Matches
545,Timo Werner,deGER,"FW,MF",Tottenham,29-046,1996,18,4,516.0,5.7,0,3,3,0,0,0,0,0,1.0,1.0,2.5,3.5,42,30,89,0.00,0.52,0.52,0.00,0.52,0.17,0.44,0.61,0.17,0.61,Matches
90,Timothy Castagne,beBEL,DF,Fulham,29-137,1995,23,17,1625.0,18.1,0,1,1,0,0,0,1,0,0.4,0.4,1.2,1.6,17,61,67,0.00,0.06,0.06,0.00,0.06,0.02,0.07,0.09,0.02,0.09,Matches
106,Toby Collyer,engENG,MF,Manchester Utd,21-108,2004,6,0,179.0,2.0,0,0,0,0,0,0,0,0,0.2,0.2,0.3,0.4,0,5,2,0.00,0.00,0.00,0.00,0.00,0.09,0.13,0.22,0.09,0.22,Matches
80,Tom Cairney,sctSCO,MF,Fulham,34-091,1991,21,2,489.0,5.4,1,0,1,1,0,0,3,1,0.2,0.2,0.8,1.0,13,47,29,0.18,0.00,0.18,0.18,0.18,0.04,0.14,0.18,0.04,0.18,Matches
148,Tommy Doyle,engENG,MF,Wolves,23-186,2001,24,3,488.0,5.4,0,1,1,0,0,0,1,0,0.6,0.6,0.5,1.1,6,40,4,0.00,0.18,0.18,0.00,0.18,0.10,0.09,0.20,0.10,0.20,Matches
478,Tomáš Souček,czCZE,MF,West Ham,30-053,1995,30,25,2161.0,24.0,7,1,8,7,0,0,8,0,5.3,5.3,1.0,6.3,6,66,58,0.29,0.04,0.33,0.29,0.33,0.22,0.04,0.26,0.22,0.26,Matches
202,Toti Gomes,ptPOR,DF,Wolves,26-095,1999,26,25,2164.0,24.0,0,1,1,0,0,0,5,0,0.7,0.7,0.9,1.6,21,64,12,0.00,0.04,0.04,0.00,0.04,0.03,0.04,0.07,0.03,0.07,Matches
91,Trevoh Chalobah,engENG,DF,Crystal Palace,25-290,1999,12,12,1060.0,11.8,3,0,3,3,0,0,1,0,1.2,1.2,0.4,1.6,11,34,6,0.25,0.00,0.25,0.25,0.25,0.10,0.03,0.14,0.10,0.14,Matches
92,Trevoh Chalobah,engENG,DF,Chelsea,25-290,1999,10,8,656.0,7.3,0,1,1,0,0,0,1,0,0.7,0.7,1.2,1.9,3,29,2,0.00,0.14,0.14,0.00,0.14,0.10,0.16,0.26,0.10,0.26,Matches
133,Tyler Dibling,engENG,"FW,MF",Southampton,19-040,2006,29,18,1684.0,18.7,2,0,2,2,0,0,6,0,2.5,2.5,1.5,4.1,67,59,90,0.11,0.00,0.11,0.11,0.11,0.14,0.08,0.22,0.14,0.22,Matches
319,Tyrell Malacia,nlNED,DF,Manchester Utd,25-247,1999,3,2,100.0,1.1,0,0,0,0,0,0,1,0,0.0,0.0,0.0,0.0,3,3,6,0.00,0.00,0.00,0.00,0.00,0.00,0.03,0.03,0.00,0.03,Matches
349,Tyrick Mitchell,engENG,DF,Crystal Palace,25-232,1999,33,33,2762.0,30.7,0,4,4,0,0,0,2,0,1.2,1.2,5.6,6.8,55,59,153,0.00,0.13,0.13,0.00,0.13,0.04,0.18,0.22,0.04,0.22,Matches
195,Tyrique George,engENG,FW,Chelsea,19-076,2006,6,0,102.0,1.1,1,1,2,1,0,0,1,0,0.2,0.2,0.7,0.9,9,2,17,0.88,0.88,1.76,0.88,1.76,0.18,0.63,0.81,0.18,0.81,Matches
347,Tyrone Mings,engENG,DF,Aston Villa,32-039,1993,13,11,1051.0,11.7,0,0,0,0,0,0,1,0,0.8,0.8,0.2,1.0,6,39,0,0.00,0.00,0.00,0.00,0.00,0.07,0.02,0.09,0.07,0.09,Matches
306,Valentino Livramento,engENG,DF,Newcastle Utd,22-160,2002,32,27,2390.0,26.6,0,1,1,0,0,0,1,0,0.2,0.2,2.3,2.6,68,129,85,0.00,0.04,0.04,0.00,0.04,0.01,0.09,0.10,0.01,0.10,Matches
56,Victor Bernth Kristiansen,dkDEN,DF,Leicester City,22-126,2002,28,28,2380.0,26.4,0,1,1,0,0,0,1,0,0.3,0.3,1.4,1.7,39,69,75,0.00,0.04,0.04,0.00,0.04,0.01,0.05,0.06,0.01,0.06,Matches
304,Victor Lindelöf,seSWE,DF,Manchester Utd,30-278,1994,11,4,445.0,4.9,0,0,0,0,0,0,1,0,0.0,0.0,0.1,0.1,1,7,1,0.00,0.00,0.00,0.00,0.00,0.00,0.02,0.02,0.00,0.02,Matches
524,Virgil van Dijk,nlNED,DF,Liverpool,33-287,1991,33,33,2970.0,33.0,2,1,3,2,0,0,3,0,1.9,1.9,0.7,2.6,18,172,6,0.06,0.03,0.09,0.06,0.09,0.06,0.02,0.08,0.06,0.08,Matches
367,Vitaliy Mykolenko,uaUKR,DF,Everton,25-327,1999,30,30,2632.0,29.2,0,1,1,0,0,0,2,0,0.4,0.4,1.5,1.9,29,99,75,0.00,0.03,0.03,0.00,0.03,0.01,0.05,0.07,0.01,0.07,Matches
252,Vitaly Janelt,deGER,MF,Brentford,26-346,1998,32,27,2254.0,25.0,1,3,4,1,0,0,3,0,0.8,0.8,2.2,3.0,17,80,38,0.04,0.12,0.16,0.04,0.16,0.03,0.09,0.12,0.03,0.12,Matches
110,Vladimír Coufal,czCZE,DF,West Ham,32-242,1992,17,9,860.0,9.6,0,0,0,0,0,0,4,0,0.2,0.2,0.6,0.8,14,32,24,0.00,0.00,0.00,0.00,0.00,0.02,0.06,0.09,0.02,0.09,Matches
164,Wataru Endo,jpJPN,MF,Liverpool,32-071,1993,16,0,154.0,1.7,0,0,0,0,0,0,0,0,0.0,0.0,0.0,0.0,0,9,1,0.00,0.00,0.00,0.00,0.00,0.00,0.01,0.01,0.00,0.01,Matches
544,Welington,brBRA,"DF,MF",Southampton,24-061,2001,7,3,215.0,2.4,0,0,0,0,0,0,1,0,0.0,0.0,0.0,0.1,3,6,10,0.00,0.00,0.00,0.00,0.00,0.02,0.01,0.03,0.02,0.03,Matches
77,Wes Burns,wlsWAL,"FW,DF",Ipswich Town,30-149,1994,18,12,926.0,10.3,0,1,1,0,0,0,1,0,0.5,0.5,1.6,2.2,38,8,65,0.00,0.10,0.10,0.00,0.10,0.05,0.16,0.21,0.05,0.21,Matches
183,Wesley Fofana,frFRA,DF,Chelsea,24-125,2000,14,14,1172.0,13.0,0,0,0,0,0,0,7,0,0.4,0.4,0.4,0.8,19,32,4,0.00,0.00,0.00,0.00,0.00,0.03,0.03,0.07,0.03,0.06,Matches
369,Wilfred Ndidi,ngNGA,MF,Leicester City,28-126,1996,24,24,1967.0,21.9,0,4,4,0,0,0,7,0,1.8,1.8,1.8,3.6,14,59,72,0.00,0.18,0.18,0.00,0.18,0.08,0.08,0.17,0.08,0.17,Matches
240,Will Hughes,engENG,MF,Crystal Palace,30-004,1995,28,21,1841.0,20.5,0,3,3,0,0,0,11,0,1.0,1.0,2.7,3.7,18,82,24,0.00,0.15,0.15,0.00,0.15,0.05,0.13,0.18,0.05,0.18,Matches
444,William Saliba,frFRA,DF,Arsenal,24-028,2001,31,31,2724.0,30.3,2,0,2,2,0,0,2,1,2.2,2.2,0.9,3.0,16,131,6,0.07,0.00,0.07,0.07,0.07,0.07,0.03,0.10,0.07,0.10,Matches
471,William Smallbone,ieIRL,MF,Southampton,25-059,2000,14,6,612.0,6.8,1,0,1,1,0,0,1,0,0.4,0.4,0.6,1.1,5,23,21,0.15,0.00,0.15,0.15,0.15,0.06,0.09,0.16,0.06,0.16,Matches
550,Willian,brBRA,"MF,FW",Fulham,36-255,1988,7,1,161.0,1.8,0,0,0,0,0,0,0,0,0.1,0.1,0.2,0.4,5,27,17,0.00,0.00,0.00,0.00,0.00,0.07,0.13,0.20,0.07,0.20,Matches
62,Willy Boly,ciCIV,DF,Nott'ham Forest,34-077,1991,6,1,150.0,1.7,0,0,0,0,0,0,1,0,0.1,0.1,0.0,0.1,0,2,0,0.00,0.00,0.00,0.00,0.00,0.04,0.00,0.04,0.04,0.04,Matches
386,Wilson Odobert,frFRA,FW,Tottenham,20-144,2004,10,5,450.0,5.0,0,0,0,0,0,0,0,0,0.7,0.7,0.1,0.8,30,18,40,0.00,0.00,0.00,0.00,0.00,0.13,0.03,0.16,0.13,0.16,Matches
173,Wout Faes,beBEL,DF,Leicester City,27-018,1998,29,25,2365.0,26.3,1,0,1,1,0,0,3,0,1.4,1.4,0.1,1.5,12,72,1,0.04,0.00,0.04,0.04,0.04,0.05,0.00,0.06,0.05,0.06,Matches
111,Woyo Coulibaly,frFRA,DF,Leicester City,25-336,1999,4,1,109.0,1.2,0,0,0,0,0,0,1,0,0.0,0.0,0.0,0.0,4,3,2,0.00,0.00,0.00,0.00,0.00,0.04,0.00,0.04,0.04,0.04,Matches
348,Yankuba Minteh,gmGAM,"FW,MF",Brighton,20-273,2004,27,16,1470.0,16.3,5,4,9,5,0,0,6,0,3.7,3.7,4.7,8.4,63,35,154,0.31,0.24,0.55,0.31,0.55,0.23,0.29,0.52,0.23,0.52,Matches
39,Yasin Ayari,seSWE,MF,Brighton,21-197,2003,29,18,1647.0,18.3,0,1,1,0,0,0,3,0,2.2,2.2,2.1,4.3,27,65,56,0.00,0.05,0.05,0.00,0.05,0.12,0.12,0.23,0.12,0.23,Matches
357,Yerson Mosquera,coCOL,DF,Wolves,23-354,2001,5,5,441.0,4.9,0,0,0,0,0,0,2,0,0.3,0.3,0.1,0.4,0,7,0,0.00,0.00,0.00,0.00,0.00,0.07,0.02,0.09,0.07,0.09,Matches
556,Yoane Wissa,cdCOD,FW,Brentford,28-230,1996,30,29,2470.0,27.4,16,3,19,16,0,0,2,0,14.9,14.9,1.8,16.7,48,56,131,0.58,0.11,0.69,0.58,0.69,0.54,0.07,0.61,0.54,0.61,Matches
503,Youri Tielemans,beBEL,MF,Aston Villa,27-349,1997,33,33,2825.0,31.4,2,7,9,2,0,1,4,0,3.0,2.3,6.8,9.0,35,221,42,0.06,0.22,0.29,0.06,0.29,0.10,0.22,0.31,0.07,0.29,Matches
489,Yukinari Sugawara,jpJPN,"DF,MF",Southampton,24-297,2000,29,15,1467.0,16.3,1,1,2,1,0,0,4,0,0.5,0.5,2.2,2.7,32,68,76,0.06,0.06,0.12,0.06,0.12,0.03,0.14,0.17,0.03,0.17,Matches
59,Yves Bissouma,mlMLI,MF,Tottenham,28-234,1996,24,15,1210.0,13.4,2,0,2,2,0,0,7,0,0.6,0.6,0.3,0.9,15,71,3,0.15,0.00,0.15,0.15,0.15,0.04,0.02,0.06,0.04,0.06,Matches
355,Álex Moreno,esESP,"DF,MF",Nott'ham Forest,31-317,1993,15,11,955.0,10.6,0,1,1,0,0,0,2,0,0.2,0.2,1.3,1.4,26,34,34,0.00,0.09,0.09,0.00,0.09,0.02,0.12,0.13,0.02,0.13,Matches
218,İlkay Gündoğan,deGER,MF,Manchester City,34-179,1990,29,21,1877.0,20.9,0,5,5,0,0,0,1,0,2.7,2.7,2.7,5.5,54,113,80,0.00,0.24,0.24,0.00,0.24,0.13,0.13,0.26,0.13,0.26,Matches
172,Łukasz Fabiański,plPOL,GK,West Ham,40-003,1985,13,12,1070.0,11.9,0,0,0,0,0,0,2,0,0.0,0.0,0.0,0.0,0,0,0,0.00,0.00,0.00,0.00,0.00,0.00,0.00,0.00,0.00,0.00,Matches
